Date,XOM,COP,FCX,NEM,ADM,SPY,CPER,DBA,GLD,USO,^IRX
2016-01-04,49.0023078918457,33.74831008911133,5.899162769317627,14.377485275268555,26.0594539642334,169.4715576171875,13.859999656677246,17.54429817199707,102.88999938964844,87.83999633789062,0.1550000011920929
2016-01-05,49.41984176635742,34.122642517089844,6.043265342712402,14.36188793182373,26.350299835205078,169.75819396972656,13.859999656677246,17.43255043029785,103.18000030517578,85.27999877929688,0.20499999821186066
2016-01-06,49.0086669921875,32.646873474121094,5.55692195892334,14.471040725708008,25.71043586730957,167.61683654785156,13.90999984741211,17.31220817565918,104.66999816894531,80.87999725341797,0.20499999821186066
2016-01-07,48.224205017089844,31.718217849731445,5.0525665283203125,14.704951286315918,25.09967613220215,163.59539794921875,13.449999809265137,17.243438720703125,106.1500015258789,79.19999694824219,0.1899999976158142
2016-01-08,47.249969482421875,31.163904190063477,4.872438430786133,14.042217254638672,25.005146026611328,161.79971313476562,13.4399995803833,17.303611755371094,105.68000030517578,78.4000015258789,0.1899999976158142
2016-01-11,46.617366790771484,29.60176658630371,3.881739854812622,13.26252555847168,24.837909698486328,161.9599151611328,13.170000076293945,17.045732498168945,104.73999786376953,74.0,0.17499999701976776
2016-01-12,47.572608947753906,28.97545623779297,3.7016122341156006,13.26252555847168,24.917896270751953,163.2666473388672,13.0600004196167,17.148887634277344,104.20999908447266,73.36000061035156,0.20999999344348907
2016-01-13,47.857295989990234,28.075597763061523,3.368377685546875,13.628981590270996,24.336217880249023,159.1946563720703,12.989999771118164,17.191864013671875,104.72000122070312,72.72000122070312,0.2150000035762787
2016-01-14,50.052459716796875,29.695348739624023,3.782670259475708,13.465245246887207,24.256235122680664,161.80813598632812,13.130000114440918,17.183269500732422,103.0199966430664,73.83999633789062,0.23999999463558197
2016-01-15,49.07823944091797,28.334753036499023,3.9177651405334473,13.800511360168457,22.911087036132812,158.3347625732422,12.970000267028809,17.16607666015625,104.08000183105469,70.31999969482422,0.22300000488758087
2016-01-19,48.33174514770508,26.203882217407227,3.5665175914764404,12.716742515563965,22.18398666381836,158.5454864501953,14.390000343322754,17.25203514099121,103.9800033569336,67.91999816894531,0.23000000417232513
2016-01-20,46.29473114013672,25.01607894897461,3.6655867099761963,12.911663055419922,22.751123428344727,156.51377868652344,13.239999771118164,17.0113525390625,105.37000274658203,65.91999816894531,0.2529999911785126
2016-01-21,46.87672805786133,26.571043014526367,3.899752140045166,13.013028144836426,23.209203720092773,157.3905487060547,13.210000038146973,17.20046043395996,105.48999786376953,68.4800033569336,0.27300000190734863
2016-01-22,48.439300537109375,27.118144989013672,3.548504590988159,13.005229949951172,24.161712646484375,160.61949157714844,13.350000381469727,17.303611755371094,105.0,74.16000366210938,0.2879999876022339
2016-01-25,46.80082321166992,24.620128631591797,3.548504590988159,13.777124404907227,23.580020904541016,158.19140625,13.279999732971191,17.27782440185547,106.08000183105469,68.31999969482422,0.2750000059604645
2016-01-26,48.52151870727539,25.448001861572266,3.782670259475708,14.424263954162598,24.452545166015625,160.34967041015625,13.470000267028809,17.303611755371094,107.29000091552734,71.76000213623047,0.30000001192092896
2016-01-27,47.629554748535156,26.067115783691406,4.187954425811768,15.157174110412598,24.532529830932617,158.6045379638672,13.619999885559082,17.27782440185547,107.69000244140625,73.44000244140625,0.30000001192092896
2016-01-28,48.704994201660156,27.37010955810547,3.9808096885681152,15.227346420288086,25.230552673339844,159.4307403564453,13.619999885559082,17.217655181884766,106.54000091552734,77.5999984741211,0.3179999887943268
2016-01-29,49.24905014038086,28.133190155029297,4.1429219245910645,15.56261157989502,25.703161239624023,163.31724548339844,13.619999885559082,17.183269500732422,106.94999694824219,77.19999694824219,0.30000001192092896
2016-02-01,48.26216506958008,27.78763771057129,4.269011974334717,16.022624969482422,25.78314971923828,163.25820922851562,13.720000267028809,17.26063346862793,108.05000305175781,72.16000366210938,0.29499998688697815
2016-02-02,47.18671417236328,26.340662002563477,3.9177651405334473,15.648384094238281,23.529123306274414,160.31590270996094,13.5600004196167,17.23484230041504,108.08999633789062,68.55999755859375,0.33000001311302185
2016-02-03,49.64759063720703,27.80923843383789,4.368083477020264,17.418272018432617,24.31440544128418,161.27703857421875,13.5600004196167,17.303611755371094,109.25,74.72000122070312,0.3330000042915344
2016-02-04,50.501625061035156,25.426416397094727,5.151635646820068,18.22915267944336,24.903352737426758,161.52996826171875,14.09000015258789,17.217655181884766,110.56999969482422,72.95999908447266,0.28299999237060547
2016-02-05,50.65977096557617,23.68428611755371,5.115610599517822,19.03223419189453,24.772470474243164,158.4528045654297,13.850000381469727,17.123096466064453,112.31999969482422,71.27999877929688,0.27799999713897705
2016-02-08,51.34299087524414,24.78571319580078,4.746349334716797,19.640390396118164,24.21260643005371,156.31983947753906,13.890000343322754,17.00275421142578,113.83000183105469,69.12000274658203,0.25999999046325684
2016-02-09,51.11956787109375,24.173809051513672,4.503177165985107,18.94646453857422,24.41619873046875,156.32827758789062,13.510000228881836,16.942581176757812,113.58000183105469,65.44000244140625,0.30000001192092896
2016-02-10,50.653564453125,23.281150817871094,4.485165596008301,18.95426368713379,24.125356674194336,156.19342041015625,13.220000267028809,16.95117950439453,114.45999908447266,63.68000030517578,0.2980000078678131
2016-02-11,50.81315231323242,23.128795623779297,4.404106616973877,19.523439407348633,23.20817756652832,154.16162109375,13.380000114440918,16.873815536499023,119.05999755859375,63.91999816894531,0.27300000190734863
2016-02-12,51.72600173950195,23.868803024291992,4.980515003204346,20.100406646728516,23.809844970703125,157.3399200439453,13.489999771118164,16.93398666381836,118.36000061035156,66.63999938964844,0.27000001072883606
2016-02-16,51.847293853759766,23.767229080200195,5.7370500564575195,19.149187088012695,24.668317794799805,159.99560546875,13.489999771118164,17.071523666381836,114.7699966430664,66.4800033569336,0.27300000190734863
2016-02-17,52.34519958496094,24.60155487060547,6.448550224304199,19.36749839782715,24.506898880004883,162.6090545654297,13.829999923706055,17.114501953125,115.4800033569336,70.23999786376953,0.2930000126361847
2016-02-18,52.63247299194336,24.44919204711914,6.439545154571533,19.546833038330078,24.87377166748047,161.9430694580078,13.819999694824219,17.071523666381836,118.29000091552734,69.27999877929688,0.2879999876022339
2016-02-19,52.66439437866211,23.847036361694336,6.232397556304932,19.36749839782715,23.95659828186035,161.86720275878906,13.789999961853027,17.00275421142578,117.58000183105469,68.4000015258789,0.28299999237060547
2016-02-22,52.59416961669922,24.993318557739258,7.142041206359863,19.585819244384766,24.793062210083008,164.2108612060547,14.140000343322754,17.140289306640625,115.48999786376953,71.27999877929688,0.2930000126361847
2016-02-23,51.85368347167969,23.883310317993164,6.520601749420166,19.796329498291016,24.793062210083008,162.13697814941406,14.0600004196167,17.183269500732422,117.22000122070312,67.83999633789062,0.3179999887943268
2016-02-24,52.038795471191406,23.912321090698242,6.4845757484436035,19.944469451904297,24.837080001831055,162.8788299560547,14.119999885559082,17.22624969482422,117.61000061035156,68.72000122070312,0.3149999976158142
2016-02-25,52.35159683227539,23.984886169433594,6.412524700164795,20.154983520507812,25.40205955505371,164.85162353515625,13.84000015258789,17.20046043395996,117.91999816894531,70.4000015258789,0.3100000023841858
2016-02-26,52.18562316894531,24.75390625,6.691723346710205,19.76514434814453,25.526784896850586,164.47218322753906,14.100000381469727,17.16607666015625,117.11000061035156,70.23999786376953,0.30300000309944153
2016-02-29,51.16425704956055,24.54351043701172,6.871850967407227,20.13939094543457,25.651538848876953,163.18234252929688,14.09000015258789,17.16607666015625,118.63999938964844,72.0,0.30799999833106995
2016-03-01,51.88558578491211,25.00057601928711,6.988934516906738,19.796329498291016,26.0330753326416,167.01828002929688,14.289999961853027,17.123096466064453,117.7699966430664,73.19999694824219,0.3199999928474426
2016-03-02,52.79205322265625,26.47333335876465,8.078702926635742,20.459068298339844,26.28989028930664,167.76858520507812,14.460000038146973,17.174671173095703,118.68000030517578,74.4000015258789,0.30300000309944153
2016-03-03,52.600555419921875,27.975109100341797,8.204788208007812,20.911283493041992,27.02362632751465,168.42613220214844,14.680000305175781,17.303611755371094,120.7300033569336,74.0,0.2630000114440918
2016-03-04,52.53034591674805,29.832372665405273,8.77219009399414,20.357704162597656,27.625286102294922,168.97415161132812,14.989999771118164,17.501317977905273,120.54000091552734,77.19999694824219,0.26499998569488525
2016-03-07,53.91557312011719,30.0355167388916,8.880266189575195,20.685176849365234,27.251079559326172,169.1090545654297,15.149999618530273,17.49272346496582,121.13999938964844,80.87999725341797,0.26499998569488525
2016-03-08,52.74737548828125,28.018638610839844,7.799504280090332,20.20520782470703,26.436628341674805,167.26272583007812,14.779999732971191,17.54429817199707,120.58000183105469,77.19999694824219,0.3050000071525574
2016-03-09,52.600555419921875,28.33058738708496,8.240814208984375,20.400318145751953,26.458650588989258,168.08897399902344,14.90999984741211,17.561491012573242,119.58000183105469,81.19999694824219,0.2879999876022339
2016-03-10,52.460113525390625,28.316082000732422,8.64610481262207,21.344635009765625,26.245861053466797,168.2238006591797,14.729999542236328,17.72481346130371,121.5,80.31999969482422,0.30300000309944153
2016-03-11,52.466522216796875,29.39706802368164,8.601069450378418,20.82175064086914,26.8548583984375,170.93849182128906,14.90999984741211,17.896732330322266,119.41000366210938,81.5199966430664,0.30799999833106995
2016-03-14,52.60694122314453,29.027063369750977,8.979338645935059,20.392518997192383,26.935575485229492,170.71926879882812,14.9399995803833,17.999881744384766,117.87000274658203,79.04000091552734,0.30799999833106995
2016-03-15,52.86867141723633,28.896484375,8.348894119262695,20.579818725585938,26.825511932373047,170.4411163330078,14.920000076293945,17.982688903808594,117.95999908447266,77.5999984741211,0.32499998807907104
2016-03-16,52.90058517456055,30.376487731933594,9.204495429992676,21.500717163085938,27.48588752746582,171.4274139404297,15.09000015258789,18.06865119934082,120.58999633789062,81.44000244140625,0.30000001192092896
2016-03-17,53.68576431274414,31.20355796813965,9.816926002502441,21.430482864379883,28.028850555419922,172.51498413085938,15.300000190734863,18.180397033691406,120.12999725341797,84.4000015258789,0.2750000059604645
2016-03-18,53.74959182739258,31.210811614990234,9.690840721130371,21.68802261352539,27.933467864990234,173.1929168701172,15.329999923706055,18.12882423400879,119.80000305175781,83.83999633789062,0.2800000011920929
2016-03-21,53.37936019897461,30.891592025756836,9.726865768432617,21.68802261352539,28.006837844848633,173.43865966796875,15.289999961853027,18.094438552856445,118.95999908447266,84.72000122070312,0.2879999876022339
2016-03-22,53.69853973388672,30.412771224975586,9.897987365722656,21.375850677490234,27.59593963623047,173.345458984375,15.25,18.188993453979492,119.30999755859375,84.31999969482422,0.29499998688697815
2016-03-23,53.462345123291016,28.910995483398438,8.781196594238281,19.495023727416992,26.8548583984375,172.20147705078125,14.850000381469727,18.034265518188477,116.61000061035156,80.87999725341797,0.2930000126361847
2016-03-24,53.60915756225586,29.048831939697266,9.105422973632812,19.82280731201172,26.759475708007812,172.1251983642578,14.800000190734863,17.87094497680664,116.33000183105469,80.4800033569336,0.2750000059604645
2016-03-28,53.76236343383789,28.787660598754883,9.132445335388184,20.056934356689453,26.671436309814453,172.2268524169922,14.890000343322754,17.948305130004883,116.5999984741211,80.08000183105469,0.2549999952316284
2016-03-29,53.960243225097656,28.74412727355957,9.132445335388184,21.032468795776367,27.052974700927734,173.8199920654297,14.699999809265137,17.991287231445312,118.76000213623047,78.4000015258789,0.22499999403953552
2016-03-30,53.95389175415039,29.07785987854004,9.267542839050293,20.876379013061523,26.869535446166992,174.5825958251953,14.529999732971191,17.784984588623047,117.0999984741211,77.83999633789062,0.1850000023841858
2016-03-31,53.360198974609375,29.215696334838867,9.312570571899414,20.74370574951172,26.64208221435547,174.15896606445312,14.529999732971191,17.707622528076172,117.63999938964844,77.5999984741211,0.19300000369548798
2016-04-01,52.95802688598633,28.860204696655273,8.90728759765625,20.77492332458496,26.759475708007812,175.3453369140625,14.40999984741211,17.613065719604492,116.93000030517578,74.63999938964844,0.21799999475479126
2016-04-04,53.085716247558594,28.36686134338379,8.483987808227539,20.525192260742188,26.443973541259766,174.7775421142578,14.369999885559082,17.4239559173584,116.1500015258789,72.63999938964844,0.18299999833106995
2016-04-05,52.479278564453125,28.323339462280273,8.411934852600098,21.30561065673828,25.7615909576416,173.0319061279297,14.279999732971191,17.32939910888672,117.66000366210938,73.04000091552734,0.21799999475479126
2016-04-06,53.18145751953125,29.56393814086914,8.655108451843262,21.649005889892578,26.077102661132812,174.921630859375,14.210000038146973,17.346590042114258,116.94000244140625,76.80000305175781,0.2199999988079071
2016-04-07,52.58141326904297,29.244714736938477,7.970625877380371,21.820693969726562,26.209184646606445,172.82852172851562,13.789999961853027,17.243438720703125,118.61000061035156,76.08000183105469,0.2199999988079071
2016-04-08,53.11763381958008,29.91217613220215,8.40293025970459,22.71038055419922,26.48065948486328,173.2946014404297,13.869999885559082,17.441146850585938,118.43000030517578,80.23999786376953,0.21799999475479126
2016-04-11,53.18785095214844,29.883155822753906,8.790203094482422,24.279041290283203,26.41462516784668,172.8878631591797,13.90999984741211,17.31220817565918,120.02999877929688,82.23999786376953,0.20999999344348907
2016-04-12,53.84535217285156,31.53729248046875,9.393631935119629,23.904430389404297,27.02362632751465,174.49790954589844,14.3100004196167,17.406763076782227,120.05000305175781,85.12000274658203,0.23000000417232513
2016-04-13,54.151763916015625,31.61708641052246,9.744876861572266,23.006938934326172,27.251079559326172,176.2605438232422,14.489999771118164,17.47553062438965,118.7699966430664,84.08000183105469,0.22300000488758087
2016-04-14,54.5347900390625,32.08141326904297,9.66382122039795,22.382600784301758,26.8475284576416,176.2689971923828,14.529999732971191,17.466936111450195,117.11000061035156,83.83999633789062,0.2150000035762787
2016-04-15,54.24113464355469,31.70416259765625,9.780903816223145,22.921096801757812,27.368486404418945,176.0740966796875,14.390000343322754,17.656044006347656,117.91999816894531,82.0,0.20999999344348907
2016-04-18,54.75819396972656,32.647308349609375,9.925004959106445,22.9913387298584,27.669315338134766,177.31134033203125,14.489999771118164,17.759197235107422,117.73999786376953,81.36000061035156,0.1979999989271164
2016-04-19,55.03270721435547,34.14181900024414,10.816637992858887,24.122953414916992,28.050859451293945,177.87062072753906,14.829999923706055,17.982688903808594,119.58000183105469,83.5199966430664,0.2150000035762787
2016-04-20,55.40931701660156,34.15632629394531,11.131854057312012,23.763954162597656,28.520448684692383,178.04006958007812,14.8100004196167,18.197589874267578,118.97000122070312,86.08000183105469,0.21799999475479126
2016-04-21,55.402950286865234,33.53964614868164,10.375323295593262,25.121889114379883,28.13890838623047,177.0824737548828,14.989999771118164,18.034265518188477,119.41999816894531,85.76000213623047,0.22499999403953552
2016-04-22,55.87531661987305,34.54807662963867,10.510420799255371,24.3726863861084,29.070758819580078,177.0824737548828,15.010000228881836,17.664642333984375,117.88999938964844,86.08000183105469,0.22499999403953552
2016-04-25,55.74766540527344,33.56867218017578,10.222212791442871,24.279041290283203,28.806604385375977,176.77748107910156,14.890000343322754,17.896732330322266,118.2300033569336,84.4000015258789,0.23800000548362732
2016-04-26,55.93915939331055,34.88182067871094,10.3392972946167,24.95020294189453,29.15146827697754,177.04010009765625,14.890000343322754,18.103031158447266,118.69999694824219,86.4800033569336,0.24500000476837158
2016-04-27,56.468994140625,34.90358352661133,11.393038749694824,25.051652908325195,29.28354263305664,177.40452575683594,14.75,17.974096298217773,119.04000091552734,89.12000274658203,0.24500000476837158
2016-04-28,56.19450378417969,34.584354400634766,11.402048110961914,25.746238708496094,29.400951385498047,175.79441833496094,14.789999961853027,17.939714431762695,121.29000091552734,89.76000213623047,0.20999999344348907
2016-04-29,56.43070602416992,34.671424865722656,12.60890007019043,27.291475296020508,29.3055477142334,174.84536743164062,15.0600004196167,18.12022590637207,123.6500015258789,90.4000015258789,0.19300000369548798
2016-05-02,56.89668273925781,33.98946762084961,12.203612327575684,26.7998046875,29.54035186767578,176.23513793945312,15.039999961853027,18.137418746948242,123.23999786376953,88.4000015258789,0.1850000023841858
2016-05-03,56.24555969238281,32.705326080322266,10.816637992858887,26.401798248291016,28.68922233581543,174.7012939453125,14.729999542236328,17.948305130004883,122.95999908447266,85.91999816894531,0.2029999941587448
2016-05-04,56.13705825805664,31.49374771118164,10.627498626708984,25.246767044067383,28.410388946533203,173.72677612304688,14.510000228881836,18.02566909790039,122.20999908447266,86.31999969482422,0.1979999989271164
2016-05-05,56.20088195800781,31.34865379333496,10.16817569732666,25.644773483276367,27.9407958984375,173.69287109375,14.25,17.85375213623047,122.06999969482422,87.19999694824219,0.18299999833106995
2016-05-06,56.50090408325195,31.02216911315918,10.618489265441895,26.635915756225586,28.028850555419922,174.32843017578125,14.220000267028809,17.948305130004883,123.18000030517578,87.68000030517578,0.18000000715255737
2016-05-09,56.539222717285156,30.21689224243164,9.474686622619629,24.840946197509766,27.68399429321289,174.47251892089844,14.220000267028809,17.939714431762695,120.6500015258789,85.44000244140625,0.2029999941587448
2016-05-10,57.44567108154297,31.101980209350586,9.780903816223145,25.777450561523438,28.17559814453125,176.64186096191406,13.869999885559082,18.21478271484375,120.9800033569336,87.91999816894531,0.24300000071525574
2016-05-11,57.168880462646484,31.689651489257812,10.456377983093262,26.440820693969727,27.852746963500977,174.98947143554688,13.869999885559082,18.292144775390625,122.12000274658203,90.72000122070312,0.24799999594688416
2016-05-12,57.72246551513672,31.725914001464844,9.934011459350586,25.917926788330078,28.278331756591797,175.0402374267578,13.8100004196167,18.369510650634766,121.16000366210938,91.5999984741211,0.257999986410141
2016-05-13,57.07234191894531,31.210811614990234,9.375615119934082,26.589094161987305,27.61060905456543,173.514892578125,13.899999618530273,18.283550262451172,121.70999908447266,90.95999908447266,0.257999986410141
2016-05-16,57.65810012817383,31.97982406616211,9.943017959594727,27.642663955688477,27.8472957611084,175.22671508789062,13.869999885559082,18.395294189453125,121.80000305175781,94.08000183105469,0.257999986410141
2016-05-17,57.63235092163086,31.762187957763672,10.366318702697754,27.744121551513672,27.728960037231445,173.5912322998047,13.75,18.455467224121094,122.22000122070312,95.36000061035156,0.2680000066757202
2016-05-18,57.5164794921875,31.62355613708496,9.492698669433594,26.15985870361328,27.743755340576172,173.6420440673828,13.770000457763672,18.369510650634766,120.0999984741211,93.5999984741211,0.27000001072883606
2016-05-19,58.00572967529297,31.63814926147461,9.888978004455566,26.64371681213379,28.379837036132812,173.04039001464844,13.699999809265137,18.094438552856445,119.87000274658203,94.31999969482422,0.28999999165534973
2016-05-20,57.76751708984375,31.798662185668945,9.979043960571289,26.323753356933594,29.459705352783203,174.1335906982422,13.609999656677246,18.15460777282715,119.70999908447266,94.0,0.2980000078678131
2016-05-23,57.677398681640625,31.805980682373047,10.249234199523926,26.401798248291016,29.910879135131836,173.89625549316406,13.5600004196167,17.939714431762695,119.37000274658203,93.27999877929688,0.31299999356269836
2016-05-24,57.72246551513672,31.711118698120117,10.006062507629395,24.770702362060547,31.10169792175293,176.15036010742188,13.710000038146973,17.905324935913086,117.30000305175781,94.55999755859375,0.34299999475479126
2016-05-25,58.1023063659668,32.76183319091797,10.492405891418457,25.270177841186523,31.41974449157715,177.34519958496094,13.9399995803833,18.111631393432617,116.9800033569336,96.23999786376953,0.3149999976158142
2016-05-26,57.80616760253906,32.63777542114258,10.213208198547363,25.324810028076172,31.85613441467285,177.3960418701172,13.989999771118164,18.30933380126953,116.58000183105469,95.5999984741211,0.2750000059604645
2016-05-27,57.94132995605469,32.34592056274414,10.0330810546875,24.942398071289062,31.974464416503906,178.15869140625,13.960000038146973,18.40389060974121,115.62000274658203,95.83999633789062,0.2980000078678131
2016-05-31,57.30406188964844,31.951904296875,9.979043960571289,25.29358673095703,31.63424301147461,177.81973266601562,13.920000076293945,18.317934036254883,116.05999755859375,94.95999908447266,0.28299999237060547
2016-06-01,57.445682525634766,32.14890670776367,9.546736717224121,25.488691329956055,31.678617477416992,178.18417358398438,13.75,18.446870803833008,115.94000244140625,95.44000244140625,0.29499998688697815
2016-06-02,56.98863983154297,32.38240051269531,9.600775718688965,25.246767044067383,32.151981353759766,178.72647094726562,13.760000228881836,18.6789608001709,115.66999816894531,94.87999725341797,0.27000001072883606
2016-06-03,56.885643005371094,32.23648452758789,10.006062507629395,27.62705421447754,32.24812698364258,178.1925811767578,13.989999771118164,18.971221923828125,118.87999725341797,94.55999755859375,0.27000001072883606
2016-06-06,57.51005172729492,33.21420669555664,10.492405891418457,27.650468826293945,32.299903869628906,179.0993194580078,14.039999961853027,19.19471549987793,118.91999816894531,96.31999969482422,0.25
2016-06-07,58.3919563293457,34.68812942504883,10.123143196105957,27.29513168334961,32.292503356933594,179.37899780273438,13.640000343322754,19.297868728637695,118.81999969482422,97.76000213623047,0.26499998569488525
2016-06-08,58.443450927734375,34.65165328979492,10.429359436035156,27.630950927734375,32.41085433959961,179.9636993408203,13.640000343322754,19.73625946044922,120.58000183105469,99.44000244140625,0.23499999940395355
2016-06-09,58.36619186401367,33.980369567871094,9.816926002502441,28.037052154541016,32.41825866699219,179.7179412841797,13.479999542236328,19.60732078552246,121.25,98.0,0.23999999463558197
2016-06-10,57.92203903198242,32.47727584838867,9.330582618713379,27.951148986816406,31.826541900634766,178.01463317871094,13.479999542236328,19.590131759643555,121.73999786376953,94.95999908447266,0.23999999463558197
2016-06-13,58.31470489501953,32.01758575439453,9.36661148071289,28.029247283935547,30.931583404541016,176.64186096191406,13.479999542236328,19.495574951171875,122.63999938964844,94.08000183105469,0.24500000476837158
2016-06-14,58.21170425415039,32.338623046875,9.195488929748535,27.45132064819336,30.90199089050293,176.29441833496094,13.479999542236328,19.51276397705078,122.7699966430664,93.83999633789062,0.2630000114440918
2016-06-15,58.03791809082031,31.89352798461914,9.906991004943848,28.30259132385254,31.1756591796875,176.0486602783203,13.869999885559082,19.478382110595703,123.68000030517578,91.76000213623047,0.2549999952316284
2016-06-16,58.72027587890625,31.492210388183594,9.708849906921387,27.810571670532227,31.10169792175293,176.5740966796875,13.869999885559082,19.383827209472656,122.37999725341797,89.12000274658203,0.24500000476837158
2016-06-17,58.39838790893555,32.214576721191406,10.0330810546875,27.841806411743164,31.293996810913086,175.91647338867188,13.649999618530273,19.572938919067383,123.94999694824219,93.27999877929688,0.24799999594688416
2016-06-20,58.65586471557617,32.60860824584961,10.402341842651367,27.591901779174805,31.39755630493164,177.0493621826172,13.819999694824219,19.349443435668945,123.20999908447266,95.27999877929688,0.24799999594688416
2016-06-21,58.919776916503906,32.688865661621094,10.456377983093262,27.2014217376709,31.020341873168945,177.55194091796875,13.979999542236328,19.065776824951172,120.83999633789062,95.12000274658203,0.26499998569488525
2016-06-22,58.68806457519531,32.097835540771484,10.35731029510498,27.89647674560547,31.064722061157227,177.26234436035156,14.119999885559082,18.936840057373047,120.9000015258789,93.91999816894531,0.2680000066757202
2016-06-23,59.09359359741211,33.29448318481445,10.600481986999512,27.638757705688477,31.589862823486328,179.57073974609375,14.25,18.997011184692383,120.11000061035156,95.83999633789062,0.2750000059604645
2016-06-24,57.542236328125,31.49950408935547,9.528725624084473,29.04450225830078,29.95526123046875,173.1224822998047,13.90999984741211,18.593002319335938,126.0,91.19999694824219,0.23800000548362732
2016-06-27,57.20106887817383,29.755617141723633,9.12343692779541,29.434995651245117,28.9493465423584,170.0219268798828,13.989999771118164,18.721940994262695,126.68000030517578,89.5199966430664,0.23499999940395355
2016-06-28,58.52070236206055,30.60931396484375,9.62779426574707,29.02888298034668,29.999643325805664,173.08839416503906,14.399999618530273,18.911048889160156,125.31999969482422,91.76000213623047,0.25999999046325684
2016-06-29,59.518463134765625,32.03946304321289,9.699845314025879,29.434995651245117,30.75406837463379,176.03573608398438,14.40999984741211,19.07437515258789,125.83999633789062,94.31999969482422,0.2549999952316284
2016-06-30,60.3424186706543,31.813268661499023,10.0330810546875,30.551799774169922,31.722990036010742,178.43785095214844,14.5,18.971221923828125,126.47000122070312,92.55999755859375,0.24799999594688416
2016-07-01,60.40678787231445,31.74759292602539,10.222212791442871,31.504587173461914,31.515888214111328,178.81263732910156,14.739999771118164,18.893856048583984,128.41000366210938,94.23999786376953,0.24300000071525574
2016-07-05,59.878944396972656,30.426918029785156,9.456670761108398,31.535823822021484,31.027732849121094,177.5264129638672,14.369999885559082,18.773513793945312,129.47000122070312,89.44000244140625,0.23800000548362732
2016-07-06,60.567726135253906,30.572839736938477,9.807923316955566,32.348045349121094,31.15346336364746,178.59117126464844,14.1899995803833,18.558618545532227,130.22999572753906,90.63999938964844,0.2630000114440918
2016-07-07,59.84032440185547,30.28827667236328,9.609779357910156,31.988786697387695,31.15346336364746,178.48043823242188,13.9399995803833,18.206186294555664,129.74000549316406,86.55999755859375,0.27000001072883606
2016-07-08,60.21368408203125,30.864696502685547,10.087118148803711,32.129371643066406,32.15937805175781,181.13803100585938,13.9399995803833,18.421085357666016,130.52000427246094,86.63999938964844,0.27300000190734863
2016-07-11,60.438987731933594,30.974143981933594,10.492405891418457,32.06689453125,31.922697067260742,181.77691650390625,14.199999809265137,18.49844741821289,129.2899932861328,85.19999694824219,0.2750000059604645
2016-07-12,61.12134552001953,31.959199905395508,11.61819839477539,31.207815170288086,32.018856048583984,183.09722900390625,14.619999885559082,18.515640258789062,127.1500015258789,89.5199966430664,0.29499998688697815
2016-07-13,61.076263427734375,31.280614852905273,11.672237396240234,31.926326751708984,31.878320693969727,183.07171630859375,14.800000190734863,18.6359806060791,128.32000732421875,86.0,0.2980000078678131
2016-07-14,61.12134552001953,31.390056610107422,11.663229942321777,32.504234313964844,32.15937805175781,184.09385681152344,14.710000038146973,18.721940994262695,127.33000183105469,86.95999908447266,0.30300000309944153
2016-07-15,61.23075485229492,31.33169937133789,11.807332038879395,32.277748107910156,32.50700759887695,183.84686279296875,15.029999732971191,18.343719482421875,126.83999633789062,87.91999816894531,0.2980000078678131
2016-07-18,61.03765106201172,31.163864135742188,11.83435344696045,32.51204299926758,32.7288932800293,184.3408966064453,14.8100004196167,18.489852905273438,127.04000091552734,86.55999755859375,0.2879999876022339
2016-07-19,60.812339782714844,30.580148696899414,11.212910652160645,32.324623107910156,32.15937805175781,184.15353393554688,14.920000076293945,18.103031158447266,127.20999908447266,85.5999984741211,0.3100000023841858
2016-07-20,60.46474838256836,30.667680740356445,11.077817916870117,30.684558868408203,32.09280776977539,184.92010498046875,14.859999656677246,17.88813591003418,125.38999938964844,85.83999633789062,0.3149999976158142
2016-07-21,60.413230895996094,30.12452507019043,11.591180801391602,31.64516830444336,32.09280776977539,184.22161865234375,14.869999885559082,17.81937026977539,127.30000305175781,83.91999816894531,0.30300000309944153
2016-07-22,60.5162239074707,29.91898536682129,11.411054611206055,32.23088836669922,32.336891174316406,185.04791259765625,14.619999885559082,17.81937026977539,126.3499984741211,83.36000061035156,0.30300000309944153
2016-07-25,59.35108947753906,29.53729820251465,11.149870872497559,31.34058952331543,32.24812698364258,184.54531860351562,14.710000038146973,17.879539489746094,125.47000122070312,81.04000091552734,0.2980000078678131
2016-07-26,58.919776916503906,29.941009521484375,11.420060157775879,32.12155532836914,32.447837829589844,184.63050842285156,14.699999809265137,17.810771942138672,126.0,80.63999938964844,0.30799999833106995
2016-07-27,58.52070236206055,29.41250991821289,11.76230239868164,33.05093002319336,32.470027923583984,184.4346160888672,14.5,17.74200439453125,128.02999877929688,79.19999694824219,0.28299999237060547
2016-07-28,58.06364440917969,29.55197525024414,11.654224395751953,33.32427215576172,33.2392463684082,184.6475830078125,14.59000015258789,17.587278366088867,127.66000366210938,77.36000061035156,0.2199999988079071
2016-07-29,57.25901412963867,29.96302604675293,11.672237396240234,34.362979888916016,33.342796325683594,184.9456787109375,14.609999656677246,17.699026107788086,128.97999572753906,78.08000183105469,0.23999999463558197
2016-08-01,55.26991271972656,29.074848175048828,11.239933013916016,34.48790740966797,32.72150421142578,184.79232788085938,14.579999923706055,17.656044006347656,129.22000122070312,75.27999877929688,0.23800000548362732
2016-08-02,56.02948760986328,29.206987380981445,11.167879104614258,35.81557083129883,32.13719177246094,183.60833740234375,14.489999771118164,17.595870971679688,130.27000427246094,74.63999938964844,0.2800000011920929
2016-08-03,56.319149017333984,29.588672637939453,11.1588773727417,35.15956115722656,32.492210388183594,184.1449737548828,14.550000190734863,17.673234939575195,129.64999389648438,77.5199966430664,0.2680000066757202
2016-08-04,56.3127326965332,29.434534072875977,11.095829010009766,35.07365417480469,32.3516845703125,184.3408966064453,14.550000190734863,17.750598907470703,129.8699951171875,78.72000122070312,0.24799999594688416
2016-08-05,56.36422348022461,29.801538467407227,11.01477336883545,34.698787689208984,32.8768310546875,185.8485870361328,14.220000267028809,17.982688903808594,127.55000305175781,78.87999725341797,0.25
2016-08-08,57.02724838256836,30.506221771240234,11.06881046295166,34.87059020996094,32.92859649658203,185.73789978027344,14.220000267028809,17.991287231445312,127.44000244140625,80.80000305175781,0.25
2016-08-09,57.09807205200195,30.27132225036621,10.888684272766113,35.14394760131836,32.82503890991211,185.8485870361328,14.210000038146973,17.913923263549805,127.95999908447266,80.55999755859375,0.2930000126361847
2016-08-10,56.098297119140625,29.801538467407227,10.825640678405762,35.58909606933594,32.77327346801758,185.38865661621094,14.399999618530273,17.802175521850586,128.55999755859375,78.16000366210938,0.27300000190734863
2016-08-11,56.29955291748047,30.381420135498047,10.906699180603027,35.479759216308594,32.492210388183594,186.24896240234375,14.40999984741211,17.72481346130371,127.66999816894531,81.68000030517578,0.2750000059604645
2016-08-12,57.03313446044922,30.366750717163086,10.645511627197266,35.276695251464844,32.59575653076172,186.087158203125,14.039999961853027,17.7935791015625,127.4000015258789,84.0,0.2630000114440918
2016-08-15,57.007179260253906,30.96129608154297,10.960735321044922,35.08146286010742,32.59575271606445,186.6237335205078,14.1899995803833,17.948305130004883,127.83999633789062,86.08000183105469,0.2750000059604645
2016-08-16,57.07857131958008,31.4604434967041,10.879676818847656,34.589447021484375,32.372352600097656,185.6612091064453,14.319999694824219,17.948305130004883,128.47000122070312,87.36000061035156,0.2879999876022339
2016-08-17,57.20193099975586,31.710025787353516,10.807628631591797,34.362979888916016,32.49150466918945,186.01048278808594,14.319999694824219,17.879539489746094,128.5,87.91999816894531,0.2879999876022339
2016-08-18,57.7213134765625,31.996288299560547,11.01477336883545,34.698787689208984,32.44682693481445,186.42787170410156,14.319999694824219,17.999881744384766,129.11000061035156,90.4000015258789,0.2849999964237213
2016-08-19,57.000694274902344,31.798093795776367,10.780610084533691,34.4957275390625,32.37979507446289,186.1553192138672,14.399999618530273,17.931116104125977,127.97000122070312,90.72000122070312,0.2930000126361847
2016-08-22,57.12403106689453,31.291624069213867,10.654518127441406,33.831912994384766,32.61810302734375,186.14674377441406,14.09000015258789,18.02566909790039,127.77999877929688,87.76000213623047,0.2800000011920929
2016-08-23,56.94874954223633,31.724693298339844,10.789612770080566,33.69912338256836,32.856414794921875,186.5215301513672,13.880000114440918,18.042861938476562,127.76000213623047,88.72000122070312,0.3050000071525574
2016-08-24,57.14350891113281,31.533851623535156,9.979043960571289,31.12190818786621,32.260650634765625,185.5675506591797,13.760000228881836,17.82796287536621,126.33999633789062,86.55999755859375,0.3050000071525574
2016-08-25,56.779964447021484,31.40172576904297,9.988049507141113,31.364009857177734,31.694679260253906,185.439697265625,13.760000228881836,17.759197235107422,126.2300033569336,87.5999984741211,0.3050000071525574
2016-08-26,56.6566047668457,31.04938316345215,9.807923316955566,31.18439292907715,31.56806182861328,185.0904541015625,13.649999618530273,17.647451400756836,126.05000305175781,87.5999984741211,0.3050000071525574
2016-08-29,57.026641845703125,31.086095809936523,9.888978004455566,31.94974136352539,31.90319061279297,186.00192260742188,13.640000343322754,17.518508911132812,126.30000305175781,86.80000305175781,0.3050000071525574
2016-08-30,56.81890869140625,30.99802017211914,9.510710716247559,30.14568519592285,32.17872619628906,185.69528198242188,13.630000114440918,17.4841251373291,125.02999877929688,85.83999633789062,0.32499998807907104
2016-08-31,56.57219696044922,30.131860733032227,9.267542839050293,29.864551544189453,32.588321685791016,185.1671600341797,13.699999809265137,17.389572143554688,124.77999877929688,82.87999725341797,0.3199999928474426
2016-09-01,56.3774528503418,29.801538467407227,9.321578025817871,30.793903350830078,32.12660598754883,185.17568969726562,13.699999809265137,17.389572143554688,125.29000091552734,80.4800033569336,0.3149999976158142
2016-09-02,56.753997802734375,30.03643226623535,9.438663482666016,31.64516830444336,32.632991790771484,186.01048278808594,13.699999809265137,17.44974136352539,126.56999969482422,81.91999816894531,0.30300000309944153
2016-09-06,57.500572204589844,30.09514617919922,9.654816627502441,32.80101776123047,32.72235870361328,186.57260131835938,13.90999984741211,17.43255043029785,128.7100067138672,83.12000274658203,0.30300000309944153
2016-09-07,57.286338806152344,30.44748878479004,9.546736717224121,32.87129592895508,32.78194046020508,186.55557250976562,13.850000381469727,17.621662139892578,128.27000427246094,84.16000366210938,0.33000001311302185
2016-09-08,57.81218338012695,31.76873779296875,9.564750671386719,32.480812072753906,32.2010612487793,186.12974548339844,13.789999961853027,17.604467391967773,127.58999633789062,87.68000030517578,0.3330000042915344
2016-09-09,56.3774528503418,31.012693405151367,9.249527931213379,30.692386627197266,31.292526245117188,181.67469787597656,13.630000114440918,17.4841251373291,126.75,84.72000122070312,0.3330000042915344
2016-09-12,56.669593811035156,31.32098388671875,9.979043960571289,31.520217895507812,31.9925537109375,184.28134155273438,13.8100004196167,17.501317977905273,126.58999633789062,85.12000274658203,0.3499999940395355
2016-09-13,55.319236755371094,30.102510452270508,9.141453742980957,30.492589950561523,31.27764129638672,181.6321563720703,13.779999732971191,17.269229888916016,125.75,82.95999908447266,0.3449999988079071
2016-09-14,54.9232177734375,29.353782653808594,8.826231002807617,30.16436767578125,31.26274871826172,181.56399536132812,13.779999732971191,17.23484230041504,126.18000030517578,80.72000122070312,0.3149999976158142
2016-09-15,55.23481750488281,29.383142471313477,8.808213233947754,30.63324737548828,31.48613929748535,183.3783416748047,14.140000343322754,17.295015335083008,125.37000274658203,81.12000274658203,0.27799999713897705
2016-09-16,54.553157806396484,29.26570701599121,8.95231819152832,29.898681640625,31.29997444152832,182.66946411132812,14.199999809265137,17.47553062438965,125.05999755859375,80.0,0.27300000190734863
2016-09-19,54.42333221435547,28.832622528076172,9.015360832214355,30.031530380249023,31.41166877746582,182.70376586914062,14.170000076293945,17.570087432861328,125.31999969482422,79.83999633789062,0.23800000548362732
2016-09-20,53.58584213256836,28.63443374633789,8.961323738098145,29.812713623046875,31.38934326171875,182.7123260498047,14.170000076293945,17.72481346130371,125.44000244140625,80.55999755859375,0.2879999876022339
2016-09-21,54.07925796508789,29.405170440673828,9.492698669433594,32.06332015991211,31.880844116210938,184.76698303222656,14.149999618530273,17.74200439453125,127.2699966430664,83.19999694824219,0.22300000488758087
2016-09-22,54.235050201416016,30.10983657836914,9.888978004455566,31.860151290893555,32.00745391845703,185.9312744140625,14.390000343322754,17.673234939575195,127.56999969482422,84.23999786376953,0.1599999964237213
2016-09-23,54.176631927490234,29.31708526611328,9.573758125305176,30.91458511352539,31.627655029296875,184.91253662109375,14.489999771118164,17.595870971679688,127.6500015258789,81.5199966430664,0.16500000655651093
2016-09-26,53.92345428466797,29.375818252563477,9.465680122375488,30.68014144897461,31.203161239624023,183.41427612304688,14.369999885559082,17.54429817199707,127.55000305175781,83.44000244140625,0.17299999296665192
2016-09-27,54.040287017822266,28.942739486694336,9.195488929748535,30.070598602294922,31.195711135864258,184.55294799804688,14.369999885559082,17.49272346496582,126.62000274658203,81.19999694824219,0.2549999952316284
2016-09-28,56.416412353515625,30.96129608154297,9.825932502746582,30.64105987548828,31.16593360900879,185.46897888183594,14.300000190734863,17.4841251373291,126.22000122070312,85.19999694824219,0.2630000114440918
2016-09-29,56.130733489990234,32.04766082763672,9.62779426574707,30.516029357910156,30.927627563476562,183.791015625,14.350000381469727,17.320804595947266,126.06999969482422,86.95999908447266,0.23499999940395355
2016-09-30,56.663108825683594,31.908199310302734,9.780903816223145,30.703575134277344,31.40423011779785,185.17788696289062,14.5,17.174671173095703,125.63999938964844,87.44000244140625,0.25999999046325684
2016-10-03,56.51378631591797,31.878843307495117,9.62779426574707,29.77365493774414,31.9478759765625,184.7327117919922,14.390000343322754,17.191864013671875,125.31999969482422,88.80000305175781,0.2879999876022339
2016-10-04,55.99441909790039,31.4677791595459,9.35760498046875,26.7650203704834,31.86595916748047,183.791015625,14.220000267028809,17.303611755371094,120.97000122070312,88.72000122070312,0.3149999976158142
2016-10-05,56.48130798339844,32.23118209838867,9.609779357910156,27.03072166442871,32.22341537475586,184.60427856445312,14.229999542236328,17.337997436523438,120.77999877929688,90.80000305175781,0.31299999356269836
2016-10-06,56.50728225708008,32.678924560546875,9.276548385620117,26.608726501464844,32.141502380371094,184.7327117919922,14.180000305175781,17.22624969482422,119.66000366210938,92.08000183105469,0.3100000023841858
2016-10-07,56.312522888183594,32.45872497558594,9.12343692779541,26.546220779418945,31.76169776916504,184.0992431640625,14.279999732971191,17.23484230041504,119.73999786376953,90.63999938964844,0.3100000023841858
2016-10-10,57.41619110107422,32.58351135253906,9.177478790283203,26.61655044555664,32.22341537475586,185.05807495117188,14.380000114440918,17.191864013671875,120.16000366210938,93.36000061035156,0.30799999833106995
2016-10-11,56.961734771728516,31.80545425415039,8.889273643493652,26.452436447143555,31.53083610534668,182.7208251953125,14.380000114440918,17.209056854248047,119.55000305175781,92.63999938964844,0.3199999928474426
2016-10-12,56.565696716308594,31.908199310302734,9.051389694213867,26.976015090942383,31.56806182861328,182.9605712890625,14.380000114440918,17.140289306640625,119.73999786376953,91.44000244140625,0.3400000035762787
2016-10-13,56.195648193359375,31.118255615234375,8.682127952575684,27.20264434814453,31.463821411132812,182.3612518310547,13.989999771118164,17.26063346862793,120.02999877929688,91.91999816894531,0.2750000059604645
2016-10-14,56.182682037353516,30.76387596130371,8.700139999389648,26.749387741088867,31.37445640563965,182.45545959472656,13.859999656677246,17.346590042114258,119.36000061035156,91.5199966430664,0.28999999165534973
2016-10-17,56.182682037353516,30.343059539794922,8.574050903320312,27.37455940246582,31.16593360900879,181.82192993164062,13.84000015258789,17.43255043029785,119.68000030517578,90.95999908447266,0.29499998688697815
2016-10-18,56.332008361816406,30.010835647583008,8.754178047180176,28.265419006347656,31.26274871826172,182.9605712890625,13.84000015258789,17.4239559173584,120.41999816894531,91.5999984741211,0.3330000042915344
2016-10-19,56.59168243408203,30.800785064697266,9.024369239807129,28.898412704467773,31.441478729248047,183.4485321044922,13.779999732971191,17.415359497070312,121.11000061035156,93.27999877929688,0.3230000138282776
2016-10-20,56.61766052246094,30.630990982055664,9.195488929748535,28.921855926513672,31.41166877746582,183.1061248779297,13.789999961853027,17.372379302978516,120.73999786376953,91.44000244140625,0.3199999928474426
2016-10-21,56.234622955322266,30.667903900146484,9.042381286621094,28.406084060668945,31.515941619873047,183.19171142578125,13.789999961853027,17.43255043029785,120.83000183105469,91.83999633789062,0.3149999976158142
2016-10-24,56.42289352416992,31.184688568115234,9.16847038269043,28.007543563842773,31.65742301940918,183.97076416015625,13.699999809265137,17.578683853149414,120.55999755859375,91.44000244140625,0.31299999356269836
2016-10-25,56.29955291748047,30.867244720458984,9.501707077026367,28.593639373779297,31.672327041625977,183.3543701171875,14.069999694824219,17.690427780151367,121.47000122070312,89.91999816894531,0.32499998807907104
2016-10-26,56.53976058959961,30.859848022460938,9.528725624084473,28.273244857788086,32.23084259033203,182.9862823486328,14.079999923706055,17.72481346130371,120.79000091552734,88.72000122070312,0.31299999356269836
2016-10-27,56.42940139770508,32.484073638916016,9.62779426574707,27.187013626098633,32.0819206237793,182.49826049804688,14.199999809265137,17.7935791015625,121.01000213623047,89.68000030517578,0.2750000059604645
2016-10-28,55.04008102416992,33.200191497802734,9.843947410583496,27.6480770111084,32.46171951293945,181.9589080810547,14.380000114440918,17.733407974243164,121.58000183105469,88.08000183105469,0.27300000190734863
2016-10-31,54.09224319458008,32.077999114990234,10.069108009338379,28.945295333862305,32.44682693481445,181.96751403808594,14.449999809265137,17.638853073120117,121.94000244140625,84.23999786376953,0.29499998688697815
2016-11-01,54.30646514892578,32.144447326660156,10.042085647583008,29.656431198120117,34.81498718261719,180.64903259277344,14.59000015258789,17.4841251373291,122.7300033569336,84.55999755859375,0.3449999988079071
2016-11-02,54.176631927490234,31.915584564208984,9.564750671386719,29.05470085144043,35.19477462768555,179.56178283691406,14.539999961853027,17.587278366088867,123.63999938964844,82.23999786376953,0.3449999988079071
2016-11-03,54.31295394897461,32.188751220703125,9.66382122039795,29.500123977661133,35.321380615234375,178.73989868164062,14.670000076293945,17.552892684936523,124.30000305175781,80.63999938964844,0.3580000102519989
2016-11-04,54.2545280456543,31.568578720092773,9.95202350616455,29.539207458496094,34.94158172607422,178.54296875,14.850000381469727,17.552892684936523,124.38999938964844,79.83999633789062,0.3580000102519989
2016-11-07,55.47503662109375,32.42498779296875,10.16817569732666,28.51549530029297,35.038394927978516,182.4811248779297,15.15999984741211,17.52710723876953,122.1500015258789,81.27999877929688,0.38999998569488525
2016-11-08,55.874576568603516,32.727684020996094,10.888684272766113,28.179471969604492,35.53734588623047,183.30299377441406,15.630000114440918,17.561491012573242,121.63999938964844,80.80000305175781,0.41999998688697815
2016-11-09,56.490234375,33.761268615722656,11.771306037902832,28.945295333862305,34.4649772644043,185.2463836669922,16.100000381469727,17.4841251373291,121.55999755859375,82.23999786376953,0.4180000126361847
2016-11-10,57.01420593261719,33.059913635253906,12.428773880004883,27.101055145263672,33.64580154418945,185.70864868164062,16.700000762939453,17.372379302978516,119.75,80.31999969482422,0.4580000042915344
2016-11-11,56.1103401184082,32.43975830078125,12.55486011505127,24.686338424682617,31.07655906677246,185.28067016601562,16.549999237060547,17.346590042114258,117.0999984741211,78.16000366210938,
2016-11-14,55.85493087768555,32.58003234863281,12.536846160888672,25.475610733032227,32.16421127319336,185.4261474609375,16.450000762939453,17.243438720703125,116.11000061035156,78.95999908447266,0.503000020980835
2016-11-15,56.86355209350586,33.42905807495117,12.599891662597656,26.49932861328125,32.62177276611328,186.8730010986328,16.389999389648438,17.23484230041504,117.12000274658203,82.72000122070312,0.4880000054836273
2016-11-16,56.16274642944336,32.76460266113281,12.428773880004883,26.382102966308594,32.449241638183594,186.5220184326172,16.15999984741211,17.25203514099121,116.7699966430664,81.83999633789062,0.453000009059906
2016-11-17,55.822166442871094,32.19612503051758,12.428773880004883,25.553762435913086,32.25421905517578,187.4808807373047,16.3700008392334,17.303611755371094,116.16999816894531,81.04000091552734,0.41999998688697815
2016-11-18,55.85493087768555,33.04513168334961,12.365724563598633,25.545948028564453,32.62177276611328,187.0613555908203,16.329999923706055,17.32939910888672,115.1500015258789,82.55999755859375,0.4180000126361847
2016-11-21,56.647403717041016,34.22638702392578,13.068222999572754,25.8428955078125,32.74177169799805,188.47396850585938,16.579999923706055,17.4841251373291,115.58000183105469,86.16000366210938,0.41999998688697815
2016-11-22,56.77186965942383,34.01228713989258,13.617610931396484,25.94449234008789,32.63676452636719,188.84207153320312,16.760000228881836,17.458341598510742,115.54000091552734,85.04000091552734,0.4749999940395355
2016-11-23,56.9290771484375,34.182090759277344,14.599300384521484,24.61600685119629,32.44174575805664,188.9447784423828,17.200000762939453,17.43255043029785,113.25,85.36000061035156,0.48500001430511475
2016-11-25,57.06005096435547,33.776039123535156,14.410171508789062,24.94422149658203,32.66678237915039,189.6468505859375,17.610000610351562,17.44974136352539,112.61000061035156,82.63999938964844,0.47999998927116394
2016-11-28,56.63431167602539,33.59147262573242,14.212031364440918,26.139856338500977,32.33673095703125,188.75645446777344,17.40999984741211,17.406763076782227,113.80000305175781,83.5199966430664,0.44999998807907104
2016-11-29,56.26099395751953,32.65385437011719,13.482516288757324,26.218002319335938,32.08169174194336,189.12461853027344,17.110000610351562,17.191864013671875,113.2699966430664,80.4800033569336,0.46799999475479126
2016-11-30,57.177940368652344,35.821044921875,13.824758529663086,25.35057830810547,32.426734924316406,188.67083740234375,16.889999389648438,17.140289306640625,111.75,87.44000244140625,0.46799999475479126
2016-12-01,57.13864517211914,35.599578857421875,13.536555290222168,25.217729568481445,33.23683547973633,187.9774169921875,17.299999237060547,16.95117950439453,111.54000091552734,90.63999938964844,0.4580000042915344
2016-12-02,57.00764465332031,35.52573776245117,13.88780403137207,26.241443634033203,33.004310607910156,188.07162475585938,17.170000076293945,16.91679573059082,112.13999938964844,91.83999633789062,0.45500001311302185
2016-12-05,57.29581832885742,36.08683395385742,14.293087005615234,26.163301467895508,32.92930603027344,189.20164489746094,17.520000457763672,16.994159698486328,111.54000091552734,90.80000305175781,0.453000009059906
2016-12-06,57.34822463989258,36.83988952636719,14.311098098754883,25.842418670654297,33.514381408691406,189.80088806152344,17.530000686645508,17.114501953125,111.43000030517578,90.31999969482422,0.48500001430511475
2016-12-07,57.6822624206543,36.83988952636719,13.896806716918945,26.311996459960938,33.90442657470703,192.28366088867188,17.299999237060547,17.157480239868164,111.83000183105469,88.72000122070312,0.4880000054836273
2016-12-08,57.84599685668945,36.751277923583984,14.049915313720703,26.507648468017578,34.48200225830078,192.75448608398438,17.079999923706055,17.037137985229492,111.56999969482422,90.4800033569336,0.49000000953674316
2016-12-09,58.29137420654297,37.482173919677734,14.185011863708496,25.66242027282715,34.9245719909668,193.9188995361328,17.299999237060547,17.01994514465332,110.4000015258789,91.5199966430664,0.5199999809265137
2016-12-12,59.588191986083984,37.932525634765625,13.833761215209961,25.513713836669922,35.26961135864258,193.69627380371094,17.049999237060547,17.27782440185547,110.81999969482422,92.95999908447266,0.5
2016-12-13,60.636138916015625,38.86274719238281,13.545557975769043,26.507648468017578,34.804542541503906,194.9889678955078,17.010000228881836,17.295015335083008,110.44999694824219,93.83999633789062,0.5230000019073486
2016-12-14,59.326194763183594,38.01373291015625,13.194310188293457,24.7936954498291,34.196964263916016,193.3794708251953,16.989999771118164,17.25203514099121,108.83000183105469,90.55999755859375,0.5230000019073486
2016-12-15,59.529239654541016,38.19828796386719,13.15828800201416,24.19107437133789,34.309486389160156,194.17568969726562,16.84000015258789,17.20046043395996,107.33999633789062,90.87999725341797,0.4880000054836273
2016-12-16,59.71916198730469,38.345947265625,12.455791473388672,24.778045654296875,34.88705825805664,193.79586791992188,16.59000015258789,17.31220817565918,108.05000305175781,92.4000015258789,0.48500001430511475
2016-12-19,59.221412658691406,38.375484466552734,12.203612327575684,24.87196159362793,34.557010650634766,194.2178955078125,16.209999084472656,17.3809757232666,108.58999633789062,92.0,0.4779999852180481
2016-12-20,59.227943420410156,38.05803298950195,12.753000259399414,24.778045654296875,34.669551849365234,194.96710205078125,16.299999237060547,17.20046043395996,107.79000091552734,92.95999908447266,0.5130000114440918
2016-12-21,59.12971496582031,38.006343841552734,12.65393352508545,24.691953659057617,34.602027893066406,194.42457580566406,16.299999237060547,17.22624969482422,107.8499984741211,91.5199966430664,0.503000020980835
2016-12-22,59.516143798828125,38.050628662109375,12.428773880004883,24.605867385864258,33.889442443847656,194.08872985839844,16.389999389648438,17.045732498168945,107.58999633789062,91.68000030517578,0.49300000071525574
2016-12-23,59.41136169433594,37.925140380859375,12.437776565551758,25.404146194458008,33.8669319152832,194.37290954589844,16.270000457763672,16.976964950561523,107.93000030517578,92.4800033569336,0.5
2016-12-27,59.43754196166992,38.094932556152344,12.392744064331055,25.505897521972656,34.241981506347656,194.85511779785156,16.360000610351562,17.148887634277344,108.55999755859375,93.83999633789062,0.4950000047683716
2016-12-28,59.142818450927734,37.482173919677734,12.221626281738281,25.65458869934082,34.00944519042969,193.24478149414062,16.290000915527344,17.140289306640625,108.86000061035156,94.0,0.4950000047683716
2016-12-29,59.17557907104492,37.31237030029297,12.14056396484375,27.603342056274414,34.02446746826172,193.2017364501953,16.260000228881836,17.148887634277344,110.29000091552734,93.76000213623047,0.4399999976158142
2016-12-30,59.116634368896484,37.01706314086914,11.879382133483887,26.664186477661133,34.241981506347656,192.49554443359375,16.350000381469727,17.16607666015625,109.61000061035156,93.76000213623047,0.47999998927116394
2017-01-03,59.529239654541016,37.364044189453125,12.410757064819336,27.10245704650879,34.64703369140625,193.96815490722656,16.239999771118164,17.157480239868164,110.47000122070312,91.5199966430664,0.4749999940395355
2017-01-04,58.87429428100586,37.71104049682617,13.356428146362305,27.360729217529297,34.58701705932617,195.1221160888672,16.639999389648438,17.466936111450195,110.86000061035156,92.63999938964844,0.5180000066757202
2017-01-05,57.996639251708984,37.60029602050781,13.167293548583984,28.620756149291992,34.33198547363281,194.96710205078125,16.479999542236328,17.552892684936523,112.58000183105469,93.5999984741211,0.5080000162124634
2017-01-06,57.963871002197266,37.46002960205078,13.419466018676758,27.720739364624023,33.54438400268555,195.6645965576172,16.469999313354492,17.4841251373291,111.75,93.44000244140625,0.503000020980835
2017-01-09,57.00764465332031,36.662689208984375,13.221329689025879,27.67377471923828,33.56689453125,195.0187530517578,16.59000015258789,17.518508911132812,112.66999816894531,90.4800033569336,0.48500001430511475
2017-01-10,56.280643463134766,36.662689208984375,14.004880905151367,27.45463752746582,33.34935760498047,195.0187530517578,17.040000915527344,17.690427780151367,113.1500015258789,88.55999755859375,0.503000020980835
2017-01-11,56.85698699951172,37.81439208984375,14.293087005615234,26.898969650268555,33.01182174682617,195.56991577148438,16.889999389648438,17.595870971679688,113.5,90.95999908447266,0.49799999594688416
2017-01-12,56.5491828918457,37.024444580078125,13.752704620361328,26.977235794067383,32.58424377441406,195.07904052734375,17.329999923706055,17.74200439453125,113.91000366210938,92.31999969482422,0.503000020980835
2017-01-13,56.55571746826172,37.34927749633789,13.680655479431152,27.024187088012695,32.67426300048828,195.52685546875,17.59000015258789,17.81937026977539,114.20999908447266,91.27999877929688,0.5130000114440918
2017-01-17,57.21722412109375,37.024444580078125,13.563573837280273,27.50159454345703,33.521881103515625,194.8379364013672,17.1299991607666,17.9569034576416,115.8499984741211,91.44000244140625,0.5130000114440918
2017-01-18,56.5098762512207,37.113037109375,13.72568416595459,27.595516204833984,33.71691131591797,195.26849365234375,17.1200008392334,17.939714431762695,114.87000274658203,89.27999877929688,0.5149999856948853
2017-01-19,55.49467849731445,36.81034851074219,13.743701934814453,27.337244033813477,33.37937545776367,194.545166015625,17.0,17.83656120300293,114.7699966430664,89.36000061035156,0.503000020980835
2017-01-20,56.254451751708984,37.45262908935547,13.968859672546387,27.42333221435547,33.551883697509766,195.25985717773438,17.139999389648438,17.905324935913086,115.05000305175781,91.12000274658203,0.47999998927116394
2017-01-23,55.651885986328125,36.8693962097168,14.157991409301758,28.080738067626953,33.536888122558594,194.75177001953125,17.329999923706055,17.939714431762695,115.79000091552734,90.55999755859375,0.4729999899864197
2017-01-24,55.73046112060547,37.113037109375,15.328824043273926,28.205963134765625,33.499385833740234,196.00047302246094,17.729999542236328,17.862348556518555,115.2699966430664,90.95999908447266,0.49300000071525574
2017-01-25,55.894222259521484,37.42311096191406,14.860488891601562,27.3528995513916,33.90442657470703,197.6969757080078,17.729999542236328,17.92251968383789,114.31999969482422,90.4800033569336,0.4830000102519989
2017-01-26,56.06449890136719,37.37881088256836,14.266070365905762,26.75809669494629,33.416866302490234,197.4903106689453,17.469999313354492,17.716217041015625,113.26000213623047,92.23999786376953,0.4880000054836273
2017-01-27,56.00556564331055,36.492881774902344,14.743401527404785,26.90680503845215,33.39435958862305,197.18031311035156,17.6200008392334,17.681833267211914,113.48999786376953,91.19999694824219,0.49799999594688416
2017-01-30,55.5798454284668,35.053253173828125,14.635326385498047,27.368539810180664,33.10182571411133,195.95741271972656,17.420000076293945,17.4841251373291,113.97000122070312,90.23999786376953,0.4950000047683716
2017-01-31,54.944522857666016,35.998233795166016,14.995582580566406,28.393787384033203,33.199337005615234,195.94024658203125,17.780000686645508,17.535701751708984,115.55000305175781,90.55999755859375,0.5
2017-02-01,54.32231903076172,35.80629348754883,15.166701316833496,28.07291030883789,32.831790924072266,196.0177459716797,17.68000030517578,17.707622528076172,115.19999694824219,91.83999633789062,0.5
2017-02-02,54.6563606262207,35.94655990600586,15.139688491821289,28.70684242248535,32.99680709838867,196.14694213867188,17.459999084472656,17.673234939575195,115.83999633789062,92.08000183105469,0.4880000054836273
2017-02-03,54.71529006958008,37.23116683959961,14.257060050964355,28.76944923400879,32.99680709838867,197.49896240234375,17.139999389648438,17.681833267211914,116.12999725341797,92.31999969482422,0.4880000054836273
2017-02-06,54.56464385986328,36.98015213012695,14.410171508789062,29.692956924438477,33.01931381225586,197.14585876464844,17.190000534057617,17.647451400756836,117.69999694824219,91.04000091552734,0.503000020980835
2017-02-07,54.210968017578125,36.48549270629883,13.977869033813477,29.20772933959961,33.446876525878906,197.15444946289062,17.209999084472656,17.664642333984375,117.45999908447266,89.5199966430664,0.5249999761581421
2017-02-08,53.85405349731445,36.6183967590332,13.986871719360352,29.622512817382812,32.59925842285156,197.4127655029297,17.510000228881836,17.638853073120117,118.19000244140625,89.83999633789062,0.5249999761581421
2017-02-09,54.09199905395508,36.77342987060547,13.860782623291016,29.113813400268555,32.65927505493164,198.58396911621094,17.260000228881836,17.681833267211914,117.29000091552734,90.80000305175781,0.527999997138977
2017-02-10,54.54145050048828,37.21504592895508,14.230042457580566,29.465999603271484,32.87680435180664,199.36761474609375,18.100000381469727,17.681833267211914,117.5999984741211,92.0,0.5230000019073486
2017-02-13,54.85871505737305,36.88847732543945,14.374144554138184,29.254684448242188,32.78678512573242,200.4527130126953,18.260000228881836,17.595870971679688,116.80000305175781,90.55999755859375,0.5230000019073486
2017-02-14,54.73974609375,37.21504592895508,14.320107460021973,29.0277156829834,32.80177307128906,201.25357055664062,17.8700008392334,17.656044006347656,116.93000030517578,91.04000091552734,0.5350000262260437
2017-02-15,54.9644660949707,36.6361083984375,13.84277057647705,28.980770111083984,33.35686492919922,202.30419921875,18.09000015258789,17.759197235107422,117.44999694824219,90.87999725341797,0.5199999809265137
2017-02-16,54.396053314208984,35.87904357910156,13.57258129119873,29.403383255004883,33.31908416748047,202.13197326660156,17.829999923706055,17.707622528076172,118.08000183105469,91.27999877929688,0.5080000162124634
2017-02-17,54.039127349853516,35.263004302978516,13.42847728729248,28.96510887145996,33.76484680175781,202.45062255859375,17.709999084472656,17.699026107788086,117.68000030517578,91.12000274658203,0.5080000162124634
2017-02-21,54.12504959106445,35.723182678222656,12.725980758666992,29.30164337158203,33.85551834106445,203.65623474121094,17.969999313354492,17.74200439453125,117.75,92.31999969482422,0.5049999952316284
2017-02-22,53.49055099487305,34.95869064331055,12.365724563598633,28.174663543701172,33.78750991821289,203.4753875732422,17.889999389648438,17.699026107788086,117.91000366210938,90.87999725341797,0.5099999904632568
2017-02-23,54.052345275878906,35.10713577270508,12.14056396484375,28.065088272094727,34.06705856323242,203.61317443847656,17.309999465942383,17.604467391967773,118.94000244140625,92.23999786376953,0.49799999594688416
2017-02-24,53.58967590332031,34.914161682128906,11.933420181274414,28.237268447875977,34.19549560546875,203.87155151367188,17.510000228881836,17.441146850585938,119.69999694824219,91.68000030517578,0.49799999594688416
2017-02-27,53.89372634887695,35.15168380737305,11.951436042785645,26.585918426513672,34.27861022949219,204.19012451171875,17.540000915527344,17.295015335083008,119.12000274658203,91.76000213623047,0.49000000953674316
2017-02-28,53.7483024597168,35.30753707885742,12.06851577758789,26.797229766845703,35.48747253417969,203.6389617919922,17.59000015258789,17.36378288269043,119.2300033569336,91.5999984741211,0.5230000019073486
2017-03-01,54.87189865112305,36.40602111816406,12.599891662597656,26.93809700012207,35.13992691040039,206.48944091796875,17.75,17.595870971679688,119.05999755859375,91.19999694824219,0.6150000095367432
2017-03-02,55.0569953918457,35.782569885253906,11.987462043762207,26.296342849731445,34.361724853515625,205.18910217285156,17.530000686645508,17.466936111450195,117.58000183105469,89.36000061035156,0.6449999809265137
2017-03-03,54.50179672241211,35.493106842041016,11.888388633728027,26.664186477661133,34.15017318725586,205.31822204589844,17.670000076293945,17.466936111450195,117.51000213623047,90.31999969482422,0.6830000281333923
2017-03-06,54.7463493347168,35.86420822143555,11.61819839477539,25.834590911865234,33.8177375793457,204.7068328857422,17.350000381469727,17.43255043029785,116.72000122070312,90.23999786376953,0.7049999833106995
2017-03-07,54.54145050048828,35.41888427734375,11.429065704345703,25.85026741027832,33.59107208251953,204.09539794921875,17.06999969482422,17.269229888916016,115.77999877929688,90.16000366210938,0.7350000143051147
2017-03-08,53.556640625,34.0754508972168,11.20390510559082,25.77972412109375,33.23597717285156,203.7165069580078,16.940000534057617,17.23484230041504,115.05999755859375,85.36000061035156,0.7080000042915344
2017-03-09,53.979652404785156,34.49850845336914,11.167879104614258,25.55241584777832,33.560848236083984,203.9748077392578,16.90999984741211,17.140289306640625,114.47000122070312,84.23999786376953,0.7129999995231628
2017-03-10,53.939998626708984,33.897308349609375,11.14085865020752,25.81891441345215,34.029293060302734,204.68963623046875,16.950000762939453,17.174671173095703,114.72000122070312,82.31999969482422,0.7250000238418579
2017-03-13,53.81439208984375,34.023502349853516,11.311984062194824,25.881620407104492,33.772396087646484,204.79295349121094,17.149999618530273,17.23484230041504,114.73999786376953,82.23999786376953,0.7279999852180481
2017-03-14,53.53019714355469,33.355491638183594,11.050801277160645,25.395658493041992,33.74974060058594,204.00929260253906,17.209999084472656,17.20046043395996,114.12000274658203,81.5199966430664,0.753000020980835
2017-03-15,54.197750091552734,34.023502349853516,11.6091947555542,26.7281436920166,34.00661849975586,205.77471923828125,17.420000076293945,17.26063346862793,116.25,83.04000091552734,0.7149999737739563
2017-03-16,54.24403762817383,34.023502349853516,11.546148300170898,25.717025756835938,33.88573455810547,205.3699493408203,17.389999389648438,17.337997436523438,116.7300033569336,82.87999725341797,0.7080000042915344
2017-03-17,54.197750091552734,33.91216278076172,11.492111206054688,25.740535736083984,33.78750991821289,205.00926208496094,17.59000015258789,17.320804595947266,116.98999786376953,82.63999938964844,0.7080000042915344
2017-03-20,54.197750091552734,34.0383415222168,11.465089797973633,26.304882049560547,33.88573455810547,204.7843780517578,17.309999465942383,17.32939910888672,117.51000213623047,82.16000366210938,0.7099999785423279
2017-03-21,54.08539581298828,33.53361892700195,11.320988655090332,26.67327880859375,33.9612922668457,202.15504455566406,17.059999465942383,17.295015335083008,118.54000091552734,80.87999725341797,0.753000020980835
2017-03-22,54.039127349853516,33.140235900878906,11.582172393798828,26.524354934692383,34.4599494934082,202.63076782226562,17.239999771118164,17.303611755371094,118.83000183105469,80.95999908447266,0.7480000257492065
2017-03-23,54.105228424072266,33.014068603515625,11.555153846740723,26.351909637451172,34.4599494934082,202.41456604003906,17.280000686645508,17.320804595947266,118.66999816894531,80.08000183105469,0.7480000257492065
2017-03-24,53.6888427734375,32.732025146484375,11.537140846252441,26.242177963256836,34.43727111816406,202.26748657226562,17.200000762939453,17.191864013671875,118.86000061035156,80.72000122070312,0.7480000257492065
2017-03-27,53.702049255371094,32.873043060302734,10.9967622756958,26.5792179107666,34.263492584228516,202.0599365234375,17.1299991607666,17.105905532836914,119.52999877929688,80.31999969482422,0.7580000162124634
2017-03-28,54.09199905395508,33.68207931518555,11.320988655090332,25.865949630737305,34.54304504394531,203.53025817871094,17.420000076293945,17.045732498168945,119.04000091552734,81.19999694824219,0.7730000019073486
2017-03-29,54.210960388183594,34.105133056640625,11.456083297729492,26.014873504638672,34.9359245300293,203.72052001953125,17.399999618530273,17.00275421142578,119.33000183105469,82.95999908447266,0.7549999952316284
2017-03-30,55.32136535644531,37.111141204833984,11.987462043762207,25.811079025268555,34.83771514892578,204.36924743652344,17.43000030517578,16.942581176757812,118.47000122070312,84.55999755859375,0.7580000162124634
2017-03-31,54.20436477661133,37.01464080810547,12.032492637634277,25.8345890045166,34.78482437133789,203.89352416992188,17.309999465942383,17.00275421142578,118.72000122070312,85.12000274658203,0.7379999756813049
2017-04-03,54.24403762817383,36.70291519165039,11.924415588378906,26.56354331970215,34.6035041809082,203.53887939453125,17.0,16.91679573059082,119.3499984741211,84.4000015258789,0.7400000095367432
2017-04-04,54.44230270385742,36.91073989868164,12.19460678100586,26.798686981201172,34.30883026123047,203.66864013671875,17.110000610351562,16.787857055664062,119.62000274658203,85.68000030517578,0.7799999713897705
2017-04-05,54.54804229736328,36.45055389404297,12.104541778564453,26.892745971679688,34.19549560546875,203.06321716308594,17.510000228881836,16.796451568603516,119.62000274658203,85.44000244140625,0.7799999713897705
2017-04-06,54.86530685424805,36.970130920410156,12.212618827819824,26.78301239013672,34.18794631958008,203.634033203125,17.360000610351562,16.813642501831055,119.18000030517578,86.87999725341797,0.7879999876022339
2017-04-07,54.700096130371094,36.769718170166016,12.041499137878418,26.892745971679688,33.91596221923828,203.42645263671875,17.260000228881836,16.830835342407227,119.45999908447266,87.68000030517578,0.7979999780654907
2017-04-10,54.944618225097656,37.22247314453125,12.176593780517578,27.12788963317871,33.99151611328125,203.547607421875,17.040000915527344,16.848026275634766,119.45999908447266,89.12000274658203,0.7879999876022339
2017-04-11,54.75293731689453,37.22247314453125,12.266654968261719,27.535484313964844,33.65153121948242,203.3053741455078,17.059999465942383,16.98556137084961,121.19000244140625,89.36000061035156,0.800000011920929
2017-04-12,54.83888244628906,36.69548034667969,11.600184440612793,27.49628448486328,33.73463439941406,202.41456604003906,16.639999389648438,16.93398666381836,122.0199966430664,88.87999725341797,0.7929999828338623
2017-04-13,53.99287033081055,36.086883544921875,11.456083297729492,27.041669845581055,33.455074310302734,201.0998992919922,16.75,16.93398666381836,122.5999984741211,89.04000091552734,0.7900000214576721
2017-04-17,53.92015838623047,36.33180618286133,11.483104705810547,27.11222267150879,33.757293701171875,202.88160705566406,16.940000534057617,16.91679573059082,122.23999786376953,88.4800033569336,0.7900000214576721
2017-04-18,53.56985855102539,36.138816833496094,11.230926513671875,26.900585174560547,34.30883026123047,202.27613830566406,16.56999969482422,16.959774017333984,122.81999969482422,88.31999969482422,0.8050000071525574
2017-04-19,53.19970703125,35.62670135498047,11.122852325439453,26.273529052734375,33.69685363769531,201.90423583984375,16.549999237060547,16.75347328186035,121.7300033569336,84.95999908447266,0.7850000262260437
2017-04-20,53.543418884277344,35.58958053588867,11.266952514648438,26.39110565185547,33.92351531982422,203.547607421875,16.639999389648438,16.512786865234375,121.95999908447266,84.31999969482422,0.7699999809265137
2017-04-21,53.33189392089844,35.433719635009766,11.01477336883545,26.751659393310547,33.85551834106445,202.8988800048828,16.639999389648438,16.581554412841797,122.30999755859375,82.55999755859375,0.7630000114440918
2017-04-24,53.609500885009766,35.55989456176758,11.01477336883545,26.42245864868164,34.286170959472656,205.13035583496094,16.690000534057617,16.50419044494629,121.4800033569336,82.0,0.7699999809265137
2017-04-25,54.019290924072266,36.213050842285156,11.798325538635254,25.77972412109375,34.43727111816406,206.32391357421875,16.959999084472656,16.67610740661621,120.25,82.87999725341797,0.8080000281333923
2017-04-26,53.80119705200195,35.87904357910156,12.158583641052246,25.85026741027832,34.203060150146484,206.1941680908203,16.940000534057617,16.62453269958496,120.83999633789062,82.08000183105469,0.8029999732971191
2017-04-27,53.70867156982422,35.52277755737305,11.717268943786621,25.795406341552734,34.588382720947266,206.36720275878906,16.809999465942383,16.779260635375977,120.38999938964844,81.91999816894531,0.7850000262260437
2017-04-28,53.966426849365234,35.55989456176758,11.483104705810547,26.500837326049805,34.56571578979492,205.9174346923828,16.899999618530273,16.96837043762207,120.7699966430664,81.91999816894531,0.7799999713897705
2017-05-01,54.237403869628906,35.240753173828125,11.293971061706543,25.615123748779297,34.55060577392578,206.4363250732422,17.270000457763672,17.20046043395996,119.66999816894531,81.19999694824219,0.7850000262260437
2017-05-02,54.230804443359375,34.661808013916016,11.456083297729492,25.8737850189209,31.483129501342773,206.5142059326172,17.100000381469727,17.23484230041504,119.6500015258789,79.36000061035156,0.8429999947547913
2017-05-03,54.66041946411133,34.943851470947266,10.825640678405762,25.622961044311523,31.211162567138672,206.26339721679688,16.399999618530273,17.406763076782227,117.9800033569336,79.44000244140625,0.8479999899864197
2017-05-04,53.959800720214844,34.082862854003906,10.519425392150879,25.30159568786621,32.0346794128418,206.5055694580078,16.299999237060547,17.20046043395996,116.79000091552734,75.68000030517578,0.8550000190734863
2017-05-05,54.210960388183594,34.71377182006836,10.627498626708984,25.65431022644043,32.05735397338867,207.31854248046875,16.440000534057617,17.183269500732422,117.01000213623047,77.27999877929688,0.8679999709129333
2017-05-08,54.7860107421875,34.98097610473633,10.510420799255371,25.615123748779297,32.45777130126953,207.28399658203125,16.100000381469727,17.27782440185547,116.75,77.36000061035156,0.8700000047683716
2017-05-09,54.402645111083984,34.34264373779297,10.47439193725586,25.677827835083008,32.004459381103516,207.0937042236328,16.1299991607666,17.16607666015625,116.05000305175781,76.55999755859375,0.8899999856948853
2017-05-10,54.649513244628906,35.337223052978516,10.555448532104492,25.826751708984375,31.951576232910156,207.46560668945312,16.270000457763672,17.269229888916016,116.04000091552734,78.87999725341797,0.875
2017-05-11,55.116554260253906,35.393211364746094,10.519425392150879,26.242177963256836,31.755126953125,207.04183959960938,16.360000610351562,17.191864013671875,116.5,79.5199966430664,0.8600000143051147
2017-05-12,55.0765266418457,35.057342529296875,10.366318702697754,26.45380401611328,31.70223617553711,206.69583129882812,16.420000076293945,17.346590042114258,116.83000183105469,79.5999984741211,0.8550000190734863
2017-05-15,55.24330520629883,35.408138275146484,10.582469940185547,26.547861099243164,31.838245391845703,207.83749389648438,16.450000762939453,17.209056854248047,117.13999938964844,81.36000061035156,0.8629999756813049
2017-05-16,55.0765266418457,35.17675018310547,10.600481986999512,26.45380401611328,31.899147033691406,207.64723205566406,16.639999389648438,17.191864013671875,117.6500015258789,80.87999725341797,0.8899999856948853
2017-05-17,54.702877044677734,34.63936233520508,10.294265747070312,26.853553771972656,31.609846115112305,203.9627685546875,16.530000686645508,17.320804595947266,119.79000091552734,81.5199966430664,0.875
2017-05-18,54.542762756347656,34.646820068359375,10.16817569732666,26.108928680419922,31.449974060058594,204.7843780517578,16.43000030517578,17.20046043395996,118.80999755859375,82.08000183105469,0.8930000066757202
2017-05-19,54.66286849975586,35.43798065185547,10.564455032348633,26.359760284423828,31.5946102142334,206.11631774902344,16.829999923706055,17.39816665649414,119.4000015258789,83.83999633789062,0.8880000114440918
2017-05-22,54.90303421020508,35.0274772644043,10.654518127441406,26.398942947387695,31.5946102142334,207.16287231445312,16.850000381469727,17.441146850585938,119.9000015258789,84.31999969482422,0.878000020980835
2017-05-23,55.09654235839844,34.90060806274414,10.699552536010742,25.905136108398438,32.767051696777344,207.62127685546875,16.790000915527344,17.209056854248047,119.13999938964844,85.12000274658203,0.9129999876022339
2017-05-24,54.90303421020508,34.83341598510742,10.71756362915039,26.38326644897461,32.39400100708008,208.10568237304688,16.809999465942383,17.05432891845703,119.61000061035156,84.80000305175781,0.9049999713897705
2017-05-25,54.542762756347656,33.62428283691406,10.537435531616211,26.20298957824707,32.447303771972656,209.1002655029297,16.8700008392334,17.097309112548828,119.4800033569336,80.31999969482422,0.9079999923706055
2017-05-26,54.409332275390625,33.84819793701172,10.510420799255371,26.73598861694336,32.317867279052734,209.05703735351562,16.65999984741211,17.045732498168945,120.54000091552734,82.23999786376953,0.9100000262260437
2017-05-30,54.10909652709961,33.43024444580078,10.510420799255371,26.626245498657227,32.059017181396484,208.87538146972656,16.610000610351562,17.08011817932129,120.13999938964844,81.91999816894531,0.9100000262260437
2017-05-31,53.70877456665039,33.35559844970703,10.348302841186523,26.767335891723633,31.655519485473633,208.8235321044922,16.760000228881836,17.174671173095703,120.62000274658203,79.68000030517578,0.949999988079071
2017-06-01,53.84220504760742,33.482479095458984,10.312277793884277,26.665449142456055,31.838245391845703,210.484130859375,16.850000381469727,17.157480239868164,120.72000122070312,79.27999877929688,0.9480000138282776
2017-06-02,53.04158401489258,33.03465270996094,10.16817569732666,26.67327880859375,32.14277648925781,211.18472290039062,16.700000762939453,17.105905532836914,121.61000061035156,78.87999725341797,0.953000009059906
2017-06-05,53.45524597167969,32.85551452636719,10.285259246826172,26.524354934692383,31.929590225219727,211.029052734375,16.600000381469727,17.13169288635254,121.7300033569336,78.4000015258789,0.9480000138282776
2017-06-06,54.18248748779297,33.1988525390625,10.672533988952637,27.788169860839844,31.93720817565918,210.35443115234375,16.549999237060547,17.06292724609375,123.0999984741211,79.76000213623047,0.9580000042915344
2017-06-07,53.98231887817383,32.512184143066406,10.555448532104492,27.87451171875,31.906749725341797,210.74366760253906,16.670000076293945,17.217655181884766,122.44999694824219,75.68000030517578,0.9729999899864197
2017-06-08,53.7888298034668,32.14645767211914,10.861664772033691,27.48987579345703,31.98288345336914,210.84739685058594,16.850000381469727,17.25203514099121,121.6500015258789,75.44000244140625,0.9729999899864197
2017-06-09,54.79629898071289,33.45262908935547,11.131854057312012,26.92469596862793,31.990507125854492,210.5274200439453,17.059999465942383,17.31220817565918,120.54000091552734,75.91999816894531,0.9800000190734863
2017-06-12,55.33004379272461,34.12435531616211,11.11384391784668,26.98748779296875,32.302650451660156,210.484130859375,16.899999618530273,17.105905532836914,120.36000061035156,76.16000366210938,0.9729999899864197
2017-06-13,55.35005569458008,34.654296875,11.131854057312012,27.065980911254883,32.249351501464844,211.5133056640625,16.829999923706055,17.045732498168945,120.4800033569336,76.80000305175781,0.9829999804496765
2017-06-14,54.75627517700195,33.90044403076172,10.888684272766113,26.469411849975586,32.01333999633789,211.24525451660156,16.829999923706055,16.925390243530273,119.81999969482422,73.83999633789062,0.9829999804496765
2017-06-15,54.883026123046875,33.878055572509766,10.35731029510498,25.935617446899414,32.249351501464844,210.83871459960938,16.639999389648438,16.942581176757812,119.31999969482422,73.44000244140625,0.9929999709129333
2017-06-16,55.70365905761719,34.72893524169922,10.285259246826172,25.778627395629883,32.401611328125,210.88482666015625,16.639999389648438,16.976964950561523,119.33999633789062,73.91999816894531,0.9850000143051147
2017-06-19,55.21664047241211,34.60203552246094,10.438365936279297,25.810026168823242,32.31025695800781,212.64039611816406,16.799999237060547,16.822240829467773,118.43000030517578,72.95999908447266,0.9850000143051147
2017-06-20,54.9163818359375,34.19899368286133,10.123143196105957,25.778627395629883,31.579395294189453,211.20639038085938,16.799999237060547,16.787857055664062,118.18000030517578,71.5999984741211,0.9929999709129333
2017-06-21,54.335941314697266,33.54965591430664,10.0961275100708,26.02196502685547,31.404285430908203,211.15423583984375,16.829999923706055,16.564363479614258,118.5199966430664,69.68000030517578,0.9679999947547913
2017-06-22,54.095733642578125,33.4451789855957,10.312277793884277,26.296709060668945,31.236799240112305,211.05860900878906,16.829999923706055,16.297887802124023,118.91999816894531,70.23999786376953,0.9330000281333923
2017-06-23,54.44936752319336,33.4600830078125,10.591475486755371,26.540048599243164,31.335765838623047,211.31068420410156,16.989999771118164,16.3752498626709,119.43000030517578,70.87999725341797,0.9330000281333923
2017-06-26,54.20249557495117,33.01226043701172,10.645511627197266,26.508647918701172,31.44234848022461,211.44976806640625,17.020000457763672,16.418230056762695,118.36000061035156,71.44000244140625,0.9330000281333923
2017-06-27,54.11574935913086,32.818214416503906,10.555448532104492,25.959169387817383,31.21395492553711,209.7462615966797,17.06999969482422,16.38384437561035,118.80999755859375,72.80000305175781,0.9900000095367432
2017-06-28,54.395973205566406,32.81074142456055,10.798624038696289,25.935617446899414,31.32054901123047,211.62356567382812,17.239999771118164,16.42682647705078,118.9000015258789,73.5999984741211,0.9850000143051147
2017-06-29,53.84220504760742,32.90031051635742,10.879676818847656,25.29978370666504,30.932273864746094,209.76364135742188,17.239999771118164,16.65032196044922,118.31999969482422,73.68000030517578,1.003000020980835
2017-06-30,53.86224365234375,32.81074142456055,10.816637992858887,25.425386428833008,31.503263473510742,210.15476989746094,17.459999084472656,17.06292724609375,118.0199966430664,76.0,0.9929999709129333
2017-07-03,54.77627182006836,34.079586029052734,10.987753868103027,25.032899856567383,31.564170837402344,210.51109313964844,17.270000457763672,17.31220817565918,116.08999633789062,76.95999908447266,1.0
2017-07-05,53.942283630371094,32.960018157958984,10.960735321044922,25.65302848815918,31.823007583618164,210.99781799316406,17.1299991607666,17.337997436523438,116.5199966430664,74.0,1.0199999809265137
2017-07-06,53.45524597167969,32.32560348510742,10.708556175231934,25.339033126831055,31.290084838867188,209.068359375,17.200000762939453,17.243438720703125,116.47000122070312,74.4800033569336,1.0080000162124634
2017-07-07,53.52196502685547,32.094207763671875,10.71756362915039,25.142791748046875,31.396684646606445,210.4241485595703,17.200000762939453,17.27782440185547,115.27999877929688,72.80000305175781,1.0080000162124634
2017-07-10,53.481929779052734,32.27334976196289,11.275959014892578,25.5352840423584,31.06932258605957,210.65013122558594,17.049999237060547,17.295015335083008,115.47000122070312,73.04000091552734,1.0130000114440918
2017-07-11,53.77547836303711,32.355445861816406,11.329997062683105,25.864971160888672,30.673423767089844,210.49368286132812,17.049999237060547,17.303611755371094,115.62000274658203,74.16000366210938,1.0329999923706055
2017-07-12,54.015682220458984,32.27334976196289,11.050801277160645,26.03766441345215,31.137821197509766,212.07553100585938,17.049999237060547,17.286418914794922,116.02999877929688,74.63999938964844,1.0230000019073486
2017-07-13,54.022342681884766,32.28081512451172,11.239933013916016,25.85712432861328,31.503263473510742,212.43186950683594,17.049999237060547,17.148887634277344,115.81999969482422,75.76000213623047,1.0130000114440918
2017-07-14,54.229190826416016,32.43008804321289,11.348010063171387,26.139707565307617,31.579395294189453,213.42263793945312,17.049999237060547,17.25203514099121,116.7699966430664,76.72000122070312,1.0080000162124634
2017-07-17,53.94896697998047,32.23602294921875,11.70826244354248,26.477251052856445,31.670743942260742,213.39657592773438,17.610000610351562,17.217655181884766,117.29000091552734,75.5999984741211,1.0199999809265137
2017-07-18,53.77547836303711,32.14645767211914,11.70826244354248,26.46155548095703,31.35099220275879,213.509521484375,17.649999618530273,17.157480239868164,118.11000061035156,76.31999969482422,1.0399999618530273
2017-07-19,53.942283630371094,32.586822509765625,11.807332038879395,26.595003128051758,31.427114486694336,214.66552734375,17.649999618530273,17.415359497070312,118.08000183105469,77.5199966430664,1.0850000381469727
2017-07-20,53.94896697998047,32.462921142578125,11.744290351867676,26.626399993896484,31.533708572387695,214.7611541748047,17.559999465942383,17.406763076782227,118.23999786376953,76.87999725341797,1.1130000352859497
2017-07-21,53.45524597167969,32.027381896972656,11.717268943786621,26.99534034729004,31.411914825439453,214.56993103027344,17.520000457763672,17.303611755371094,119.26000213623047,74.72000122070312,1.1380000114440918
2017-07-24,53.28845977783203,31.997337341308594,11.672237396240234,26.61070442199707,31.503263473510742,214.5177764892578,17.520000457763672,17.071523666381836,119.30999755859375,76.0,1.149999976158142
2017-07-25,53.55531692504883,32.778324127197266,13.39245319366455,28.447542190551758,31.944822311401367,215.03919982910156,18.270000457763672,16.796451568603516,118.91999816894531,78.4800033569336,1.1430000066757202
2017-07-26,53.622047424316406,32.81585693359375,13.563573837280273,29.012720108032227,31.754499435424805,215.04794311523438,18.56999969482422,16.942581176757812,119.87999725341797,79.68000030517578,1.0950000286102295
2017-07-27,53.92893981933594,33.53676223754883,13.05921745300293,28.604536056518555,31.80778694152832,214.84805297851562,18.540000915527344,17.13169288635254,119.79000091552734,80.4800033569336,1.0779999494552612
2017-07-28,53.108299255371094,33.98731994628906,13.149277687072754,29.091232299804688,31.80778694152832,214.59600830078125,18.59000015258789,17.140289306640625,120.69000244140625,81.36000061035156,1.0529999732971191
2017-07-31,53.401859283447266,34.069908142089844,13.167293548583984,29.177570343017578,32.112308502197266,214.4743194580078,18.639999389648438,17.13169288635254,120.75,82.23999786376953,1.0529999732971191
2017-08-01,53.48859786987305,33.60434341430664,13.050209045410156,29.02842903137207,32.964988708496094,214.9523162841797,18.56999969482422,16.891006469726562,120.6500015258789,80.72000122070312,1.0579999685287476
2017-08-02,53.77547836303711,34.25014877319336,12.942133903503418,28.94208526611328,32.34831619262695,215.05665588378906,18.610000610351562,17.097309112548828,120.4000015258789,81.12000274658203,1.0499999523162842
2017-08-03,53.702083587646484,33.72449493408203,12.942133903503418,28.722278594970703,32.447303771972656,214.6394500732422,18.579999923706055,16.959774017333984,120.58999633789062,80.16000366210938,1.0579999685287476
2017-08-04,53.515289306640625,34.21259689331055,12.978157043457031,28.376893997192383,32.42445373535156,215.030517578125,18.6200008392334,16.89960289001465,119.6500015258789,81.04000091552734,1.0529999732971191
2017-08-07,53.481929779052734,33.91973114013672,13.239343643188477,28.39258575439453,32.31025695800781,215.4303741455078,18.739999771118164,16.93398666381836,119.51000213623047,80.80000305175781,1.0329999923706055
2017-08-08,53.34848403930664,34.26516342163086,13.032196998596191,28.055055618286133,32.15800094604492,214.90017700195312,18.93000030517578,16.873815536499023,119.86000061035156,80.4800033569336,1.0299999713897705
2017-08-09,53.515289306640625,34.28018569946289,13.140275001525879,28.33765411376953,32.34831619262695,214.89151000976562,18.829999923706055,16.77066421508789,121.30999755859375,81.19999694824219,1.024999976158142
2017-08-10,53.19865417480469,33.769554138183594,12.743995666503906,28.604536056518555,32.0666389465332,211.8582305908203,18.729999542236328,16.409635543823242,122.20999908447266,79.27999877929688,1.0180000066757202
2017-08-11,52.68667984008789,33.634395599365234,12.572874069213867,28.675182342529297,31.411914825439453,212.17108154296875,18.790000915527344,16.50419044494629,122.79000091552734,79.91999816894531,1.0130000114440918
2017-08-14,52.700172424316406,33.4466552734375,12.743995666503906,28.27484893798828,31.93720817565918,214.27444458007812,18.760000228881836,16.418230056762695,121.91999816894531,77.76000213623047,1.003000020980835
2017-08-15,52.57215881347656,33.41660690307617,12.581879615783691,28.07860565185547,32.2594108581543,214.2483367919922,18.639999389648438,16.280696868896484,120.9800033569336,78.0,1.0080000162124634
2017-08-16,52.188201904296875,32.808353424072266,13.302387237548828,28.3612003326416,32.336143493652344,214.6220703125,19.190000534057617,16.143159866333008,121.87000274658203,76.55999755859375,0.9850000143051147
2017-08-17,51.37306213378906,32.29020309448242,12.78902530670166,28.298398971557617,31.9679012298584,211.2759552001953,18.709999084472656,16.040008544921875,122.48999786376953,76.95999908447266,0.9779999852180481
2017-08-18,51.62904739379883,32.37281799316406,12.743995666503906,28.125696182250977,31.66103172302246,210.94566345214844,18.920000076293945,16.048606872558594,122.30000305175781,79.76000213623047,0.9879999756813049
2017-08-21,51.45389938354492,31.91473960876465,13.266364097595215,28.73798370361328,31.883501052856445,211.11077880859375,19.239999771118164,15.971242904663086,122.76000213623047,77.68000030517578,0.9649999737739563
2017-08-22,51.696434020996094,32.43289566040039,13.57258129119873,28.651641845703125,32.00625228881836,213.31837463378906,19.299999237060547,15.971242904663086,122.20999908447266,78.16000366210938,0.9950000047683716
2017-08-23,51.608848571777344,32.808353424072266,13.770719528198242,29.02842903137207,32.044620513916016,212.55357360839844,19.280000686645508,15.88528060913086,122.66999816894531,79.04000091552734,0.9800000190734863
2017-08-24,51.42021179199219,32.51548767089844,13.950844764709473,28.90283203125,31.515274047851562,212.05816650390625,19.6299991607666,16.040008544921875,122.29000091552734,77.68000030517578,0.9980000257492065
2017-08-25,51.682945251464844,32.72575759887695,13.770719528198242,29.036273956298828,32.0292854309082,212.55357360839844,19.6299991607666,16.031414031982422,122.73999786376953,78.0,0.9950000047683716
2017-08-28,51.51451873779297,32.327754974365234,13.986871719360352,30.06458854675293,32.044620513916016,212.5622100830078,19.850000381469727,16.143159866333008,124.69000244140625,76.23999786376953,1.0049999952316284
2017-08-29,51.50105667114258,32.17756271362305,13.698668479919434,29.860498428344727,32.02159881591797,212.80555725097656,19.959999084472656,15.88528060913086,124.41999816894531,75.68000030517578,1.0099999904632568
2017-08-30,51.26528549194336,32.59809112548828,13.113255500793457,29.876201629638672,32.11366271972656,213.81378173828125,19.809999465942383,15.893880844116211,124.36000061035156,75.04000091552734,0.9980000257492065
2017-08-31,51.42021179199219,32.785823822021484,13.311393737792969,30.095991134643555,31.699386596679688,215.10006713867188,19.799999237060547,16.022815704345703,125.81999969482422,77.04000091552734,0.9779999852180481
2017-09-01,51.58189010620117,33.22136306762695,13.57258129119873,30.347185134887695,32.374488830566406,215.40426635742188,19.950000762939453,15.988433837890625,126.05999755859375,77.36000061035156,0.9850000143051147
2017-09-05,51.99283981323242,33.334007263183594,13.320403099060059,30.417829513549805,32.17502975463867,213.85723876953125,20.040000915527344,16.151758193969727,127.45999908447266,79.36000061035156,0.9829999804496765
2017-09-06,53.07068634033203,33.83714294433594,13.563573837280273,30.127391815185547,32.52793502807617,214.58726501464844,20.200000762939453,16.194734573364258,126.80999755859375,80.31999969482422,1.0379999876022339
2017-09-07,53.239097595214844,33.87467956542969,13.698668479919434,31.085060119628906,32.67369079589844,214.5612030029297,20.1299991607666,16.117372512817383,128.1300048828125,80.23999786376953,1.0230000019073486
2017-09-08,53.09762954711914,33.394081115722656,12.82504940032959,30.857418060302734,32.504913330078125,214.30917358398438,19.5,16.20333480834961,127.97000122070312,77.83999633789062,1.0199999809265137
2017-09-11,53.387290954589844,33.73950958251953,12.960147857666016,30.001792907714844,32.82712936401367,216.594970703125,19.729999542236328,16.186140060424805,126.19000244140625,78.55999755859375,1.0199999809265137
2017-09-12,53.55571365356445,33.73950958251953,12.879090309143066,30.10384750366211,33.149330139160156,217.32504272460938,19.459999084472656,16.091583251953125,126.55999755859375,78.95999908447266,1.0180000066757202
2017-09-13,53.737579345703125,34.21259689331055,12.55486011505127,29.793169021606445,33.210716247558594,217.42935180664062,19.079999923706055,16.20333480834961,125.61000061035156,80.55999755859375,1.0180000066757202
2017-09-14,53.953163146972656,34.41533660888672,12.482808113098145,29.93474006652832,33.333465576171875,217.35980224609375,18.950000762939453,16.21192741394043,126.16000366210938,81.04000091552734,1.027999997138977
2017-09-15,53.939701080322266,34.92599105834961,12.500821113586426,29.76957130432129,33.63264846801758,217.65237426757812,18.950000762939453,16.38384437561035,125.52999877929688,81.5999984741211,1.0099999904632568
2017-09-18,53.953163146972656,35.36153030395508,12.725980758666992,29.714515686035156,33.82443618774414,218.1153564453125,19.040000915527344,16.28929328918457,124.36000061035156,81.36000061035156,1.0
2017-09-19,54.04074478149414,35.70695877075195,13.041203498840332,29.958345413208008,33.6710090637207,218.33372497558594,19.049999237060547,16.22911834716797,124.62000274658203,80.87999725341797,1.0180000066757202
2017-09-20,54.263057708740234,36.292701721191406,12.771013259887695,29.5965518951416,33.23373031616211,218.4123077392578,18.979999542236328,16.435422897338867,123.62000274658203,81.91999816894531,1.0199999809265137
2017-09-21,53.81843948364258,36.563026428222656,12.590885162353516,29.439241409301758,33.210716247558594,217.82708740234375,18.81999969482422,16.38384437561035,122.68000030517578,82.0,1.0080000162124634
2017-09-22,53.83864974975586,36.85590362548828,12.66294002532959,29.801040649414062,33.279754638671875,217.8707733154297,18.8799991607666,16.38384437561035,123.23999786376953,81.91999816894531,1.003000020980835
2017-09-25,54.5527229309082,37.53173828125,12.509827613830566,30.383054733276367,33.42552185058594,217.4253692626953,18.829999923706055,16.237714767456055,124.52999877929688,84.4000015258789,0.9980000257492065
2017-09-26,54.49208450317383,37.29893112182617,12.599891662597656,29.863964080810547,33.38715362548828,217.5563201904297,18.739999771118164,16.186140060424805,123.13999938964844,83.91999816894531,1.0429999828338623
2017-09-27,54.855873107910156,37.71196365356445,12.60890007019043,29.266212463378906,33.02659225463867,218.4036102294922,18.75,16.315078735351562,121.9800033569336,84.16000366210938,1.0379999876022339
2017-09-28,55.36785888671875,37.546756744384766,12.987165451049805,29.588680267333984,32.79643249511719,218.6656036376953,18.75,16.194734573364258,122.20999908447266,83.44000244140625,1.0299999713897705
2017-09-29,55.226375579833984,37.58428955078125,12.644925117492676,29.502155303955078,32.612335205078125,219.4342498779297,18.950000762939453,16.315078735351562,121.58000183105469,83.44000244140625,1.027999997138977
2017-10-02,54.9905891418457,37.77954864501953,12.915115356445312,29.793169021606445,32.69671630859375,220.38629150390625,18.93000030517578,16.254907608032227,120.7699966430664,81.68000030517578,1.0130000114440918
2017-10-03,55.07817840576172,36.97603988647461,13.18530559539795,30.06844139099121,32.773414611816406,220.85791015625,18.93000030517578,16.26350212097168,120.83000183105469,81.44000244140625,1.034999966621399
2017-10-04,55.0984001159668,37.02859878540039,13.086234092712402,29.95047950744629,33.01124572753906,221.1199493408203,18.969999313354492,16.26350212097168,121.16999816894531,80.63999938964844,1.0429999828338623
2017-10-05,55.25331497192383,37.32147979736328,13.284375190734863,29.848228454589844,33.25673294067383,222.43011474609375,19.5,16.3752498626709,120.5199966430664,82.0,1.0429999828338623
2017-10-06,55.04447555541992,36.69068908691406,12.906110763549805,29.93474006652832,32.98823165893555,222.17684936523438,19.489999771118164,16.409635543823242,121.08999633789062,79.76000213623047,1.0429999828338623
2017-10-09,55.26005935668945,36.728233337402344,12.897100448608398,30.107776641845703,32.68903350830078,221.80995178222656,19.510000228881836,16.297887802124023,122.08000183105469,80.0,1.0449999570846558
2017-10-10,55.41500473022461,36.9384880065918,12.978157043457031,29.808908462524414,32.995906829833984,222.3951873779297,19.68000030517578,16.401039123535156,122.4000015258789,82.23999786376953,1.0549999475479126
2017-10-11,55.6440315246582,37.24637222290039,12.996171951293945,29.95047950744629,33.210716247558594,222.74456787109375,19.8700008392334,16.418230056762695,122.79000091552734,82.87999725341797,1.0679999589920044
2017-10-12,55.52952194213867,37.404083251953125,13.068222999572754,30.19429588317871,33.325775146484375,222.41268920898438,20.049999237060547,16.39244270324707,122.88999938964844,81.83999633789062,1.0529999732971191
2017-10-13,55.51606369018555,37.29459762573242,13.284375190734863,30.351593017578125,33.75539016723633,222.68344116210938,20.040000915527344,16.452613830566406,123.81999969482422,82.95999908447266,1.0499999523162842
2017-10-16,55.785518646240234,37.53620147705078,13.752704620361328,29.87969398498535,33.52525329589844,222.98037719726562,20.75,16.3752498626709,122.97000122070312,83.68000030517578,1.0549999475479126
2017-10-17,55.88656234741211,37.53620147705078,13.446491241455078,30.162832260131836,33.50223159790039,223.13758850097656,20.540000915527344,16.26350212097168,122.12999725341797,83.91999816894531,1.0729999542236328
2017-10-18,55.7518424987793,37.52863693237305,13.356428146362305,29.777433395385742,33.22603988647461,223.35595703125,20.389999389648438,16.28929328918457,121.66999816894531,83.83999633789062,1.0679999589920044
2017-10-19,55.738372802734375,37.52863693237305,13.338412284851074,29.76171112060547,33.22603988647461,223.41709899902344,20.3700008392334,16.435422897338867,122.38999938964844,82.80000305175781,1.065000057220459
2017-10-20,55.987606048583984,37.93631362915039,13.356428146362305,29.722375869750977,33.3641357421875,224.57003784179688,20.25,16.32367515563965,121.61000061035156,83.44000244140625,1.0750000476837158
2017-10-23,56.0751838684082,37.94386672973633,13.338412284851074,29.39204978942871,33.42552185058594,223.6966094970703,20.399999618530273,16.3752498626709,121.80000305175781,83.36000061035156,1.0700000524520874
2017-10-24,56.230125427246094,38.494991302490234,13.71667766571045,29.203296661376953,33.54825973510742,224.08963012695312,20.56999969482422,16.478403091430664,121.33000183105469,84.31999969482422,1.0980000495910645
2017-10-25,56.02803039550781,37.717376708984375,13.239343643188477,28.90441131591797,33.325775146484375,222.98037719726562,20.3799991607666,16.469806671142578,121.3499984741211,83.83999633789062,1.0829999446868896
2017-10-26,56.230125427246094,38.84980773925781,13.230339050292969,28.165090560913086,32.995906829833984,223.26858520507812,20.43000030517578,16.521381378173828,120.33000183105469,84.55999755859375,1.0800000429153442
2017-10-27,56.39179992675781,38.66106414794922,12.725980758666992,28.157209396362305,33.04193115234375,225.09408569335938,19.979999542236328,16.564363479614258,120.9000015258789,86.72000122070312,1.0729999542236328
2017-10-30,56.27727508544922,38.79695510864258,12.55486011505127,28.495418548583984,32.84246826171875,224.25563049316406,20.010000228881836,16.62453269958496,121.12999725341797,86.95999908447266,1.0750000476837158
2017-10-31,56.14928436279297,38.61576843261719,12.590885162353516,28.440370559692383,31.354158401489258,224.60498046875,19.899999618530273,16.710493087768555,120.66999816894531,87.44000244140625,1.1230000257492065
2017-11-01,56.49958801269531,39.332969665527344,12.951140403747559,28.070707321166992,31.162372589111328,224.9019317626953,20.079999923706055,16.710493087768555,121.11000061035156,87.19999694824219,1.1380000114440918
2017-11-02,56.2705192565918,39.619873046875,12.816046714782715,28.69205665588379,30.809471130371094,224.98931884765625,20.139999389648438,16.684703826904297,121.19000244140625,87.91999816894531,1.1380000114440918
2017-11-03,56.034767150878906,39.98223876953125,12.743995666503906,28.345985412597656,30.5179443359375,225.740478515625,20.059999465942383,16.69329833984375,120.62000274658203,89.44000244140625,1.1480000019073486
2017-11-06,56.41875457763672,40.518245697021484,13.18530559539795,28.60553741455078,30.12669563293457,226.08987426757812,20.34000015258789,16.710493087768555,121.6500015258789,92.08000183105469,1.1579999923706055
2017-11-07,56.30423355102539,40.37480926513672,13.104247093200684,28.345985412597656,30.33382225036621,225.93263244628906,19.81999969482422,16.719091415405273,121.20999908447266,91.91999816894531,1.187999963760376
2017-11-08,56.230125427246094,40.405006408691406,13.38344669342041,28.558353424072266,30.533292770385742,226.31698608398438,19.920000076293945,16.65032196044922,121.62999725341797,91.27999877929688,1.1950000524520874
2017-11-09,56.566951751708984,40.41255187988281,13.257357597351074,28.220142364501953,30.379858016967773,225.49594116210938,19.889999389648438,16.615936279296875,122.12999725341797,91.68000030517578,1.2029999494552612
2017-11-10,56.39019012451172,40.00489044189453,12.978157043457031,27.93699836730957,30.633020401000977,225.42605590820312,19.75,16.641725540161133,121.12999725341797,91.36000061035156,1.2000000476837158
2017-11-13,56.35618591308594,39.687801361083984,12.996171951293945,28.0864315032959,30.48726463317871,225.63560485839844,20.09000015258789,16.581554412841797,121.30999755859375,91.04000091552734,1.184999942779541
2017-11-14,55.91426086425781,38.676170349121094,12.428773880004883,28.53474235534668,30.525609970092773,225.11158752441406,19.639999389648438,16.44401741027832,121.55999755859375,89.04000091552734,1.2400000095367432
2017-11-15,55.21397399902344,38.11750411987305,12.275663375854492,28.377443313598633,30.131195068359375,223.9848175048828,19.649999618530273,16.409635543823242,121.41000366210938,88.72000122070312,1.2300000190734863
2017-11-16,54.77204895019531,37.913673400878906,12.266654968261719,28.385303497314453,30.309072494506836,225.8889923095703,19.65999984741211,16.38384437561035,121.4000015258789,88.55999755859375,1.2300000190734863
2017-11-17,54.554473876953125,37.8457145690918,12.482808113098145,28.479692459106445,30.486942291259766,225.22511291503906,19.780000686645508,16.401039123535156,122.86000061035156,90.80000305175781,1.2400000095367432
2017-11-20,54.7652473449707,37.807979583740234,12.563868522644043,28.574079513549805,30.316808700561523,225.6094207763672,19.889999389648438,16.3322696685791,121.30999755859375,90.23999786376953,1.2400000095367432
2017-11-21,54.98280715942383,37.755130767822266,12.743995666503906,28.60553741455078,30.42508316040039,227.0855255126953,20.149999618530273,16.340866088867188,121.51000213623047,91.19999694824219,1.277999997138977
2017-11-22,55.13917922973633,37.913673400878906,12.82504940032959,28.87295150756836,30.34774398803711,226.88465881347656,20.200000762939453,16.478403091430664,122.62999725341797,92.80000305175781,1.2649999856948853
2017-11-24,55.35673904418945,38.10240936279297,12.924120903015137,28.849353790283203,30.27039909362793,227.40870666503906,20.420000076293945,16.452613830566406,122.31999969482422,94.31999969482422,1.2400000095367432
2017-11-27,55.14597702026367,37.11342239379883,12.689956665039062,29.179685592651367,30.216264724731445,227.29519653320312,20.1299991607666,16.44401741027832,122.83000183105469,92.72000122070312,1.2230000495910645
2017-11-28,55.52672576904297,37.8457145690918,12.7980318069458,29.21115493774414,30.23172950744629,229.60104370117188,19.81999969482422,16.435422897338867,122.80999755859375,92.63999938964844,1.2649999856948853
2017-11-29,55.93464660644531,38.2986946105957,12.617904663085938,28.786434173583984,30.757638931274414,229.46133422851562,19.610000610351562,16.564363479614258,122.04000091552734,91.76000213623047,1.2580000162124634
2017-11-30,56.62814712524414,38.41194534301758,12.536846160888672,29.093175888061523,30.84270477294922,231.47024536132812,19.65999984741211,16.401039123535156,121.0999984741211,91.76000213623047,1.2380000352859497
2017-12-01,56.74371337890625,39.06119155883789,12.707965850830078,29.250469207763672,31.577430725097656,230.98983764648438,19.75,16.38384437561035,121.58999633789062,93.36000061035156,1.2350000143051147
2017-12-04,56.81852340698242,38.72146224975586,12.879090309143066,28.975200653076172,31.86357879638672,230.71029663085938,19.649999618530273,16.315078735351562,121.18000030517578,91.91999816894531,1.2450000047683716
2017-12-05,56.35618591308594,38.676170349121094,12.707965850830078,28.471824645996094,31.585163116455078,229.8805389404297,18.8799991607666,16.20333480834961,120.31999969482422,92.31999969482422,1.2829999923706055
2017-12-06,55.94146728515625,38.03445816040039,12.924120903015137,28.180816650390625,31.879045486450195,229.9242401123047,18.979999542236328,16.031414031982422,120.06999969482422,89.5999984741211,1.2630000114440918
2017-12-07,56.12502670288086,38.155235290527344,13.365431785583496,28.310863494873047,31.948657989501953,230.64913940429688,18.920000076293945,15.88528060913086,118.48999786376953,90.63999938964844,1.2599999904632568
2017-12-08,56.199798583984375,38.93284606933594,13.482516288757324,27.901023864746094,32.10333251953125,231.906982421875,19.049999237060547,15.842302322387695,118.4800033569336,91.91999816894531,1.253000020980835
2017-12-11,56.451351165771484,39.0234375,13.527547836303711,27.325660705566406,32.40495300292969,232.60569763183594,19.219999313354492,15.73055362701416,118.01000213623047,92.80000305175781,1.2630000114440918
2017-12-12,56.26780319213867,39.2272834777832,14.148984909057617,27.26261329650879,32.304412841796875,233.0162353515625,19.309999465942383,15.63599967956543,118.1500015258789,91.5199966430664,1.309999942779541
2017-12-13,56.512542724609375,39.015899658203125,14.698372840881348,28.176883697509766,30.974180221557617,232.99000549316406,19.579999923706055,15.687575340270996,119.16999816894531,90.63999938964844,1.2730000019073486
2017-12-14,56.36299133300781,39.49151611328125,14.581291198730469,28.29509735107422,30.602962493896484,232.03797912597656,19.559999465942383,15.67897891998291,118.93000030517578,91.44000244140625,1.2829999923706055
2017-12-15,56.451351165771484,39.385826110839844,15.292790412902832,28.271453857421875,31.36860466003418,233.97024536132812,20.0,15.75634479522705,119.18000030517578,91.68000030517578,1.284999966621399
2017-12-18,56.39019012451172,39.514163970947266,15.626028060913086,28.886215209960938,31.10565757751465,235.4539031982422,20.06999969482422,15.773536682128906,119.7300033569336,91.5199966430664,1.315000057220459
2017-12-19,56.050235748291016,39.770835876464844,15.608015060424805,28.649776458740234,31.036054611206055,234.5496368408203,20.059999465942383,15.790726661682129,119.81999969482422,92.08000183105469,1.3530000448226929
2017-12-20,56.342586517333984,40.95612716674805,15.905223846435547,28.85469627380371,30.834980010986328,234.4268035888672,20.40999984741211,15.85949420928955,120.13999938964844,92.87999725341797,1.350000023841858
2017-12-21,57.008880615234375,42.23954391479492,16.373554229736328,28.949281692504883,31.005123138427734,234.90957641601562,20.549999237060547,15.876687049865723,120.30999755859375,93.12000274658203,1.3200000524520874
2017-12-22,57.09046936035156,41.899818420410156,16.301504135131836,29.099016189575195,31.082456588745117,234.84814453125,20.700000762939453,15.825109481811523,120.94000244140625,93.27999877929688,1.2979999780654907
2017-12-26,57.09725570678711,42.4509162902832,16.814870834350586,29.611331939697266,31.1365966796875,234.56724548339844,20.889999389648438,15.962646484375,121.7699966430664,95.5999984741211,1.3029999732971191
2017-12-27,57.04287338256836,41.967750549316406,16.83287811279297,29.63498878479004,31.121126174926758,234.68133544921875,20.940000534057617,16.048606872558594,122.2300033569336,95.36000061035156,1.4079999923706055
2017-12-28,57.12445831298828,41.658233642578125,17.35524559020996,29.564037322998047,31.14432716369629,235.16415405273438,21.15999984741211,16.091583251953125,122.8499984741211,95.76000213623047,1.3700000047683716
2017-12-29,56.86611557006836,41.439292907714844,17.076047897338867,29.571924209594727,30.997394561767578,234.27752685546875,21.059999465942383,16.12596893310547,123.6500015258789,96.08000183105469,1.3550000190734863
2018-01-02,57.811153411865234,41.76390075683594,17.805566787719727,30.07634925842285,31.005123138427734,235.9542694091797,20.920000076293945,16.306482315063477,125.1500015258789,96.55999755859375,1.378000020980835
2018-01-03,58.94655990600586,42.533973693847656,17.535377502441406,29.82413673400879,30.7653751373291,237.44671630859375,20.809999465942383,16.297887802124023,124.81999969482422,98.72000122070312,1.3700000047683716
2018-01-04,59.02814865112305,43.02470397949219,17.778547286987305,30.15517807006836,31.283540725708008,238.447509765625,20.780000686645508,16.2721004486084,125.45999908447266,98.95999908447266,1.3700000047683716
2018-01-05,58.980587005615234,42.94163513183594,17.92264747619629,30.265504837036133,31.074731826782227,240.03656005859375,20.6200008392334,16.186140060424805,125.33000183105469,98.4800033569336,1.3700000047683716
2018-01-08,59.24571228027344,43.3795166015625,17.841594696044922,30.233997344970703,31.005123138427734,240.47547912597656,20.639999389648438,16.074392318725586,125.30999755859375,99.04000091552734,1.3799999952316284
2018-01-09,58.994163513183594,43.73434066772461,17.04002571105957,30.036941528320312,31.10565757751465,241.01980590820312,20.530000686645508,16.10877799987793,124.7300033569336,100.55999755859375,1.4149999618530273
2018-01-10,58.52505874633789,43.5229606628418,17.571399688720703,30.218217849731445,30.86591148376465,240.65109252929688,20.649999618530273,16.048606872558594,125.02999877929688,101.44000244140625,1.3949999809265137
2018-01-11,59.102943420410156,44.67802047729492,17.90463638305664,30.612302780151367,31.36860466003418,242.4068603515625,20.610000610351562,15.988433837890625,125.44000244140625,101.5999984741211,1.402999997138977
2018-01-12,59.50408935546875,45.3348388671875,17.787546157836914,31.361045837402344,31.32221031188965,243.9871826171875,20.59000015258789,15.954050064086914,126.95999908447266,102.95999908447266,1.409999966621399
2018-01-16,59.13014221191406,44.421348571777344,17.400279998779297,31.52657699584961,31.538747787475586,243.15310668945312,20.510000228881836,15.93685531616211,127.16999816894531,102.08000183105469,1.3949999809265137
2018-01-17,59.83041000366211,45.19139099121094,17.805566787719727,31.09308433532715,31.639293670654297,245.47068786621094,20.329999923706055,16.065797805786133,126.13999938964844,102.23999786376953,1.4149999618530273
2018-01-18,59.44289779663086,45.11589431762695,17.472333908081055,30.927570343017578,31.306743621826172,245.05809020996094,20.420000076293945,16.057199478149414,125.86000061035156,102.08000183105469,1.4049999713897705
2018-01-19,59.252525329589844,45.10836410522461,17.976686477661133,31.108842849731445,31.67796516418457,246.17311096191406,20.34000015258789,16.01422119140625,126.41999816894531,101.76000213623047,1.402999997138977
2018-01-22,60.000389099121094,45.802913665771484,18.00370216369629,31.25860023498535,33.06233596801758,248.17471313476562,20.450000762939453,16.065797805786133,126.6500015258789,102.23999786376953,1.3899999856948853
2018-01-23,60.03440475463867,45.65191650390625,17.607419967651367,31.778791427612305,32.954063415527344,248.70150756835938,19.940000534057617,16.005626678466797,127.27999877929688,103.76000213623047,1.4129999876022339
2018-01-24,60.190757751464844,45.66701889038086,17.652462005615234,32.76400375366211,33.13193893432617,248.60484313964844,20.600000381469727,16.16035270690918,128.8300018310547,105.76000213623047,1.409999966621399
2018-01-25,60.08198165893555,44.90451431274414,17.850595474243164,32.133460998535156,33.17061233520508,248.71029663085938,20.469999313354492,16.10877799987793,127.97000122070312,104.4800033569336,1.3930000066757202
2018-01-26,60.51033020019531,45.591522216796875,17.598421096801758,32.354148864746094,33.711978912353516,251.5896759033203,20.459999084472656,16.237714767456055,128.07000732421875,105.91999816894531,1.3880000114440918
2018-01-29,59.83723068237305,45.04041290283203,17.67947769165039,31.589628219604492,33.34074783325195,249.92185974121094,20.43000030517578,16.254907608032227,127.3499984741211,104.87999725341797,1.375
2018-01-30,59.00096893310547,44.13447570800781,17.229162216186523,31.605388641357422,32.853511810302734,247.35824584960938,20.350000381469727,16.280696868896484,126.80000305175781,103.19999694824219,1.4249999523162842
2018-01-31,59.354496002197266,44.398712158203125,17.562393188476562,31.92853546142578,33.217018127441406,247.4811248779297,20.450000762939453,16.186140060424805,127.6500015258789,103.83999633789062,1.4299999475479126
2018-02-01,60.55790710449219,44.806373596191406,17.517366409301758,31.81031036376953,32.838043212890625,247.20022583007812,20.520000457763672,16.3322696685791,128.07000732421875,105.91999816894531,1.4529999494552612
2018-02-02,57.47121810913086,43.57579803466797,16.184419631958008,30.714773178100586,32.04145431518555,241.81871032714844,20.260000228881836,16.306482315063477,126.38999938964844,104.31999969482422,1.4500000476837158
2018-02-05,54.20094680786133,42.23198699951172,15.896215438842773,29.792612075805664,31.399547576904297,231.70526123046875,20.459999084472656,16.194734573364258,126.70999908447266,102.16000366210938,1.4579999446868896
2018-02-06,53.26948165893555,42.23198699951172,16.877914428710938,29.658632278442383,32.48229217529297,236.27037048339844,20.459999084472656,16.315078735351562,125.37999725341797,101.5999984741211,1.4880000352859497
2018-02-07,52.31083679199219,41.99795150756836,16.085357666015625,29.185718536376953,32.62923812866211,234.98867797851562,19.780000686645508,16.297887802124023,124.79000091552734,98.95999908447266,1.5149999856948853
2018-02-08,51.71934509277344,40.19363021850586,15.454910278320312,28.85469627380371,31.97960090637207,226.17446899414062,19.6200008392334,16.21192741394043,124.9800033569336,96.72000122070312,1.5149999856948853
2018-02-09,52.049007415771484,39.48394775390625,15.824163436889648,28.972923278808594,32.08786392211914,229.57196044921875,19.5,16.177541732788086,124.7699966430664,94.87999725341797,1.524999976158142
2018-02-12,52.48857879638672,40.53895950317383,15.824163436889648,29.091136932373047,31.917713165283203,232.94305419921875,19.790000915527344,16.280696868896484,125.37000274658203,95.12000274658203,1.534999966621399
2018-02-13,52.40616989135742,40.47065353393555,16.031314849853516,29.177845001220703,31.971853256225586,233.5225372314453,20.280000686645508,16.280696868896484,126.08000183105469,94.95999908447266,1.5700000524520874
2018-02-14,52.516056060791016,42.13290023803711,17.220157623291016,30.7384090423584,32.343074798583984,236.67416381835938,20.690000534057617,16.340866088867188,128.22999572753906,97.44000244140625,1.5499999523162842
2018-02-15,52.3443489074707,41.396663665771484,17.220157623291016,31.06155014038086,33.41035842895508,239.6941375732422,20.700000762939453,16.435422897338867,128.3800048828125,98.63999938964844,1.559999942779541
2018-02-16,52.571022033691406,41.48014450073242,16.868907928466797,30.82511329650879,33.61689376831055,239.76434326171875,20.649999618530273,16.306482315063477,127.95999908447266,99.04000091552734,1.5700000524520874
2018-02-20,52.02842712402344,41.624366760253906,16.59871482849121,30.257631301879883,33.180423736572266,238.26319885253906,20.43000030517578,16.315078735351562,126.23999786376953,99.12000274658203,1.5729999542236328
2018-02-21,51.43772506713867,40.797019958496094,16.868907928466797,30.07634925842285,32.82966995239258,237.07801818847656,20.5,16.2721004486084,125.66000366210938,98.31999969482422,1.6080000400543213
2018-02-22,52.10396194458008,41.677494049072266,17.25617790222168,29.658632278442383,32.54909133911133,237.38523864746094,20.6200008392334,16.366655349731445,126.30000305175781,100.72000122070312,1.6050000190734863
2018-02-23,53.25098419189453,43.30178451538086,17.607419967651367,30.494075775146484,33.180423736572266,241.16908264160156,20.540000915527344,16.418230056762695,126.13999938964844,102.16000366210938,1.6050000190734863
2018-02-26,54.15074920654297,42.95262908935547,17.589418411254883,30.99062156677246,32.86865234375,243.96951293945312,20.549999237060547,16.452613830566406,126.44999694824219,102.87999725341797,1.6080000400543213
2018-02-27,53.23036575317383,42.37580108642578,17.193130493164062,30.297039031982422,32.4555549621582,240.92324829101562,20.25,16.418230056762695,125.12999725341797,101.19999694824219,1.6349999904632568
2018-02-28,52.02153778076172,41.222084045410156,16.75181770324707,30.107881546020508,32.362030029296875,238.4826202392578,19.959999084472656,16.478403091430664,125.0,98.95999908447266,1.6180000305175781
2018-03-01,51.65064239501953,40.89570236206055,16.69778823852539,30.036941528320312,32.151580810546875,235.01495361328125,19.940000534057617,16.72768211364746,124.72000122070312,98.80000305175781,1.590000033378601
2018-03-02,51.89103317260742,41.032344818115234,16.499645233154297,29.895078659057617,32.89203643798828,236.2264404296875,19.950000762939453,16.667512893676758,125.38999938964844,98.95999908447266,1.6050000190734863
2018-03-05,52.38556671142578,40.97919845581055,16.38256072998047,30.170928955078125,33.29733657836914,238.95663452148438,19.84000015258789,16.873815536499023,125.18000030517578,100.72000122070312,1.625
2018-03-06,52.32374572753906,41.032344818115234,16.841882705688477,30.620180130004883,33.60911560058594,239.56248474121094,20.059999465942383,16.839433670043945,126.52999877929688,100.55999755859375,1.6430000066757202
2018-03-07,51.00501251220703,41.0399169921875,16.31951904296875,29.821258544921875,33.53895950317383,239.47471618652344,19.979999542236328,16.69329833984375,125.72000122070312,98.80000305175781,1.649999976158142
2018-03-08,50.908851623535156,40.66041946411133,16.0943603515625,29.789613723754883,33.74161911010742,240.6334991455078,19.610000610351562,16.744874954223633,125.41999816894531,97.19999694824219,1.6349999904632568
2018-03-09,51.211063385009766,41.791351318359375,16.59871482849121,29.829172134399414,33.74939727783203,244.82113647460938,20.0,16.633129119873047,125.54000091552734,99.76000213623047,1.6349999904632568
2018-03-12,51.678131103515625,41.548465728759766,16.715797424316406,30.042743682861328,34.708106994628906,244.5137939453125,19.850000381469727,16.658916473388672,125.54000091552734,98.95999908447266,1.6430000066757202
2018-03-13,51.190460205078125,40.95643615722656,16.643749237060547,30.232589721679688,34.48207473754883,242.93362426757812,19.969999313354492,16.667512893676758,125.77999877929688,97.91999816894531,1.690000057220459
2018-03-14,50.551700592041016,40.95643615722656,16.80586051940918,30.20885467529297,34.11573791503906,241.68707275390625,20.1200008392334,16.67610740661621,125.69999694824219,98.23999786376953,1.718000054359436
2018-03-15,51.11490249633789,41.00955581665039,16.580705642700195,29.512767791748047,33.71822738647461,241.42361450195312,19.950000762939453,16.572956085205078,124.9000015258789,98.72000122070312,1.7330000400543213
2018-03-16,51.5956916809082,41.69266891479492,16.53567123413086,29.576053619384766,33.905296325683594,241.68540954589844,19.75,16.49559211730957,124.5999984741211,100.4000015258789,1.7380000352859497
2018-03-19,50.9294548034668,40.66041946411133,16.256471633911133,29.639326095581055,33.56235122680664,238.41534423828125,19.559999465942383,16.194734573364258,124.87000274658203,100.4000015258789,1.7280000448226929
2018-03-20,50.81956100463867,41.51810836791992,16.65275764465332,29.504844665527344,33.492191314697266,238.82078552246094,19.3700008392334,16.16035270690918,124.30999755859375,102.4800033569336,1.7580000162124634
2018-03-21,51.54074478149414,43.294189453125,17.27419090270996,30.232589721679688,33.21940612792969,238.36241149902344,19.649999618530273,16.20333480834961,126.4800033569336,105.44000244140625,1.7100000381469727
2018-03-22,50.48301315307617,42.88431930541992,16.256471633911133,29.750064849853516,32.68937301635742,232.40408325195312,19.299999237060547,16.20333480834961,125.9800033569336,103.5999984741211,1.6829999685287476
2018-03-23,50.06403732299805,43.82550811767578,15.779136657714844,30.65972900390625,32.775115966796875,227.45046997070312,19.049999237060547,16.22052574157715,127.61000061035156,106.23999786376953,1.687999963760376
2018-03-26,50.826438903808594,44.84259033203125,15.986286163330078,31.553579330444336,33.38307571411133,233.67333984375,19.040000915527344,16.168949127197266,128.27999877929688,105.68000030517578,1.7050000429153442
2018-03-27,50.6203727722168,44.888118743896484,15.526959419250488,30.873306274414062,33.41425323486328,229.6981201171875,19.040000915527344,16.074392318725586,127.48999786376953,104.63999938964844,1.7330000400543213
2018-03-28,50.00908279418945,44.57692337036133,15.08564281463623,30.367055892944336,33.35969543457031,229.01943969726562,19.1200008392334,16.065797805786133,125.7300033569336,104.31999969482422,1.6950000524520874
2018-03-29,51.245399475097656,45.001976013183594,15.824163436889648,30.904956817626953,33.80396270751953,231.94569396972656,19.200000762939453,16.168949127197266,125.79000091552734,104.72000122070312,1.6699999570846558
2018-04-02,50.29069900512695,44.09115982055664,15.436895370483398,31.063156127929688,32.94660186767578,226.93922424316406,19.40999984741211,16.082988739013672,127.26000213623047,101.91999816894531,1.6829999685287476
2018-04-03,51.527008056640625,45.563636779785156,15.653042793273926,30.71511459350586,33.60911560058594,229.84793090820312,19.510000228881836,15.988433837890625,126.30000305175781,102.4800033569336,1.7130000591278076
2018-04-04,51.423988342285156,45.20690155029297,15.617018699645996,30.841676712036133,34.21706008911133,232.30709838867188,19.200000762939453,15.945453643798828,126.44999694824219,102.55999755859375,1.6679999828338623
2018-04-05,52.2138557434082,45.890018463134766,16.31051254272461,31.063156127929688,34.630157470703125,234.1405029296875,19.3700008392334,16.177541732788086,125.80000305175781,102.63999938964844,1.6749999523162842
2018-04-06,51.423988342285156,44.97920227050781,15.608015060424805,31.078975677490234,34.55221939086914,228.9224853515625,19.420000076293945,16.091583251953125,126.38999938964844,100.08000183105469,1.6799999475479126
2018-04-09,51.423988342285156,46.011474609375,15.698080062866211,30.51735496520996,34.466487884521484,230.05067443847656,19.549999237060547,16.32367515563965,126.81999969482422,102.16000366210938,1.6749999523162842
2018-04-10,52.93505096435547,47.31697082519531,16.391569137573242,31.221357345581055,34.40412521362305,233.7086181640625,19.950000762939453,16.237714767456055,127.12000274658203,106.0,1.6950000524520874
2018-04-11,53.18230056762695,47.99249267578125,16.193422317504883,32.146846771240234,34.396331787109375,232.4834442138672,19.850000381469727,16.24631118774414,128.11000061035156,107.5999984741211,1.6929999589920044
2018-04-12,53.03806686401367,48.000083923339844,16.130205154418945,31.957002639770508,35.30827713012695,234.39608764648438,19.5,16.306482315063477,126.62000274658203,108.16000366210938,1.7050000429153442
2018-04-13,53.463905334472656,49.26005554199219,16.139240264892578,32.90622329711914,35.23033142089844,233.7086181640625,19.559999465942383,16.254907608032227,127.44999694824219,108.4000015258789,1.718000054359436
2018-04-16,53.944698333740234,49.89002990722656,16.401151657104492,32.76382827758789,35.44078826904297,235.6300506591797,19.700000762939453,16.20333480834961,127.62999725341797,107.04000091552734,1.7130000591278076
2018-04-17,53.80046844482422,50.48207473754883,16.527589797973633,32.7321891784668,35.61225128173828,238.1509552001953,19.639999389648438,16.194734573364258,127.75,107.27999877929688,1.7549999952316284
2018-04-18,54.4117546081543,50.41374969482422,17.32236099243164,32.50279235839844,35.581085205078125,238.32728576660156,20.149999618530273,16.3752498626709,127.8499984741211,111.04000091552734,1.7699999809265137
2018-04-19,54.54911422729492,50.33026123046875,17.674585342407227,33.17515563964844,35.69020080566406,237.00511169433594,19.959999084472656,16.3322696685791,127.5999984741211,110.16000366210938,1.7829999923706055
2018-04-20,54.260650634765625,49.935577392578125,17.484928131103516,32.70846176147461,35.46416091918945,234.99545288085938,20.020000457763672,16.20333480834961,126.62999725341797,110.0,1.7649999856948853
2018-04-23,54.65214538574219,49.700286865234375,16.98819923400879,32.47908020019531,35.45637130737305,234.96017456054688,19.809999465942383,16.151758193969727,125.62000274658203,111.36000061035156,1.7829999923706055
2018-04-24,53.814205169677734,49.57123947143555,14.52260684967041,32.471153259277344,35.199153900146484,231.7959442138672,20.049999237060547,16.2721004486084,126.2300033569336,109.44000244140625,1.8229999542236328
2018-04-25,54.60407257080078,49.381500244140625,13.88137149810791,32.05190658569336,35.72917175292969,232.3687744140625,20.0,16.38384437561035,125.41000366210938,109.76000213623047,1.815000057220459
2018-04-26,55.53820037841797,50.831214904785156,14.116189002990723,32.24967575073242,35.736968994140625,234.7310333251953,19.920000076293945,16.306482315063477,124.97000122070312,110.16000366210938,1.784999966621399
2018-04-27,53.429569244384766,49.29798889160156,13.836214065551758,32.162662506103516,35.89284133911133,234.95140075683594,19.530000686645508,16.521381378173828,125.5,109.83999633789062,1.7699999809265137
2018-04-30,53.402103424072266,49.71546936035156,13.736867904663086,31.078975677490234,35.370635986328125,233.1444854736328,19.5,16.547168731689453,124.58999633789062,110.4000015258789,1.7630000114440918
2018-05-01,52.85261917114258,49.87485122680664,13.502049446105957,31.023590087890625,35.09783172607422,233.5587615966797,19.360000610351562,16.744874954223633,123.70999908447266,108.87999725341797,1.809999942779541
2018-05-02,52.74958801269531,49.67750549316406,13.646554946899414,30.999881744384766,34.630157470703125,231.9898223876953,19.450000762939453,16.60733985900879,123.6500015258789,109.36000061035156,1.784999966621399
2018-05-03,52.571022033691406,50.08739471435547,13.736867904663086,31.49030113220215,33.983238220214844,231.4785919189453,19.610000610351562,16.796451568603516,124.27999877929688,110.55999755859375,1.7879999876022339
2018-05-04,52.81827926635742,50.74772644042969,13.926529884338379,31.36374855041504,34.185890197753906,234.4754180908203,19.540000915527344,16.60733985900879,124.54000091552734,112.72000122070312,1.7929999828338623
2018-05-07,53.395225524902344,50.67940902709961,13.782026290893555,31.537765502929688,34.05339431762695,235.2687225341797,19.549999237060547,16.461210250854492,124.56999969482422,112.80000305175781,1.7929999828338623
2018-05-08,53.63562774658203,51.41564178466797,13.818151473999023,31.624774932861328,34.25603485107422,235.2687225341797,19.489999771118164,16.49559211730957,124.58999633789062,112.4800033569336,1.8350000381469727
2018-05-09,54.89940643310547,52.14431381225586,14.161349296569824,31.60894775390625,34.061195373535156,237.54273986816406,19.40999984741211,16.366655349731445,124.33000183105469,114.95999908447266,1.8450000286102295
2018-05-10,56.12886047363281,52.63007736206055,14.649045944213867,31.97281837463379,34.21706008911133,239.7638702392578,19.75,16.3752498626709,125.18000030517578,115.27999877929688,1.8450000286102295
2018-05-11,56.392513275146484,52.92349624633789,14.694204330444336,31.94907569885254,34.279422760009766,240.49551391601562,19.760000228881836,16.28929328918457,125.0,114.0,1.8600000143051147
2018-05-14,56.77411651611328,53.037803649902344,14.630983352661133,31.94907569885254,34.622371673583984,240.61009216308594,19.6200008392334,16.20333480834961,124.48999786376953,115.04000091552734,1.8550000190734863
2018-05-15,56.746368408203125,53.41889572143555,14.414228439331055,31.252994537353516,34.61457824707031,238.9530792236328,19.360000610351562,16.117372512817383,122.4800033569336,115.19999694824219,1.875
2018-05-16,56.90591049194336,53.23597717285156,15.028367042541504,31.395381927490234,34.964054107666016,239.95777893066406,19.530000686645508,16.134563446044922,122.29000091552734,115.68000030517578,1.8650000095367432
2018-05-17,56.808780670166016,53.85331726074219,15.15480899810791,31.134336471557617,35.270355224609375,239.75509643554688,19.56999969482422,16.040008544921875,122.36000061035156,115.91999816894531,1.8630000352859497
2018-05-18,56.40639114379883,53.00733947753906,15.236093521118164,30.976137161254883,35.356746673583984,239.1557159423828,19.56999969482422,16.22052574157715,122.41000366210938,115.44000244140625,1.8550000190734863
2018-05-21,57.08633804321289,53.85331726074219,15.073525428771973,31.142257690429688,35.47453689575195,240.95376586914062,19.56999969482422,16.32367515563965,122.4800033569336,117.36000061035156,1.8630000352859497
2018-05-22,56.64226531982422,53.44938278198242,15.507035255432129,30.683469772338867,35.270355224609375,240.2839813232422,19.56999969482422,16.418230056762695,122.41000366210938,116.4800033569336,1.8930000066757202
2018-05-23,56.99611282348633,52.67961883544922,15.669607162475586,31.3162841796875,35.183963775634766,240.94503784179688,19.489999771118164,16.581554412841797,122.54000091552734,116.08000183105469,1.8730000257492065
2018-05-24,55.691749572753906,52.16899108886719,15.696696281433105,31.616867065429688,35.19181823730469,240.45143127441406,19.690000534057617,16.529977798461914,123.58999633789062,114.31999969482422,1.8600000143051147
2018-05-25,54.60942459106445,49.89777755737305,15.425751686096191,31.197622299194336,34.98763656616211,239.8784637451172,19.690000534057617,16.641725540161133,123.20999908447266,109.44000244140625,1.8530000448226929
2018-05-29,54.408233642578125,50.0806999206543,15.037396430969238,30.79420280456543,34.3907585144043,237.11965942382812,19.420000076293945,16.521381378173828,123.19000244140625,108.08000183105469,1.840000033378601
2018-05-30,56.54514694213867,51.8641242980957,15.461877822875977,30.999881744384766,34.775577545166016,240.2839813232422,19.549999237060547,16.529977798461914,123.37000274658203,110.63999938964844,1.878000020980835
2018-05-31,56.36475372314453,51.36110305786133,15.263187408447266,30.79420280456543,34.33577346801758,238.81202697753906,19.549999237060547,16.512786865234375,123.0999984741211,108.4000015258789,1.8700000047683716
2018-06-01,56.77411651611328,52.04703140258789,15.461877822875977,30.564817428588867,34.41431427001953,241.15658569335938,19.649999618530273,16.452613830566406,122.48999786376953,106.0,1.8680000305175781
2018-06-04,56.17742919921875,51.74980163574219,15.543166160583496,30.256330490112305,34.62636947631836,242.30242919921875,19.979999542236328,16.057199478149414,122.37000274658203,104.95999908447266,1.8650000095367432
2018-06-05,55.976226806640625,51.490657806396484,15.940546035766602,30.49362564086914,34.736305236816406,242.47869873046875,20.40999984741211,16.022815704345703,122.8499984741211,105.76000213623047,1.902999997138977
2018-06-06,56.93367385864258,51.734535217285156,16.437278747558594,30.692094802856445,35.17610168457031,244.50592041015625,20.780000686645508,16.100181579589844,122.91999816894531,105.27999877929688,1.899999976158142
2018-06-07,57.502601623535156,52.95398712158203,16.19342613220215,30.62859344482422,35.097572326660156,244.47946166992188,20.700000762939453,15.971242904663086,122.86000061035156,106.80000305175781,1.8849999904632568
2018-06-08,58.00213623046875,52.91587448120117,16.283742904663086,30.469802856445312,35.22322463989258,245.20225524902344,20.920000076293945,16.134563446044922,123.01000213623047,106.16000366210938,1.8799999952316284
2018-06-11,57.65523147583008,53.723751068115234,16.428247451782227,30.620656967163086,35.7415657043457,245.5284423828125,20.649999618530273,15.954050064086914,123.2300033569336,106.87999725341797,1.8680000305175781
2018-06-12,57.18342971801758,52.91587448120117,16.130205154418945,30.795305252075195,35.41956329345703,245.8457794189453,20.59000015258789,16.151758193969727,122.81999969482422,107.19999694824219,1.8880000114440918
2018-06-13,56.552066802978516,53.06070327758789,16.085052490234375,30.723848342895508,35.560935974121094,245.06124877929688,20.729999542236328,16.048606872558594,123.19000244140625,107.76000213623047,1.8949999809265137
2018-06-14,56.81572341918945,51.925079345703125,15.877324104309082,31.089040756225586,35.52952194213867,245.67828369140625,20.420000076293945,15.83370590209961,123.37999725341797,108.16000366210938,1.8830000162124634
2018-06-15,55.96236038208008,49.813941955566406,15.254154205322266,30.485687255859375,36.14995193481445,245.36483764648438,19.93000030517578,15.868088722229004,121.33999633789062,104.4000015258789,1.8880000114440918
2018-06-18,56.073360443115234,50.75899887084961,15.172872543334961,30.509502410888672,36.27560806274414,244.8602294921875,19.8700008392334,15.713363647460938,121.11000061035156,106.31999969482422,1.8830000162124634
2018-06-19,55.990081787109375,50.49986267089844,14.68517017364502,30.44598960876465,36.18136978149414,243.92169189453125,19.350000381469727,15.558636665344238,120.80000305175781,105.12000274658203,1.8980000019073486
2018-06-20,55.816646575927734,51.42207336425781,14.721299171447754,30.128416061401367,36.259891510009766,244.33778381347656,19.329999923706055,15.627402305603027,120.26000213623047,106.23999786376953,1.8880000114440918
2018-06-21,55.289371490478516,49.623390197753906,14.77548885345459,29.390104293823242,36.12638854980469,242.80606079101562,19.260000228881836,15.584423065185547,120.05000305175781,106.4800033569336,1.8899999856948853
2018-06-22,56.46188735961914,51.6583366394043,14.847738265991211,29.739418029785156,36.542633056640625,243.248779296875,19.270000457763672,15.653192520141602,120.33999633789062,112.16000366210938,1.8700000047683716
2018-06-25,55.32404708862305,50.408409118652344,14.215538024902344,29.366281509399414,36.33058166503906,239.93740844726562,18.93000030517578,15.403910636901855,119.88999938964844,110.16000366210938,1.8530000448226929
2018-06-26,55.948463439941406,51.32299041748047,14.676139831542969,29.50918197631836,36.30702590942383,240.46868896484375,19.049999237060547,15.378122329711914,119.26000213623047,114.16000366210938,1.8930000066757202
2018-06-27,56.690853118896484,52.38999938964844,15.263187408447266,29.358352661132812,36.33844757080078,238.4766082763672,18.889999389648438,15.266375541687012,118.58000183105469,117.19999694824219,1.8799999952316284
2018-06-28,56.871219635009766,52.13850402832031,15.163839340209961,29.374235153198242,36.27560806274414,239.840087890625,18.739999771118164,15.274971961975098,118.22000122070312,118.87999725341797,1.8799999952316284
2018-06-29,57.398536682128906,53.06070327758789,15.5883207321167,29.93789291381836,35.992889404296875,240.1853485107422,18.709999084472656,15.498468399047852,118.6500015258789,120.4800033569336,1.8799999952316284
2018-07-02,56.72555160522461,52.275665283203125,15.498005867004395,29.810871124267578,35.521663665771484,240.69882202148438,18.479999542236328,15.180415153503418,117.45999908447266,119.68000030517578,1.8949999809265137
2018-07-03,57.05856704711914,53.01493835449219,15.41672134399414,29.882320404052734,35.8593635559082,239.84893798828125,18.43000030517578,15.189014434814453,118.6500015258789,119.36000061035156,1.9329999685287476
2018-07-05,57.107120513916016,52.53480911254883,15.32640552520752,30.509502410888672,36.393402099609375,241.8055877685547,17.90999984741211,15.180415153503418,119.05000305175781,118.23999786376953,1.909999966621399
2018-07-06,57.12100601196289,53.08354568481445,15.81411075592041,30.03316307067871,36.68399429321289,243.85086059570312,17.799999237060547,15.395316123962402,118.86000061035156,119.68000030517578,1.9049999713897705
2018-07-09,57.516475677490234,54.11244583129883,16.355993270874023,30.00139617919922,37.12379837036133,246.0465545654297,18.149999618530273,15.231989860534668,119.1500015258789,120.23999786376953,1.9149999618530273
2018-07-10,58.04377365112305,54.67644500732422,16.355993270874023,30.09666633605957,37.64997863769531,246.9319610595703,17.889999389648438,15.146034240722656,118.93000030517578,120.55999755859375,1.934999942779541
2018-07-11,57.301387786865234,53.388404846191406,15.723796844482422,29.429792404174805,37.57929992675781,245.1258087158203,17.3799991607666,14.853771209716797,117.63999938964844,114.4800033569336,1.9199999570846558
2018-07-12,57.370765686035156,54.455406188964844,15.660388946533203,29.477441787719727,37.618560791015625,247.34803771972656,17.56999969482422,14.956921577453613,118.12999725341797,115.12000274658203,1.9279999732971191
2018-07-13,57.80093765258789,54.874595642089844,15.216571807861328,29.247207641601562,37.35939407348633,247.5428009033203,17.559999465942383,14.922537803649902,117.61000061035156,115.76000213623047,1.9279999732971191
2018-07-16,57.23203659057617,53.79233932495117,15.189397811889648,28.977270126342773,37.045249938964844,247.3214874267578,17.540000915527344,14.896750450134277,117.55000305175781,111.5199966430664,1.937999963760376
2018-07-17,57.107120513916016,53.563716888427734,15.189397811889648,29.32659339904785,37.477195739746094,248.32199096679688,17.3799991607666,14.896750450134277,116.27999877929688,111.5999984741211,1.975000023841858
2018-07-18,57.04467010498047,53.61704635620117,15.470182418823242,29.517120361328125,37.15519714355469,248.84437561035156,17.469999313354492,14.853771209716797,116.30999755859375,112.80000305175781,1.9600000381469727
2018-07-19,56.898990631103516,53.1140251159668,14.310823440551758,29.38216209411621,37.10808563232422,247.90589904785156,17.100000381469727,14.888154029846191,115.80999755859375,113.04000091552734,1.9479999542236328
2018-07-20,56.47576904296875,53.57704162597656,14.265538215637207,29.390104293823242,37.00598907470703,247.62252807617188,17.3799991607666,14.99130630493164,116.55999755859375,113.19999694824219,1.9329999685287476
2018-07-23,56.47576904296875,53.554073333740234,14.337996482849121,29.032852172851562,37.09238052368164,248.0828857421875,17.299999237060547,15.025689125061035,116.0,112.72000122070312,1.9199999570846558
2018-07-24,57.59278106689453,54.219852447509766,14.555374145507812,29.477441787719727,37.14735794067383,249.33128356933594,17.700000762939453,14.974114418029785,116.04000091552734,113.83999633789062,1.9600000381469727
2018-07-25,57.99518585205078,54.724945068359375,14.365167617797852,29.747365951538086,37.10023498535156,251.4562530517578,18.049999237060547,15.189014434814453,116.68000030517578,115.36000061035156,1.9529999494552612
2018-07-26,58.44618225097656,54.946868896484375,14.464803695678711,30.01728057861328,37.46935272216797,250.86300659179688,17.700000762939453,15.085860252380371,115.7699966430664,115.76000213623047,1.9450000524520874
2018-07-27,56.836551666259766,54.679019927978516,14.482914924621582,29.28690528869629,37.390804290771484,249.16305541992188,17.639999389648438,15.017093658447266,115.83000183105469,114.55999755859375,1.9450000524520874
2018-07-30,56.711666107177734,55.306549072265625,14.564436912536621,29.15987777709961,37.18661880493164,247.86163330078125,17.649999618530273,15.111649513244629,115.6500015258789,116.31999969482422,1.9450000524520874
2018-07-31,56.552066802978516,55.23002243041992,14.944849014282227,29.12017822265625,37.90128707885742,249.08349609375,17.899999618530273,15.068671226501465,115.98999786376953,114.23999786376953,1.9850000143051147
2018-08-01,55.7750244140625,54.95452880859375,14.111559867858887,28.929645538330078,37.78348922729492,248.6672821044922,17.290000915527344,14.99130630493164,115.13999938964844,112.72000122070312,1.9780000448226929
2018-08-02,55.441978454589844,54.763214111328125,13.97569751739502,28.762922286987305,38.74947738647461,250.02195739746094,17.25,14.939728736877441,114.5199966430664,114.87999725341797,1.965000033378601
2018-08-03,55.6431884765625,54.55657196044922,14.2293062210083,28.945518493652344,39.228546142578125,251.0932159423828,17.40999984741211,15.051478385925293,114.91999816894531,114.16000366210938,1.9600000381469727
2018-08-06,55.62932586669922,54.893306732177734,13.948526382446289,28.747045516967773,39.314937591552734,252.0139923095703,17.219999313354492,15.163223266601562,114.33000183105469,114.4800033569336,1.968000054359436
2018-08-07,56.38557434082031,55.78866958618164,13.912293434143066,28.635906219482422,39.46415710449219,252.84629821777344,17.40999984741211,15.085860252380371,114.58999633789062,114.87999725341797,2.007999897003174
2018-08-08,56.01092529296875,54.633094787597656,13.939468383789062,28.707347869873047,39.244258880615234,252.7399139404297,17.399999618530273,15.077265739440918,114.91000366210938,111.19999694824219,2.007999897003174
2018-08-09,55.72645568847656,54.90861129760742,13.867011070251465,28.35009002685547,39.4563102722168,252.39466857910156,17.450000762939453,15.034284591674805,114.73999786376953,111.04000091552734,2.005000114440918
2018-08-10,55.670372009277344,55.05400085449219,13.685857772827148,28.262765884399414,39.16572189331055,250.70372009277344,17.31999969482422,14.793598175048828,114.69000244140625,112.63999938964844,2.0
2018-08-13,55.06755828857422,54.388221740722656,13.513766288757324,27.508573532104492,38.73377227783203,249.76513671875,17.280000686645508,14.681851387023926,112.95999908447266,112.08000183105469,1.9950000047683716
2018-08-14,54.892303466796875,55.2147331237793,13.405076026916504,26.944900512695312,39.220699310302734,251.35879516601562,16.959999084472656,14.80219554901123,113.06999969482422,111.91999816894531,2.0329999923706055
2018-08-15,53.932003021240234,51.90107345581055,12.372522354125977,25.24595069885254,39.09022903442383,249.48187255859375,16.31999969482422,14.673256874084473,111.19000244140625,108.08000183105469,2.0199999809265137
2018-08-16,54.675010681152344,53.11785888671875,12.472153663635254,25.087182998657227,39.65159606933594,251.50050354003906,16.459999084472656,14.8623685836792,111.0999984741211,109.04000091552734,2.015000104904175
2018-08-17,54.85725784301758,53.39336395263672,12.653304100036621,25.452373504638672,39.96786880493164,252.3858642578125,16.81999969482422,14.99130630493164,112.12999725341797,109.5199966430664,1.9950000047683716
2018-08-20,55.24278259277344,53.96731185913086,12.789166450500488,25.317405700683594,40.14181900024414,252.92591857910156,16.850000381469727,14.845175743103027,112.69000244140625,110.08000183105469,1.9930000305175781
2018-08-21,55.25680923461914,54.2504768371582,12.970315933227539,25.36503791809082,40.118106842041016,253.51913452148438,16.940000534057617,14.827983856201172,113.0199966430664,110.63999938964844,2.0350000858306885
2018-08-22,56.04890060424805,55.09992218017578,13.160527229309082,25.658784866333008,39.92833709716797,253.36859130859375,16.8799991607666,14.733427047729492,113.2699966430664,114.16000366210938,2.0350000858306885
2018-08-23,55.432044982910156,55.1381950378418,12.843512535095215,25.134809494018555,39.93624496459961,253.03228759765625,16.8799991607666,14.60448932647705,112.19999694824219,114.16000366210938,2.0329999923706055
2018-08-24,55.81058120727539,55.56675720214844,13.106179237365723,25.428550720214844,40.08646011352539,254.55508422851562,17.030000686645508,14.647470474243164,114.16000366210938,115.44000244140625,2.0480000972747803
2018-08-27,56.357337951660156,55.74277114868164,13.3416748046875,25.603212356567383,40.14971160888672,256.56488037109375,17.06999969482422,14.767810821533203,114.58999633789062,116.0,2.059999942779541
2018-08-28,56.27321243286133,55.1381950378418,13.278271675109863,25.2777099609375,39.888797760009766,256.6888427734375,17.170000076293945,14.527125358581543,113.68000030517578,115.44000244140625,2.078000068664551
2018-08-29,56.67977523803711,56.278438568115234,13.287327766418457,25.198322296142578,39.84926986694336,258.0700378417969,17.049999237060547,14.60448932647705,114.19999694824219,117.27999877929688,2.0799999237060547
2018-08-30,56.43442916870117,56.29375457763672,12.816341400146484,24.65052604675293,39.833457946777344,257.0252685546875,16.8799991607666,14.484147071838379,113.63999938964844,118.0,2.058000087738037
2018-08-31,56.196109771728516,56.19426345825195,12.725767135620117,24.634658813476562,39.84926986694336,257.0341491699219,16.719999313354492,14.66465950012207,113.51000213623047,117.68000030517578,2.055000066757202
2018-09-04,56.28021240234375,55.949378967285156,12.209486961364746,23.888389587402344,39.59626388549805,256.5914306640625,16.34000015258789,14.6560640335083,112.93000030517578,116.63999938964844,2.068000078201294
2018-09-05,57.030242919921875,55.86520767211914,12.38158130645752,23.920141220092773,39.39860153198242,255.9007568359375,16.420000076293945,14.6560640335083,113.31999969482422,115.91999816894531,2.0899999141693115
2018-09-06,56.39936828613281,53.98262023925781,12.291007995605469,24.00747299194336,39.06651306152344,255.13059997558594,16.540000915527344,14.621681213378906,113.54000091552734,114.4000015258789,2.0799999237060547
2018-09-07,57.35970687866211,53.73773193359375,11.937763214111328,23.920141220092773,38.98744201660156,254.634765625,16.3799991607666,14.699044227600098,113.2300033569336,114.23999786376953,2.0880000591278076
2018-09-10,57.27558898925781,54.449440002441406,11.955877304077148,23.610525131225586,39.295814514160156,255.07749938964844,16.459999084472656,14.80219554901123,113.1500015258789,113.68000030517578,2.0829999446868896
2018-09-11,58.08169174194336,54.69432830810547,11.810959815979004,23.523195266723633,39.33533477783203,255.91856384277344,16.440000534057617,14.6560640335083,113.22000122070312,116.80000305175781,2.1080000400543213
2018-09-12,58.27093505859375,55.07697677612305,12.345349311828613,24.057632446289062,39.44602966308594,255.98049926757812,16.829999923706055,14.750618934631348,114.16999816894531,118.23999786376953,2.1050000190734863
2018-09-13,57.70317459106445,55.52085494995117,12.300063133239746,24.105491638183594,39.53300094604492,257.49444580078125,16.81999969482422,14.681851387023926,113.76000213623047,115.91999816894531,2.0929999351501465
2018-09-14,58.12373352050781,56.24784469604492,12.399696350097656,24.233123779296875,39.56462097167969,257.5388488769531,16.440000534057617,14.6560640335083,113.0199966430664,116.0,2.1029999256134033
2018-09-17,58.46722412109375,56.81413269042969,12.426868438720703,24.440513610839844,39.35905838012695,256.1753845214844,16.579999923706055,14.527125358581543,113.61000061035156,115.76000213623047,2.1080000400543213
2018-09-18,58.62142562866211,57.426368713378906,12.689536094665527,24.608022689819336,39.23255157470703,257.5652770996094,17.149999618530273,14.518528938293457,113.44000244140625,117.5199966430664,2.125
2018-09-19,59.322383880615234,57.801361083984375,12.952203750610352,25.142457962036133,39.48556900024414,257.8398742675781,17.1200008392334,14.587297439575195,113.87999725341797,119.5199966430664,2.119999885559082
2018-09-20,59.45555877685547,57.671268463134766,13.033719062805176,25.126508712768555,39.7939338684082,259.9293212890625,17.31999969482422,14.681851387023926,114.2699966430664,118.4000015258789,2.118000030517578
2018-09-21,59.700897216796875,58.37532043457031,13.232982635498047,25.174367904663086,39.7860107421875,259.69189453125,17.850000381469727,14.681851387023926,113.48999786376953,119.68000030517578,2.122999906539917
2018-09-24,60.703285217285156,58.97222137451172,12.897855758666992,24.799468994140625,39.23255157470703,258.8291931152344,17.709999084472656,14.638873100280762,113.47000122070312,122.0,2.122999906539917
2018-09-25,60.63319396972656,59.775760650634766,13.12429428100586,24.927087783813477,39.24836349487305,258.5889587402344,17.670000076293945,14.595891952514648,113.6500015258789,122.16000366210938,2.1679999828338623
2018-09-26,60.12849426269531,59.140594482421875,12.680479049682617,23.826311111450195,39.019081115722656,257.8152770996094,17.700000762939453,14.578700065612793,113.05000305175781,120.87999725341797,2.1600000858306885
2018-09-27,60.121482849121094,59.32424545288086,12.56273078918457,23.914052963256836,39.098140716552734,258.5356140136719,17.43000030517578,14.518528938293457,112.05000305175781,122.08000183105469,2.140000104904175
2018-09-28,59.59575271606445,59.23244094848633,12.60801887512207,24.08954429626465,39.74647903442383,258.56231689453125,17.579999923706055,14.535720825195312,112.76000213623047,124.16000366210938,2.1500000953674316
2018-10-01,60.149532318115234,61.13794708251953,12.408751487731934,24.20918846130371,39.61997604370117,259.4606018066406,17.479999542236328,14.6560640335083,112.56999969482422,127.5999984741211,2.1549999713897705
2018-10-02,60.60515213012695,59.90587615966797,12.580845832824707,24.863279342651367,39.857177734375,259.3094177246094,17.579999923706055,14.922537803649902,113.87000274658203,126.95999908447266,2.174999952316284
2018-10-03,60.387847900390625,60.12779235839844,12.635190963745117,24.312889099121094,39.888797760009766,259.4517517089844,17.729999542236328,14.767810821533203,113.41999816894531,128.63999938964844,2.1700000762939453
2018-10-04,59.988304138183594,59.90587615966797,12.345349311828613,24.225149154663086,39.896705627441406,257.42388916015625,17.469999313354492,14.742024421691895,113.4800033569336,125.91999816894531,2.1700000762939453
2018-10-05,59.820072174072266,59.990055084228516,12.019283294677734,24.392656326293945,40.37900924682617,255.98309326171875,17.350000381469727,14.913944244384766,113.80000305175781,125.5199966430664,2.1649999618530273
2018-10-08,60.37383270263672,59.90587615966797,12.037396430969238,24.34479522705078,40.94829177856445,255.98309326171875,17.420000076293945,14.999902725219727,112.54000091552734,125.44000244140625,2.1649999618530273
2018-10-09,60.64021301269531,60.762996673583984,11.937763214111328,24.017751693725586,40.67946243286133,255.60955810546875,17.6299991607666,14.982711791992188,112.5999984741211,126.55999755859375,2.184999942779541
2018-10-10,59.245296478271484,57.464630126953125,11.566407203674316,24.3767032623291,39.643699645996094,247.51611328125,17.31999969482422,14.853771209716797,112.87999725341797,123.04000091552734,2.2200000286102295
2018-10-11,57.19847869873047,55.704505920410156,11.983050346374512,26.099668502807617,38.48141860961914,242.064208984375,17.360000610351562,14.888154029846191,115.77999877929688,119.5999984741211,2.2149999141693115
2018-10-12,57.04425811767578,56.73809814453125,11.583008766174316,25.557247161865234,38.607940673828125,245.4260711669922,17.68000030517578,15.085860252380371,115.2300033569336,120.95999908447266,2.2179999351501465
2018-10-15,56.65172576904297,56.30776596069336,11.664836883544922,26.051803588867188,38.77397155761719,244.04754638671875,17.489999771118164,15.266375541687012,116.0,121.04000091552734,2.2300000190734863
2018-10-16,56.918094635009766,56.715087890625,11.528456687927246,25.756669998168945,38.97954177856445,249.38388061523438,17.43000030517578,15.266375541687012,115.80000305175781,121.5199966430664,2.259999990463257
2018-10-17,57.128379821777344,55.700660705566406,11.273884773254395,25.613086700439453,38.766056060791016,249.42832946777344,17.3700008392334,15.257781028747559,115.79000091552734,118.55999755859375,2.259999990463257
2018-10-18,57.37370681762695,55.785194396972656,11.037498474121094,25.820476531982422,38.908390045166016,245.82635498046875,17.149999618530273,15.085860252380371,115.91999816894531,116.4800033569336,2.255000114440918
2018-10-19,57.45781707763672,55.70832061767578,10.92839527130127,25.676895141601562,39.169307708740234,245.6929168701172,17.459999084472656,15.077265739440918,116.01000213623047,117.76000213623047,2.259999990463257
2018-10-22,56.883026123046875,55.370201110839844,10.910213470458984,25.501415252685547,38.671180725097656,244.59007263183594,17.440000534057617,15.146034240722656,115.70999908447266,117.91999816894531,2.257999897003174
2018-10-23,55.96477127075195,53.19535827636719,10.555631637573242,25.852384567260742,38.78977966308594,243.34487915039062,17.34000015258789,15.180415153503418,116.38999938964844,112.31999969482422,2.2899999618530273
2018-10-24,54.40864562988281,50.48256301879883,9.728272438049316,25.333906173706055,37.7540168762207,235.97189331054688,17.25,15.146034240722656,116.66000366210938,112.4000015258789,2.2850000858306885
2018-10-25,54.892303466796875,52.273170471191406,10.228325843811035,23.61094093322754,37.87261199951172,240.20535278320312,17.31999969482422,15.09445571899414,116.4000015258789,113.68000030517578,2.2799999713897705
2018-10-26,54.345550537109375,52.62666320800781,10.455620765686035,23.930009841918945,36.73406982421875,235.98081970214844,17.190000534057617,15.231989860534668,116.7699966430664,114.63999938964844,2.2730000019073486
2018-10-29,54.009098052978516,51.75827407836914,10.082854270935059,24.536235809326172,37.1689338684082,234.67343139648438,16.969999313354492,15.051478385925293,116.30999755859375,112.87999725341797,2.259999990463257
2018-10-30,55.221763610839844,53.425907135009766,10.373796463012695,24.727670669555664,37.95168685913086,238.1509246826172,16.770000457763672,14.999902725219727,115.80000305175781,112.23999786376953,2.2829999923706055
2018-10-31,55.85261917114258,53.717933654785156,10.592000961303711,24.663862228393555,37.35868835449219,240.69451904296875,16.68000030517578,14.9655179977417,115.1500015258789,110.31999969482422,2.2780001163482666
2018-11-01,56.54657745361328,53.472015380859375,11.164783477783203,25.573205947875977,38.520957946777344,243.25596618652344,17.049999237060547,15.146034240722656,116.62999725341797,107.68000030517578,2.2699999809265137
2018-11-02,57.44381332397461,52.134830474853516,11.128417015075684,25.86035919189453,37.95168685913086,241.81521606445312,17.639999389648438,15.274971961975098,116.6500015258789,106.4800033569336,2.2730000019073486
2018-11-05,57.22650146484375,53.049346923828125,11.110234260559082,25.83643341064453,38.0307502746582,243.14932250976562,17.270000457763672,15.189014434814453,116.37000274658203,106.4000015258789,2.2679998874664307
2018-11-06,57.47185134887695,53.4105339050293,11.092048645019531,25.772619247436523,37.42193603515625,244.6878662109375,17.139999389648438,15.111649513244629,116.04000091552734,105.44000244140625,2.309999942779541
2018-11-07,58.200843811035156,53.81783676147461,11.210243225097656,25.924169540405273,38.18887710571289,249.92637634277344,17.18000030517578,15.120244979858398,116.02999877929688,104.4800033569336,2.309999942779541
2018-11-08,57.27558898925781,51.42013168334961,10.846571922302246,25.86035919189453,38.40235137939453,249.47280883789062,17.1200008392334,15.04288101196289,115.77999877929688,102.72000122070312,2.302999973297119
2018-11-09,57.26142883300781,51.28178787231445,10.319246292114258,25.54129981994629,38.15724563598633,247.03594970703125,16.84000015258789,14.879559516906738,114.4800033569336,101.5999984741211,2.299999952316284
2018-11-12,56.5250244140625,50.05987548828125,10.146496772766113,25.15043830871582,37.904239654541016,242.4199981689453,16.770000457763672,14.870960235595703,113.66000366210938,99.83999633789062,2.299999952316284
2018-11-13,55.229270935058594,48.968624114990234,10.228325843811035,25.054716110229492,37.96749496459961,241.9664306640625,16.790000915527344,14.810791015625,113.69999694824219,93.5199966430664,2.2950000762939453
2018-11-14,54.797340393066406,49.2760124206543,10.491989135742188,25.84441375732422,36.844757080078125,240.31207275390625,17.059999465942383,14.853771209716797,114.63999938964844,95.5999984741211,2.325000047683716
2018-11-15,55.36379623413086,50.113677978515625,10.873847007751465,26.211334228515625,36.473148345947266,242.8201141357422,17.270000457763672,14.81938648223877,114.7699966430664,95.83999633789062,2.309999942779541
2018-11-16,55.90901565551758,50.81301498413086,10.873847007751465,26.57826042175293,36.670814514160156,243.45167541503906,17.5,14.974114418029785,115.62000274658203,96.55999755859375,2.299999952316284
2018-11-19,56.09311294555664,51.05894470214844,10.464714050292969,26.155492782592773,36.61546325683594,239.3338165283203,17.489999771118164,14.922537803649902,115.66999816894531,97.12000274658203,2.299999952316284
2018-11-20,54.49996566772461,49.176116943359375,9.891927719116211,26.24324607849121,36.10153579711914,234.90463256835938,17.229999542236328,14.827983856201172,115.66999816894531,90.16000366210938,2.3350000381469727
2018-11-21,54.91771697998047,50.32117462158203,10.373796463012695,26.793630599975586,36.32057571411133,235.705078125,17.479999542236328,14.81938648223877,115.86000061035156,92.16000366210938,2.3499999046325684
2018-11-23,53.4520149230957,49.03009796142578,9.791915893554688,25.892269134521484,36.00197982788086,234.13087463378906,17.34000015258789,14.750618934631348,115.7699966430664,86.63999938964844,2.3480000495910645
2018-11-26,54.507041931152344,49.72174072265625,10.082854270935059,25.90024757385254,36.25685119628906,237.91075134277344,17.229999542236328,14.681851387023926,115.63999938964844,87.5199966430664,2.3429999351501465
2018-11-27,54.55661392211914,50.16748809814453,10.219233512878418,25.49343490600586,36.69493865966797,238.71121215820312,17.049999237060547,14.690447807312012,114.94999694824219,87.5999984741211,2.3529999256134033
2018-11-28,55.54789733886719,50.989768981933594,10.882938385009766,26.07573127746582,36.63917541503906,244.2076416015625,17.489999771118164,14.827983856201172,115.37999725341797,85.27999877929688,2.3350000381469727
2018-11-29,55.97980880737305,51.38938522338867,10.746560096740723,25.796546936035156,36.67103576660156,243.6740264892578,17.389999389648438,14.8623685836792,115.73999786376953,86.95999908447266,2.309999942779541
2018-11-30,56.2913703918457,50.859130859375,10.855664253234863,25.796546936035156,36.655113220214844,245.1592254638672,17.420000076293945,14.8623685836792,115.54000091552734,85.83999633789062,2.308000087738037
2018-12-03,57.509254455566406,53.11083221435547,10.99204158782959,26.49849510192871,37.30824661254883,248.40545654296875,17.649999618530273,14.931135177612305,116.41000366210938,90.16000366210938,2.2880001068115234
2018-12-04,56.241798400878906,51.42780685424805,10.455620765686035,26.953168869018555,36.328548431396484,240.35655212402344,17.200000762939453,14.8623685836792,117.12000274658203,89.44000244140625,2.365000009536743
2018-12-06,55.505401611328125,51.18958282470703,10.137409210205078,26.160188674926758,36.26482009887695,239.99192810058594,17.15999984741211,14.827983856201172,117.13999938964844,87.5199966430664,2.3529999256134033
2018-12-07,54.97435760498047,50.65163040161133,9.92829418182373,26.744909286499023,35.412567138671875,234.41543579101562,17.229999542236328,14.9655179977417,118.08999633789062,88.87999725341797,2.3399999141693115
2018-12-10,54.19550323486328,50.105995178222656,9.719182968139648,26.85704803466797,35.51610565185547,234.86012268066406,16.989999771118164,14.905346870422363,117.68000030517578,86.0,2.3299999237060547
2018-12-11,54.29460906982422,50.29043960571289,9.782822608947754,26.70485496520996,35.4842643737793,234.91358947753906,17.25,14.827983856201172,117.54000091552734,87.5999984741211,2.369999885559082
2018-12-12,53.82728576660156,50.159786224365234,10.06467056274414,27.297590255737305,35.9940071105957,236.09642028808594,17.229999542236328,14.896750450134277,117.79000091552734,86.55999755859375,2.375
2018-12-13,54.507041931152344,50.82070541381836,9.92829418182373,27.265546798706055,35.78691864013672,236.01634216308594,17.270000457763672,14.9655179977417,117.52999877929688,89.68000030517578,2.36299991607666
2018-12-14,53.51575469970703,49.606475830078125,9.610079765319824,26.68082618713379,35.53203201293945,231.6583709716797,17.219999313354492,14.896750450134277,117.05999755859375,86.55999755859375,2.368000030517578
2018-12-17,52.425323486328125,48.50752258300781,9.628265380859375,26.921125411987305,34.55234909057617,227.11361694335938,17.1200008392334,14.80219554901123,117.87000274658203,83.5999984741211,2.3399999141693115
2018-12-18,50.98085403442383,47.57764434814453,9.637357711791992,27.361665725708008,34.122222900390625,226.8645782470703,16.6200008392334,14.80219554901123,118.1500015258789,78.31999969482422,2.328000068664551
2018-12-19,50.11701202392578,47.093482971191406,9.255499839782715,25.70362663269043,33.771766662597656,223.4671630859375,16.65999984741211,14.776408195495605,117.43000030517578,80.16000366210938,2.3380000591278076
2018-12-20,48.59467315673828,46.10982131958008,9.310049057006836,27.30559539794922,32.8398551940918,219.82955932617188,16.780000686645508,14.733427047729492,119.23999786376953,77.76000213623047,2.3350000381469727
2018-12-21,48.23356628417969,45.956111907958984,9.13730239868164,26.85704803466797,32.49736404418945,215.3253173828125,16.639999389648438,14.613083839416504,118.72000122070312,76.55999755859375,2.3299999237060547
2018-12-24,46.3855094909668,43.81201171875,8.891822814941406,27.698083877563477,31.557483673095703,209.6357879638672,16.6200008392334,14.726028442382812,120.0199966430664,74.31999969482422,2.3329999446868896
2018-12-26,48.60175323486328,47.2625617980957,9.455516815185547,27.658029556274414,32.393798828125,220.22763061523438,16.8799991607666,14.734713554382324,119.66000366210938,79.19999694824219,2.380000114440918
2018-12-27,48.814178466796875,47.823570251464844,9.700997352600098,28.026487350463867,32.624794006347656,221.91839599609375,16.760000228881836,14.682587623596191,120.56999969482422,76.95999908447266,2.3480000495910645
2018-12-28,48.268959045410156,47.39320373535156,9.519160270690918,27.609970092773438,32.48142623901367,221.6321258544922,16.729999542236328,14.743403434753418,121.05999755859375,76.23999786376953,2.328000068664551
2018-12-31,48.28313064575195,47.91578674316406,9.373692512512207,27.754154205322266,32.632774353027344,223.5733184814453,16.440000534057617,14.717339515686035,121.25,77.27999877929688,2.299999952316284
2019-01-02,49.34523010253906,48.707332611083984,9.419151306152344,27.617984771728516,32.6168327331543,223.8059539794922,16.280000686645508,14.691276550292969,121.33000183105469,78.80000305175781,2.365000009536743
2019-01-03,48.58759307861328,47.78514099121094,9.155486106872559,27.53788948059082,32.473453521728516,218.46533203125,16.100000381469727,14.743403434753418,122.43000030517578,79.5999984741211,2.3550000190734863
2019-01-04,50.37899398803711,48.99168395996094,9.837376594543457,27.53788948059082,33.22218322753906,225.78298950195312,16.520000457763672,14.717339515686035,121.44000244140625,81.44000244140625,2.3580000400543213
2019-01-07,50.6409912109375,48.7765007019043,10.00102710723877,27.209482192993164,33.38943862915039,227.563232421875,16.450000762939453,14.90847396850586,121.86000061035156,82.31999969482422,2.3529999256134033
2019-01-08,51.009185791015625,49.42972183227539,10.18286418914795,27.289583206176758,34.01070785522461,229.70123291015625,16.56999969482422,15.01272964477539,121.52999877929688,84.0,2.4000000953674316
2019-01-09,51.27824401855469,51.066619873046875,10.464714050292969,27.529870986938477,34.305419921875,230.77474975585938,16.670000076293945,15.038793563842773,122.30999755859375,88.4000015258789,2.390000104904175
2019-01-10,51.01626205444336,52.21168899536133,10.464714050292969,27.89031982421875,34.544376373291016,231.5888214111328,16.510000228881836,14.925848960876465,121.58999633789062,88.80000305175781,2.375
2019-01-11,50.782596588134766,51.0205078125,10.546539306640625,27.93838119506836,34.37711715698242,231.67831420898438,16.600000381469727,14.97797679901123,121.80000305175781,87.19999694824219,2.369999885559082
2019-01-14,50.7188606262207,50.421085357666016,10.546539306640625,25.455326080322266,34.13019561767578,230.26483154296875,16.43000030517578,14.90847396850586,122.08999633789062,85.5199966430664,2.359999895095825
2019-01-15,50.747196197509766,50.74384307861328,10.564800262451172,24.84656524658203,34.63199234008789,232.90382385253906,16.549999237060547,14.838970184326172,121.87999725341797,88.0,2.382999897003174
2019-01-16,50.72595977783203,50.459503173828125,10.857002258300781,25.279104232788086,34.48861312866211,233.46739196777344,16.739999771118164,14.85634708404541,122.2699966430664,88.4800033569336,2.36299991607666
2019-01-17,51.07291793823242,51.5354118347168,11.076147079467773,25.327171325683594,34.576236724853516,235.2386932373047,16.8799991607666,14.943225860595703,122.11000061035156,88.23999786376953,2.3550000190734863
2019-01-18,51.681846618652344,52.180946350097656,11.468791007995605,25.447315216064453,35.25326156616211,238.3697052001953,16.979999542236328,15.01272964477539,121.0199966430664,90.4800033569336,2.3480000495910645
2019-01-22,50.902976989746094,50.52867889404297,11.304431915283203,25.711641311645508,34.695716857910156,235.1492156982422,16.6200008392334,14.882410049438477,121.44999694824219,88.95999908447266,2.3450000286102295
2019-01-23,50.48521041870117,50.61320495605469,11.240511894226074,25.791736602783203,34.815189361572266,235.64129638671875,16.65999984741211,14.925848960876465,121.27999877929688,88.4000015258789,2.3529999256134033
2019-01-24,50.556026458740234,50.81301498413086,9.770386695861816,25.775714874267578,34.783321380615234,235.76649475097656,16.559999465942383,14.934538841247559,121.08999633789062,89.36000061035156,2.305000066757202
2019-01-25,50.782596588134766,51.48160171508789,10.263472557067871,26.56068992614746,34.823158264160156,237.76138305664062,17.06999969482422,14.838970184326172,122.86000061035156,90.0,2.328000068664551
2019-01-28,50.44274139404297,50.22126770019531,9.386874198913574,26.36043930053711,35.181575775146484,235.95437622070312,16.84000015258789,14.847658157348633,123.29000091552734,87.5999984741211,2.3329999446868896
2019-01-29,50.63390350341797,50.182865142822266,9.542107582092285,26.86505699157715,35.21343994140625,235.64129638671875,17.010000228881836,14.778156280517578,123.9800033569336,89.27999877929688,2.365000009536743
2019-01-30,51.186187744140625,50.48256301879883,10.29086685180664,27.0012264251709,35.59575271606445,239.3716583251953,17.3700008392334,14.769465446472168,124.69000244140625,91.19999694824219,2.365000009536743
2019-01-31,51.8871955871582,52.0195426940918,10.6287202835083,27.32162094116211,35.76302719116211,241.47384643554688,17.3700008392334,14.699962615966797,124.75,90.80000305175781,2.3399999141693115
2019-02-01,53.75648880004883,52.78036117553711,10.510016441345215,27.10535430908203,35.75505828857422,241.59019470214844,17.31999969482422,14.70865249633789,124.5,93.04000091552734,2.3399999141693115
2019-02-04,52.977603912353516,53.74098587036133,10.829606056213379,27.361665725708008,35.436458587646484,243.2898712158203,17.540000915527344,14.873722076416016,123.95999908447266,92.0,2.3350000381469727
2019-02-05,53.52281188964844,53.226097106933594,10.838739395141602,27.329627990722656,33.33369445800781,244.30970764160156,17.639999389648438,14.830283164978027,124.27999877929688,90.31999969482422,2.365000009536743
2019-02-06,53.28915786743164,53.11083221435547,10.875266075134277,27.217485427856445,33.3496208190918,243.9876708984375,17.68000030517578,14.865036010742188,123.44000244140625,90.55999755859375,2.365000009536743
2019-02-07,52.87847900390625,51.85816955566406,10.829606056213379,27.017242431640625,32.975250244140625,241.66168212890625,17.719999313354492,14.726028442382812,123.73999786376953,88.55999755859375,2.3550000190734863
2019-02-08,52.96440124511719,51.15180206298828,10.60132884979248,27.10535430908203,33.26199722290039,241.95697021484375,17.579999923706055,14.621771812438965,124.20999908447266,88.63999938964844,2.365000009536743
2019-02-11,53.050315856933594,51.52235412597656,10.528277397155762,26.953166961669922,33.46113586425781,242.0912322998047,17.43000030517578,14.60439682006836,123.5999984741211,88.08000183105469,2.375
2019-02-12,53.98101043701172,52.07046127319336,10.491751670837402,26.744909286499023,33.72397994995117,245.2042694091797,17.360000610351562,14.67389965057373,123.86000061035156,89.27999877929688,2.378000020980835
2019-02-13,54.58954620361328,52.32522964477539,11.222249031066895,26.616744995117188,33.771766662597656,246.00050354003906,17.350000381469727,14.647835731506348,123.37000274658203,90.72000122070312,2.372999906539917
2019-02-14,54.603878021240234,53.34423828125,11.103545188903809,26.5206356048584,33.644325256347656,245.45481872558594,17.360000610351562,14.517516136169434,124.05999755859375,91.83999633789062,2.372999906539917
2019-02-15,55.63481521606445,54.17799377441406,11.213118553161621,26.6247615814209,33.716609954833984,248.12954711914062,17.59000015258789,14.656525611877441,124.80000305175781,93.68000030517578,2.369999885559082
2019-02-19,56.007083892822266,53.64531326293945,11.952744483947754,27.658029556274414,33.612205505371094,248.55899047851562,17.969999313354492,14.595706939697266,126.69999694824219,94.23999786376953,2.372999906539917
2019-02-20,56.221866607666016,54.54083251953125,12.19015884399414,28.34687614440918,33.708587646484375,249.05995178222656,18.229999542236328,14.500143051147461,126.4800033569336,95.44000244140625,2.382999897003174
2019-02-21,55.71355056762695,54.224308013916016,11.88882827758789,28.362897872924805,34.190467834472656,248.17428588867188,18.170000076293945,14.534893035888672,125.05000305175781,95.04000091552734,2.3949999809265137
2019-02-22,56.14310836791992,54.015869140625,12.071452140808105,29.219953536987305,34.126220703125,249.71292114257812,18.440000534057617,14.560956954956055,125.5,95.5999984741211,2.3929998874664307
2019-02-25,56.20038604736328,53.46002960205078,12.107975006103516,28.915576934814453,34.078025817871094,250.05288696289062,18.420000076293945,14.39588737487793,125.37000274658203,92.55999755859375,2.3929998874664307
2019-02-26,56.3149299621582,53.20530700683594,12.034929275512695,27.99444580078125,33.989681243896484,249.87405395507812,18.43000030517578,14.36982250213623,125.58000183105469,93.04000091552734,2.4000000953674316
2019-02-27,56.89485168457031,53.43688201904297,12.016663551330566,27.249536514282227,34.23063659667969,249.76670837402344,18.549999237060547,14.430639266967773,124.69000244140625,95.12000274658203,2.3929998874664307
2019-02-28,56.57984161376953,52.37926483154297,11.779251098632812,27.329627990722656,34.134246826171875,249.301513671875,18.40999984741211,14.282944679260254,123.98999786376953,95.5999984741211,2.382999897003174
2019-03-01,57.27428436279297,53.213008880615234,11.751860618591309,27.089338302612305,34.078025817871094,250.85813903808594,18.260000228881836,14.291632652282715,121.87999725341797,93.27999877929688,2.378000020980835
2019-03-04,57.4962158203125,53.961830139160156,11.669681549072266,27.593957901000977,33.925437927246094,249.9455108642578,18.219999313354492,14.187376976013184,121.55999755859375,94.4000015258789,2.375
2019-03-05,57.41030502319336,53.27476501464844,11.724464416503906,27.63399887084961,33.933467864990234,249.60565185546875,18.3700008392334,14.265567779541016,121.72000122070312,94.55999755859375,2.4000000953674316
2019-03-06,56.758819580078125,52.71894073486328,11.450528144836426,26.65281867980957,33.83708572387695,248.0937957763672,18.290000915527344,14.196064949035645,121.61000061035156,94.0,2.4049999713897705
2019-03-07,57.388832092285156,52.45647048950195,11.240511894226074,26.7171573638916,33.86921310424805,246.01837158203125,18.239999771118164,14.083120346069336,121.51000213623047,94.4800033569336,2.3949999809265137
2019-03-08,56.56551742553711,50.51106262207031,11.039627075195312,27.11124038696289,33.668426513671875,245.5263671875,18.139999389648438,14.161312103271484,122.83999633789062,93.83999633789062,2.3929998874664307
2019-03-11,57.116756439208984,50.85072708129883,11.286169052124023,26.902143478393555,34.40732192993164,249.0867919921875,18.190000534057617,14.109185218811035,122.23999786376953,94.87999725341797,2.380000114440918
2019-03-12,57.27428436279297,50.66545867919922,11.550970077514648,27.762676239013672,34.46355438232422,250.02613830566406,18.34000015258789,14.187376976013184,122.9800033569336,95.12000274658203,2.3949999809265137
2019-03-13,57.78257369995117,51.99327087402344,11.560104370117188,27.674211502075195,34.752685546875,251.68109130859375,18.34000015258789,14.222129821777344,123.83999633789062,97.5199966430664,2.388000011444092
2019-03-14,57.589298248291016,51.73851013183594,11.249643325805664,26.87800407409668,34.81692886352539,251.5199737548828,18.09000015258789,14.30900764465332,122.41000366210938,97.76000213623047,2.388000011444092
2019-03-15,57.38167190551758,52.17854690551758,11.277036666870117,26.65281867980957,34.68040084838867,252.7627410888672,18.209999084472656,14.491453170776367,122.97000122070312,97.5999984741211,2.388000011444092
2019-03-18,58.04749298095703,52.19398880004883,11.523576736450195,26.540220260620117,34.11819839477539,253.67910766601562,18.229999542236328,14.500143051147461,123.04000091552734,98.4800033569336,2.384999990463257
2019-03-19,57.89714431762695,51.99327087402344,11.578367233276367,26.76541519165039,34.54386520385742,253.7421112060547,18.270000457763672,14.4653902053833,123.37999725341797,98.23999786376953,2.4049999713897705
2019-03-20,58.219303131103516,52.13994598388672,11.706201553344727,27.239913940429688,33.97361373901367,252.97828674316406,18.350000381469727,14.500143051147461,124.18000030517578,100.0,2.4079999923706055
2019-03-21,58.555789947509766,52.603153228759766,11.797515869140625,27.60987663269043,34.439449310302734,255.83570861816406,18.209999084472656,14.613083839416504,123.68000030517578,99.5199966430664,2.4079999923706055
2019-03-22,57.61792755126953,51.005123138427734,11.121807098388672,27.74659538269043,34.23063659667969,250.91177368164062,17.84000015258789,14.560956954956055,123.97000122070312,97.83999633789062,2.3980000019073486
2019-03-25,57.217018127441406,51.77710723876953,11.304431915283203,28.06829833984375,34.01376724243164,250.72311401367188,17.860000610351562,14.621771812438965,124.91999816894531,98.0,2.390000104904175
2019-03-26,57.96157455444336,52.927371978759766,11.596625328063965,28.599098205566406,33.9655876159668,252.59193420410156,17.8799991607666,14.60439682006836,124.30000305175781,99.76000213623047,2.4049999713897705
2019-03-27,57.517704010009766,52.42558670043945,11.60576057434082,28.71973419189453,34.126220703125,251.2711639404297,17.899999618530273,14.517516136169434,123.6500015258789,98.72000122070312,2.378000020980835
2019-03-28,57.804080963134766,52.01642990112305,11.624022483825684,28.607147216796875,34.31095504760742,252.22360229492188,18.0,14.4653902053833,121.9000015258789,98.80000305175781,2.369999885559082
2019-03-29,57.84702682495117,51.52235412597656,11.770120620727539,28.76799201965332,34.6402473449707,253.81405639648438,18.31999969482422,14.30900764465332,122.01000213623047,100.0,2.328000068664551
2019-04-01,58.51283645629883,52.255741119384766,11.96187686920166,28.639312744140625,34.27882385253906,256.823974609375,18.299999237060547,14.430639266967773,121.52999877929688,102.55999755859375,2.322999954223633
2019-04-02,58.26226043701172,51.22128677368164,11.98013687133789,28.816253662109375,33.941490173339844,256.9497985839844,18.190000534057617,14.474078178405762,121.9800033569336,104.08000183105469,2.369999885559082
2019-04-03,57.91862106323242,50.57280731201172,12.016663551330566,28.912763595581055,33.90937042236328,257.3541564941406,18.40999984741211,14.578333854675293,121.80000305175781,103.91999816894531,2.372999906539917
2019-04-04,58.7419319152832,50.30261993408203,12.381913185119629,29.339008331298828,34.31897735595703,258.0369567871094,18.25,14.760780334472656,122.11000061035156,103.36000061035156,2.369999885559082
2019-04-05,59.056941986083984,51.0437126159668,12.171895027160645,29.35508918762207,34.47960662841797,259.2859802246094,18.100000381469727,14.691276550292969,121.9800033569336,105.19999694824219,2.369999885559082
2019-04-08,59.42207717895508,51.37568664550781,12.546269416809082,29.483781814575195,34.60811996459961,259.4836730957031,18.350000381469727,14.63914966583252,122.51000213623047,107.19999694824219,2.365000009536743
2019-04-09,58.65604782104492,50.7194938659668,12.217551231384277,29.43552017211914,34.35912322998047,258.15380859375,18.389999389648438,14.595706939697266,123.1500015258789,106.63999938964844,2.365000009536743
2019-04-10,58.391136169433594,51.69991683959961,12.317992210388184,29.17011833190918,34.72859191894531,259.034423828125,18.34000015258789,14.63914966583252,123.52999877929688,107.27999877929688,2.36299991607666
2019-04-11,58.670345306396484,51.236717224121094,12.24494457244873,28.92884635925293,34.76874923706055,258.9623718261719,18.1299991607666,14.560956954956055,121.94999694824219,106.16000366210938,2.365000009536743
2019-04-12,57.93294143676758,52.00871658325195,12.556567192077637,29.15403938293457,34.84103775024414,260.7145690917969,18.40999984741211,14.665210723876953,121.83000183105469,106.4000015258789,2.375
2019-04-15,57.73963165283203,51.21355438232422,12.547401428222656,29.089679718017578,34.808902740478516,260.54388427734375,18.399999618530273,14.63914966583252,121.5999984741211,105.91999816894531,2.359999895095825
2019-04-16,58.13340759277344,50.82756805419922,12.978175163269043,28.677539825439453,34.519771575927734,260.7145690917969,18.3799991607666,14.491453170776367,120.51000213623047,106.95999908447266,2.378000020980835
2019-04-17,58.2980842590332,50.781246185302734,13.014837265014648,28.174707412719727,34.56795883178711,260.0765686035156,18.56999969482422,14.439326286315918,120.27999877929688,106.23999786376953,2.380000114440918
2019-04-18,58.083274841308594,50.87389373779297,12.831527709960938,27.235004425048828,34.34306716918945,260.5887756347656,18.299999237060547,14.534893035888672,120.37000274658203,106.55999755859375,2.365000009536743
2019-04-22,59.35049057006836,51.692195892333984,12.510737419128418,26.831104278564453,34.262760162353516,260.8134460449219,18.190000534057617,14.361136436462402,120.37000274658203,109.36000061035156,2.375
2019-04-23,59.694114685058594,51.298484802246094,12.33659839630127,26.682722091674805,34.29487228393555,263.1586608886719,18.15999984741211,14.300318717956543,120.12000274658203,110.31999969482422,2.390000104904175
2019-04-24,58.53432846069336,49.9474983215332,12.44658088684082,26.54259490966797,34.35912322998047,262.5745544433594,18.270000457763672,14.126562118530273,120.47000122070312,109.44000244140625,2.375
2019-04-25,58.86362838745117,49.38396453857422,11.190925598144531,26.07273292541504,33.507789611816406,262.4128112792969,17.920000076293945,14.065747261047363,120.56999969482422,108.23999786376953,2.365000009536743
2019-04-26,57.625091552734375,48.465293884277344,11.456721305847168,25.932605743408203,32.85722732543945,263.63482666015625,18.110000610351562,14.074434280395508,121.37000274658203,104.72000122070312,2.359999895095825
2019-04-29,57.25279998779297,48.36492919921875,11.39256477355957,25.3555965423584,34.752685546875,264.0480651855469,18.139999389648438,13.987554550170898,120.83000183105469,105.83999633789062,2.359999895095825
2019-04-30,57.47475051879883,48.72776412963867,11.282580375671387,25.602880477905273,35.820884704589844,264.182861328125,18.18000030517578,13.952801704406738,121.19999694824219,106.31999969482422,2.368000030517578
2019-05-01,56.32210159301758,48.38038635253906,10.732658386230469,24.992902755737305,35.39521789550781,262.1971435546875,17.479999542236328,13.970179557800293,120.4000015258789,105.76000213623047,2.36299991607666
2019-05-02,55.3341178894043,47.31502914428711,10.54935073852539,24.811552047729492,34.96953582763672,261.631103515625,17.40999984741211,14.004931449890137,119.94000244140625,102.55999755859375,2.372999906539917
2019-05-03,55.462989807128906,47.8708610534668,10.952625274658203,24.91046714782715,35.073951721191406,264.1918640136719,17.639999389648438,13.926739692687988,120.6500015258789,102.95999908447266,2.368000030517578
2019-05-06,55.21955871582031,47.770511627197266,10.7418212890625,24.679662704467773,34.60811996459961,263.1046447753906,17.790000915527344,13.78773307800293,120.80999755859375,104.55999755859375,2.36299991607666
2019-05-07,54.9260368347168,47.09115982055664,10.485191345214844,25.322614669799805,34.30291748046875,258.7109069824219,17.43000030517578,13.735605239868164,121.20999908447266,101.83999633789062,2.368000030517578
2019-05-08,55.011940002441406,47.42311477661133,10.421031951904297,24.893983840942383,34.06999588012695,258.3515319824219,17.34000015258789,13.622661590576172,120.91000366210938,103.12000274658203,2.369999885559082
2019-05-09,54.96183395385742,47.508018493652344,10.338545799255371,24.671422958374023,34.18244171142578,257.5697937011719,17.309999465942383,13.57922077178955,121.19999694824219,102.4800033569336,2.369999885559082
2019-05-10,55.439762115478516,48.03947067260742,10.421031951904297,24.852767944335938,34.078025817871094,258.8636169433594,17.360000610351562,13.544469833374023,121.43000030517578,102.72000122070312,2.369999885559082
2019-05-13,54.824256896972656,47.47311019897461,9.816115379333496,25.479238510131836,32.68053436279297,252.35842895507812,16.989999771118164,13.509718894958496,122.66999816894531,101.44000244140625,2.3499999046325684
2019-05-14,54.89666748046875,48.34980010986328,9.953598022460938,25.413301467895508,33.09369659423828,254.6405792236328,17.010000228881836,13.735605239868164,122.45999908447266,102.95999908447266,2.3529999256134033
2019-05-15,55.30218505859375,48.132572174072266,9.94443416595459,25.297895431518555,33.19901657104492,256.13214111328125,17.15999984741211,13.76166820526123,122.38999938964844,103.76000213623047,2.3499999046325684
2019-05-16,55.29493713378906,48.543766021728516,9.770291328430176,25.18248748779297,33.42585754394531,258.50421142578125,17.170000076293945,13.961490631103516,121.51000213623047,105.12000274658203,2.3380000591278076
2019-05-17,54.96907043457031,48.17911911010742,9.504495620727539,25.487485885620117,32.95597839355469,256.8329772949219,17.079999923706055,13.831171989440918,120.6500015258789,104.63999938964844,2.3299999237060547
2019-05-20,54.96183395385742,48.45066833496094,9.348684310913086,25.693565368652344,32.259273529052734,255.13475036621094,17.059999465942383,14.013616561889648,120.63999938964844,105.19999694824219,2.319999933242798
2019-05-21,55.21528244018555,49.35839080810547,9.486164093017578,25.83369255065918,32.5509147644043,257.4349365234375,17.0,14.083120346069336,120.36000061035156,105.04000091552734,2.3299999237060547
2019-05-22,54.715641021728516,48.916168212890625,9.22037124633789,25.81720542907715,32.34027862548828,256.6443786621094,16.729999542236328,14.039682388305664,120.23999786376953,101.91999816894531,2.319999933242798
2019-05-23,53.433921813964844,46.16196060180664,9.119547843933105,26.08098602294922,31.765087127685547,253.50845336914062,16.790000915527344,13.996243476867676,121.16999816894531,96.72000122070312,2.302999973297119
2019-05-24,53.658390045166016,46.45677947998047,9.238699913024902,26.311782836914062,31.724580764770508,254.08352661132812,16.90999984741211,14.135249137878418,121.30000305175781,97.83999633789062,2.2880001068115234
2019-05-28,52.57942581176758,46.58867263793945,9.192872047424316,26.105709075927734,31.254711151123047,251.7204132080078,16.84000015258789,14.361136436462402,120.83000183105469,97.83999633789062,2.2980000972747803
2019-05-29,52.253570556640625,46.65848922729492,9.156211853027344,26.048009872436523,31.222293853759766,250.03123474121094,16.670000076293945,14.361136436462402,120.87000274658203,97.91999816894531,2.2980000972747803
2019-05-30,52.115989685058594,45.73524475097656,9.000399589538574,26.45191764831543,31.157495498657227,250.71408081054688,16.559999465942383,14.552268981933594,121.69000244140625,94.08000183105469,2.309999942779541
2019-05-31,51.247013092041016,45.74300003051758,8.899580001831055,27.27622413635254,31.044076919555664,247.33563232421875,16.469999313354492,14.439326286315918,123.33000183105469,88.80000305175781,2.2929999828338623
2019-06-03,52.05080795288086,46.09989547729492,9.09205436706543,27.721349716186523,31.578746795654297,246.70668029785156,16.6200008392334,14.413262367248535,125.11000061035156,87.91999816894531,2.2799999713897705
2019-06-04,53.289093017578125,45.851627349853516,9.458669662475586,28.323091506958008,32.10533905029297,252.06182861328125,16.670000076293945,14.4653902053833,125.1500015258789,89.27999877929688,2.2950000762939453
2019-06-05,52.84737777709961,44.28444290161133,9.257030487060547,28.54656219482422,31.81369972229004,254.24520874023438,16.40999984741211,14.265567779541016,125.47000122070312,86.16000366210938,2.2850000858306885
2019-06-06,53.81045913696289,45.153377532958984,9.339516639709473,29.225257873535156,32.17014694213867,255.8985137939453,16.530000686645508,14.456701278686523,125.87999725341797,88.4800033569336,2.255000114440918
2019-06-07,54.0059814453125,45.74300003051758,9.486164093017578,29.523216247558594,32.06483459472656,258.4593505859375,16.3700008392334,14.300318717956543,126.58999633789062,89.83999633789062,2.2149999141693115
2019-06-10,54.24495315551758,45.97575759887695,9.724465370178223,29.208698272705078,32.45370864868164,259.6453857421875,16.649999618530273,14.413262367248535,125.33000183105469,88.87999725341797,2.2200000286102295
2019-06-11,54.194252014160156,45.564579010009766,9.733630180358887,28.9024600982666,32.54280090332031,259.58245849609375,16.719999313354492,14.474078178405762,125.18000030517578,88.87999725341797,2.2130000591278076
2019-06-12,53.607704162597656,45.4249267578125,9.706132888793945,29.357683181762695,32.98838424682617,259.1242370605469,16.540000915527344,14.552268981933594,125.83000183105469,85.12000274658203,2.1649999618530273
2019-06-13,54.078392028808594,45.82060241699219,9.926104545593262,29.42388916015625,33.223323822021484,260.1935729980469,16.610000610351562,14.569644927978516,126.5999984741211,87.04000091552734,2.140000104904175
2019-06-14,53.83942413330078,45.63440704345703,9.761125564575195,29.738418579101562,33.04508972167969,259.9059143066406,16.43000030517578,14.578333854675293,126.55999755859375,87.5199966430664,2.125
2019-06-17,54.37527847290039,45.78179931640625,9.84361457824707,29.97844123840332,33.00459289550781,260.00482177734375,16.56999969482422,14.682587623596191,126.4800033569336,86.4800033569336,2.138000011444092
2019-06-18,54.84598159790039,46.417991638183594,10.201065063476562,29.804628372192383,33.37723159790039,262.7272644042969,16.93000030517578,14.60439682006836,127.12000274658203,90.0,2.1679999828338623
2019-06-19,54.54183578491211,46.27833938598633,10.256056785583496,30.094322204589844,32.980281829833984,263.3203125,16.81999969482422,14.543581008911133,127.88999938964844,90.63999938964844,2.125
2019-06-20,55.475975036621094,47.092960357666016,10.430196762084961,31.10408592224121,33.4582633972168,265.83624267578125,16.989999771118164,14.560956954956055,131.11000061035156,94.80000305175781,2.078000068664551
2019-06-21,56.25803756713867,46.805908203125,10.393536567687988,31.029579162597656,33.280025482177734,265.44970703125,16.829999923706055,14.39588737487793,131.97999572753906,95.76000213623047,2.055000066757202
2019-06-24,55.722164154052734,46.95331573486328,10.393536567687988,31.81588363647461,32.996482849121094,265.124755859375,16.950000762939453,14.421950340270996,133.94000244140625,96.08000183105469,2.058000087738037
2019-06-25,55.22975540161133,46.37143325805664,10.393536567687988,31.402036666870117,32.74534606933594,262.5244445800781,17.09000015258789,14.491453170776367,134.1999969482422,96.0,2.0829999446868896
2019-06-26,55.468727111816406,48.68342590332031,10.53101634979248,31.675180435180664,32.81016159057617,262.2624816894531,16.969999313354492,14.500143051147461,132.97000122070312,98.31999969482422,2.0929999351501465
2019-06-27,54.903900146484375,47.535179138183594,10.595174789428711,31.517921447753906,32.86687088012695,263.1925354003906,17.010000228881836,14.552268981933594,132.83999633789062,98.31999969482422,2.0850000381469727
2019-06-28,55.49044418334961,47.32571029663086,10.641003608703613,31.84071922302246,33.05319595336914,264.5468444824219,16.959999084472656,14.39588737487793,133.1999969482422,96.31999969482422,2.0350000858306885
2019-07-01,55.439762115478516,48.295509338378906,10.49435806274414,31.377220153808594,33.539268493652344,266.948486328125,16.770000457763672,14.378510475158691,130.6199951171875,98.23999786376953,2.065000057220459
2019-07-02,54.83148956298828,46.627464294433594,10.49435806274414,31.81588363647461,33.612186431884766,267.643798828125,16.65999984741211,14.30900764465332,133.41000366210938,93.5999984741211,2.1480000019073486
2019-07-03,55.35286331176758,46.93779373168945,10.36604118347168,32.08074188232422,33.920021057128906,269.7835693359375,16.75,14.500143051147461,133.6300048828125,94.16000366210938,2.1500000953674316
2019-07-05,55.12838363647461,46.4722900390625,10.347712516784668,31.79932975769043,33.97672653198242,269.47662353515625,16.649999618530273,14.413262367248535,132.13999938964844,95.5999984741211,2.1630001068115234
2019-07-08,55.38184356689453,46.46453857421875,10.283554077148438,31.69173812866211,33.89573287963867,267.99591064453125,16.639999389648438,14.413262367248535,131.2899932861328,95.44000244140625,2.177999973297119
2019-07-09,55.34563064575195,46.46453857421875,9.962766647338867,32.08074188232422,33.839027404785156,268.3299255371094,16.440000534057617,14.456701278686523,131.75,96.31999969482422,2.194999933242798
2019-07-10,56.127689361572266,47.488624572753906,10.036087036132812,32.32076644897461,33.863319396972656,269.6120910644531,16.81999969482422,14.474078178405762,133.8300018310547,100.23999786376953,2.130000114440918
2019-07-11,56.17115020751953,47.682594299316406,10.173569679260254,32.51113510131836,33.80661392211914,270.24407958984375,16.799999237060547,14.569644927978516,132.6999969482422,100.4000015258789,2.0980000495910645
2019-07-12,56.214576721191406,47.915340423583984,10.145950317382812,32.62700653076172,33.96052932739258,271.4540100097656,16.860000610351562,14.67389965057373,133.52999877929688,100.16000366210938,2.0899999141693115
2019-07-15,55.816307067871094,47.054176330566406,10.256430625915527,32.42008590698242,33.81471252441406,271.5442199707031,16.959999084472656,14.517516136169434,133.52999877929688,98.4000015258789,2.0850000381469727
2019-07-16,54.98355484008789,46.355926513671875,10.238015174865723,32.02280044555664,33.069400787353516,270.66839599609375,16.889999389648438,14.404574394226074,132.39999389648438,96.55999755859375,2.1029999256134033
2019-07-17,54.65769577026367,46.37920379638672,10.18277645111084,32.32904052734375,32.656227111816406,268.8266296386719,16.959999084472656,14.361136436462402,134.5800018310547,94.0,2.072999954223633
2019-07-18,54.194252014160156,46.79814529418945,10.26563549041748,32.85874557495117,32.53470230102539,269.8106689453125,17.020000457763672,14.256879806518555,136.47999572753906,92.4800033569336,2.013000011444092
2019-07-19,54.30287551879883,47.04377746582031,10.578670501708984,32.5194091796875,32.60762023925781,268.3119201660156,17.170000076293945,14.421950340270996,134.47000122070312,93.36000061035156,2.013000011444092
2019-07-22,54.36079788208008,47.129547119140625,10.578670501708984,33.024295806884766,32.71294403076172,268.970947265625,17.030000686645508,14.343759536743164,134.4499969482422,93.44000244140625,2.0250000953674316
2019-07-23,54.578041076660156,47.00477981567383,10.72597885131836,32.792537689208984,32.84255599975586,270.8941345214844,16.90999984741211,14.387198448181152,133.69000244140625,94.4800033569336,2.0329999923706055
2019-07-24,54.57080841064453,46.848838806152344,10.992976188659668,32.5276985168457,32.86687088012695,272.1672668457031,16.989999771118164,14.387198448181152,134.3699951171875,92.72000122070312,2.0399999618530273
2019-07-25,54.259422302246094,46.037864685058594,10.514222145080566,31.658628463745117,32.95597839355469,270.8670959472656,16.959999084472656,14.265567779541016,133.4199981689453,92.80000305175781,2.059999942779541
2019-07-26,54.172523498535156,45.811729431152344,10.643119812011719,30.855775833129883,32.88307189941406,272.6819152832031,16.850000381469727,14.204752922058105,133.63999938964844,93.19999694824219,2.062999963760376
2019-07-29,54.55632400512695,45.37504959106445,10.689153671264648,31.211685180664062,33.134193420410156,272.185302734375,17.030000686645508,14.178689002990723,134.52999877929688,94.55999755859375,2.049999952316284
2019-07-30,54.56355667114258,46.40435028076172,10.560256004333496,31.22823715209961,33.174713134765625,271.5171813964844,16.780000686645508,14.05705738067627,134.97999572753906,96.63999938964844,2.0399999618530273
2019-07-31,53.8466682434082,46.06906509399414,10.18277645111084,30.226755142211914,33.280025482177734,268.5466613769531,16.700000762939453,13.84854793548584,133.2100067138672,96.31999969482422,2.0299999713897705
2019-08-01,52.47080612182617,45.85071563720703,9.85132884979248,30.748188018798828,33.33673858642578,266.2080993652344,16.459999084472656,13.683478355407715,136.41000366210938,90.4800033569336,2.0299999713897705
2019-08-02,51.95667266845703,44.03384780883789,9.483053207397461,30.54953384399414,32.4618034362793,264.2037353515625,16.1200008392334,13.666101455688477,135.88999938964844,91.83999633789062,2.0
2019-08-05,50.89219284057617,42.63804626464844,9.271295547485352,30.971654891967773,30.606603622436523,256.25823974609375,16.010000228881836,13.674788475036621,137.7899932861328,90.95999908447266,1.9529999494552612
2019-08-06,51.384620666503906,42.28715133666992,9.33574390411377,31.443435668945312,30.314960479736328,259.8517761230469,16.079999923706055,13.544469833374023,138.91000366210938,89.12000274658203,1.9950000047683716
2019-08-07,51.0515022277832,41.577552795410156,9.280505180358887,32.56907272338867,30.20154571533203,260.0052490234375,16.219999313354492,13.527093887329102,141.02000427246094,86.72000122070312,1.968000054359436
2019-08-08,52.41287612915039,42.942161560058594,9.317334175109863,32.5194091796875,31.02787971496582,265.1065673828125,16.290000915527344,13.622661590576172,141.72999572753906,87.68000030517578,1.9700000286102295
2019-08-09,51.297706604003906,42.1156005859375,8.976676940917969,32.30421447753906,31.076486587524414,263.30084228515625,16.260000228881836,13.683478355407715,141.25999450683594,90.23999786376953,1.9500000476837158
2019-08-12,51.04844665527344,41.421592712402344,8.764921188354492,31.83243179321289,30.29876136779785,260.0955810546875,16.18000030517578,13.231704711914062,142.6300048828125,90.87999725341797,1.9279999732971191
2019-08-13,51.6789436340332,42.006439208984375,9.105576515197754,31.17029571533203,30.590402603149414,264.14056396484375,16.489999771118164,13.188265800476074,141.77999877929688,94.95999908447266,1.9550000429153442
2019-08-14,49.59683609008789,40.376705169677734,8.617609977722168,31.4268741607666,29.788379669189453,256.3305969238281,16.280000686645508,13.214329719543457,142.75,91.5199966430664,1.9079999923706055
2019-08-15,49.30358123779297,39.69830322265625,8.276957511901855,31.88209342956543,29.780275344848633,257.0076599121094,16.270000457763672,13.14482593536377,143.6999969482422,90.80000305175781,1.843000054359436
2019-08-16,50.0733757019043,40.13498306274414,8.3782320022583,31.931751251220703,30.65520477294922,260.7998046875,16.229999542236328,13.101387023925781,142.77999877929688,91.19999694824219,1.8229999542236328
2019-08-19,50.916473388671875,42.06100845336914,8.516336441040039,31.559309005737305,30.809144973754883,263.9418640136719,16.290000915527344,13.057947158813477,141.11000061035156,93.27999877929688,1.8530000448226929
2019-08-20,50.60856246948242,41.101898193359375,8.461092948913574,31.92347526550293,30.36356544494629,261.9193420410156,16.139999389648438,13.066635131835938,142.2100067138672,93.04000091552734,1.899999976158142
2019-08-21,51.11442947387695,41.03950881958008,8.415060997009277,31.890363693237305,30.821510314941406,264.0502624511719,16.170000076293945,13.092698097229004,141.75999450683594,92.87999725341797,1.9279999732971191
2019-08-22,51.004459381103516,40.75099182128906,8.405852317810059,31.857269287109375,31.017780303955078,263.96893310546875,16.059999465942383,13.136138916015625,141.39999389648438,92.23999786376953,1.937999963760376
2019-08-23,49.479522705078125,39.31620788574219,8.129648208618164,32.5276985168457,30.608909606933594,257.18829345703125,15.880000114440918,12.979754447937012,144.1699981689453,89.5199966430664,1.909999966621399
2019-08-26,49.74346160888672,40.0569953918457,8.138854026794434,32.65183639526367,30.919649124145508,260.032470703125,15.90999984741211,13.14482593536377,144.19000244140625,89.44000244140625,1.9329999685287476
2019-08-27,49.25959014892578,39.75288009643555,8.0191650390625,33.727821350097656,30.600723266601562,259.0120849609375,16.0,13.049259185791016,145.57000732421875,91.36000061035156,1.9429999589920044
2019-08-28,49.618812561035156,40.509254455566406,8.240129470825195,33.827144622802734,30.72338104248047,260.8359680175781,16.06999969482422,13.08401107788086,145.16000366210938,93.12000274658203,1.940000057220459
2019-08-29,50.16866683959961,40.774391174316406,8.396645545959473,33.1981086730957,30.854236602783203,264.1676940917969,16.110000610351562,13.031883239746094,144.1199951171875,94.23999786376953,1.940000057220459
2019-08-30,50.20533752441406,40.68861389160156,8.461092948913574,33.016021728515625,31.11591148376465,264.0502624511719,16.0,13.014506340026855,143.75,91.68000030517578,1.9329999685287476
2019-09-03,50.26399612426758,40.57944869995117,8.35061264038086,33.429847717285156,31.066850662231445,262.50628662109375,15.850000381469727,13.005819320678711,145.75,89.76000213623047,1.909999966621399
2019-09-04,50.79917526245117,41.56196212768555,8.553163528442383,33.9512825012207,31.271289825439453,265.4858703613281,16.229999542236328,13.057947158813477,146.66000366210938,93.68000030517578,1.9049999713897705
2019-09-05,51.517662048339844,41.6711311340332,8.774127006530762,32.56079864501953,31.590221405029297,268.89874267578125,16.5,12.962379455566406,143.13999938964844,93.5999984741211,1.9199999570846558
2019-09-06,52.00152587890625,41.81928634643555,8.672852516174316,31.997966766357422,31.655630111694336,269.1064758300781,16.43000030517578,12.892876625061035,141.9199981689453,94.16000366210938,1.909999966621399
2019-09-09,52.412086486816406,42.86417770385742,8.930645942687988,31.501359939575195,32.44068145751953,269.2418518066406,16.459999084472656,12.892876625061035,141.38999938964844,96.63999938964844,1.9079999923706055
2019-09-10,52.83729934692383,43.9168815612793,9.317334175109863,31.584129333496094,32.94770431518555,269.1787109375,16.40999984741211,13.101387023925781,140.17999267578125,95.83999633789062,1.9129999876022339
2019-09-11,52.73466873168945,44.603084564208984,9.280505180358887,32.1656494140625,33.56919479370117,271.0928039550781,16.3700008392334,13.127449989318848,141.02999877929688,93.44000244140625,1.9129999876022339
2019-09-12,52.77131652832031,43.94026565551758,9.547502517700195,32.11579132080078,33.89632034301758,272.0318298339844,16.530000686645508,13.379399299621582,141.32000732421875,91.76000213623047,1.8949999809265137
2019-09-13,53.255191802978516,44.71225357055664,9.906571388244629,32.08256912231445,34.04349899291992,271.8512268066406,16.920000076293945,13.414152145385742,140.14999389648438,91.5199966430664,1.899999976158142
2019-09-16,54.0543212890625,48.75927734375,9.639572143554688,31.966272354125977,34.31336975097656,271.0115966796875,16.559999465942383,13.544469833374023,141.32000732421875,102.63999938964844,1.9450000524520874
2019-09-17,53.64374542236328,47.73777389526367,9.584330558776855,32.89667510986328,34.174354553222656,271.6977233886719,16.450000762939453,13.43152904510498,141.60000610351562,98.31999969482422,1.937999963760376
2019-09-18,53.38715362548828,46.79425048828125,9.53829574584961,32.43978500366211,34.07622146606445,271.8602600097656,16.360000610351562,13.43152904510498,140.7100067138672,96.80000305175781,1.8799999952316284
2019-09-19,53.02792739868164,46.76304626464844,9.621155738830566,32.722225189208984,33.44654083251953,271.8421325683594,16.34000015258789,13.474967002868652,141.27999877929688,97.5199966430664,1.8830000162124634
2019-09-20,52.84463882446289,47.425865173339844,9.639572143554688,33.0960578918457,33.44654083251953,270.5577697753906,16.25,13.396775245666504,142.9499969482422,97.5999984741211,1.850000023841858
2019-09-23,52.88130569458008,46.92680740356445,9.510674476623535,33.10436248779297,33.03766632080078,270.4942321777344,16.3799991607666,13.492342948913574,143.75,97.68000030517578,1.8450000286102295
2019-09-24,52.155487060546875,46.24060821533203,9.216057777404785,33.469879150390625,32.653297424316406,268.3717346191406,16.309999465942383,13.518406867980957,144.50999450683594,95.19999694824219,1.8799999952316284
2019-09-25,52.309444427490234,46.38095474243164,9.271295547485352,32.871768951416016,33.10308074951172,269.95916748046875,16.360000610351562,13.648725509643555,141.8300018310547,94.4000015258789,1.8450000286102295
2019-09-26,52.030845642089844,44.97739028930664,9.022711753845215,32.70561599731445,33.4138298034668,269.396728515625,16.15999984741211,13.674788475036621,141.7899932861328,94.4000015258789,1.7699999809265137
2019-09-27,52.40475845336914,45.14893341064453,8.884608268737793,31.899810791015625,33.479244232177734,267.9455261230469,16.290000915527344,13.6574125289917,141.05999755859375,93.27999877929688,1.7300000190734863
2019-09-30,51.76692199707031,44.4315299987793,8.810954093933105,31.501056671142578,33.58555603027344,269.18798828125,16.1299991607666,13.779044151306152,138.8699951171875,90.72000122070312,1.7699999809265137
2019-10-01,50.54990005493164,43.00455093383789,8.442679405212402,31.202001571655273,32.980403900146484,265.9862060546875,16.09000015258789,13.796420097351074,139.6300048828125,89.5199966430664,1.753000020980835
2019-10-02,49.23025894165039,41.38261413574219,8.166476249694824,31.459535598754883,32.48157501220703,261.28765869140625,16.100000381469727,13.76166820526123,141.25999450683594,87.83999633789062,1.7350000143051147
2019-10-03,49.83876419067383,41.842681884765625,8.157266616821289,31.667205810546875,32.326210021972656,263.42828369140625,16.010000228881836,13.796420097351074,141.89999389648438,87.44000244140625,1.6649999618530273
2019-10-04,50.564571380615234,41.71791458129883,8.129648208618164,31.825040817260742,32.99676513671875,266.9931335449219,16.06999969482422,13.70085334777832,141.89999389648438,88.31999969482422,1.6549999713897705
2019-10-07,49.868099212646484,42.57566452026367,8.065199851989746,31.783510208129883,32.5306396484375,265.8410949707031,16.1299991607666,13.57922077178955,140.69000244140625,88.31999969482422,1.6729999780654907
2019-10-08,48.90035629272461,42.02982711791992,7.83502721786499,32.331787109375,31.402135848999023,261.7140197753906,16.09000015258789,13.6574125289917,141.9199981689453,87.12000274658203,1.6549999713897705
2019-10-09,49.44287872314453,42.84080123901367,7.871855735778809,32.215484619140625,31.835542678833008,264.19927978515625,16.079999923706055,13.683478355407715,142.0500030517578,87.91999816894531,1.628000020980835
2019-10-10,50.036720275878906,43.57378005981445,8.249337196350098,32.34839630126953,32.52246856689453,265.9862060546875,16.34000015258789,13.631349563598633,140.80999755859375,89.5199966430664,1.6330000162124634
2019-10-11,50.57191467285156,44.002647399902344,8.841882705688477,31.251853942871094,33.08672332763672,268.7436218261719,16.469999313354492,13.813796043395996,140.02999877929688,91.36000061035156,1.6230000257492065
2019-10-14,50.71853256225586,43.76872253417969,8.795591354370117,31.5675106048584,32.87410354614258,268.4443359375,16.510000228881836,13.805108070373535,140.58999633789062,89.44000244140625,1.6180000305175781
2019-10-15,50.89447784423828,43.628360748291016,8.814105987548828,31.31000518798828,32.980403900146484,271.1020202636719,16.3700008392334,13.891987800598145,139.61000061035156,88.4800033569336,1.6180000305175781
2019-10-16,50.022056579589844,42.905540466308594,8.795591354370117,31.426300048828125,32.46521759033203,270.6666259765625,16.209999084472656,13.857234954833984,140.41000366210938,89.12000274658203,1.6150000095367432
2019-10-17,49.95607376098633,42.842681884765625,8.740036964416504,31.825040817260742,32.587886810302734,271.46484375,16.309999465942383,13.813796043395996,140.61000061035156,90.23999786376953,1.625
2019-10-18,49.567501068115234,42.38698959350586,8.869656562805176,31.933034896850586,32.41615676879883,270.2765808105469,16.530000686645508,13.839859962463379,140.4600067138672,89.76000213623047,1.625
2019-10-21,50.39595031738281,43.966209411621094,9.0918607711792,31.5343017578125,33.03766632080078,272.1087951660156,16.579999923706055,13.813796043395996,139.7899932861328,89.68000030517578,1.625
2019-10-22,50.652549743652344,44.421897888183594,9.193707466125488,31.401376724243164,33.16850280761719,271.2199401855469,16.530000686645508,13.770357131958008,140.1999969482422,90.72000122070312,1.6150000095367432
2019-10-23,51.13642120361328,44.19405746459961,9.378875732421875,31.88319206237793,33.3075065612793,272.009033203125,16.719999313354492,13.796420097351074,140.52999877929688,93.19999694824219,1.6150000095367432
2019-10-24,50.652549743652344,44.12334060668945,8.878915786743164,32.4813232421875,33.15214538574219,272.4535827636719,16.719999313354492,13.76166820526123,141.52999877929688,93.83999633789062,1.6230000257492065
2019-10-25,50.76984405517578,44.27261734008789,9.388134956359863,32.54777145385742,33.536495208740234,273.5692443847656,16.829999923706055,13.796420097351074,141.86000061035156,94.63999938964844,1.625
2019-10-28,50.322635650634766,43.746219635009766,9.480720520019531,32.27363204956055,33.77365493774414,275.11114501953125,16.850000381469727,13.874610900878906,140.63999938964844,93.19999694824219,1.6050000190734863
2019-10-29,50.17601776123047,44.85401153564453,9.47146224975586,32.26533126831055,33.945377349853516,275.029541015625,16.8700008392334,13.831171989440918,140.25,92.63999938964844,1.5950000286102295
2019-10-30,49.648162841796875,43.243385314941406,9.378875732421875,32.43147277832031,33.14396286010742,275.8731384277344,16.81999969482422,13.874610900878906,141.02000427246094,91.76000213623047,1.5950000286102295
2019-10-31,49.53818130493164,43.36909866333008,9.0918607711792,33.004676818847656,34.378787994384766,275.1385192871094,16.540000915527344,13.84854793548584,142.42999267578125,90.4000015258789,1.4980000257492065
2019-11-01,51.02644729614258,44.90116500854492,9.739956855773926,32.904991149902344,34.69771194458008,277.68731689453125,16.670000076293945,13.961490631103516,142.55999755859375,93.5199966430664,1.4850000143051147
2019-11-04,52.54404067993164,45.56896209716797,9.999195098876953,32.30686950683594,35.21291732788086,278.80291748046875,16.700000762939453,13.961490631103516,142.14999389648438,94.4800033569336,1.503000020980835
2019-11-05,53.585105895996094,45.96966552734375,10.101041793823242,31.193695068359375,35.13931655883789,278.4945983886719,16.940000534057617,14.074434280395508,139.85000610351562,95.44000244140625,1.5180000066757202
2019-11-06,52.412086486816406,45.27827835083008,9.851059913635254,31.27677345275879,35.065704345703125,278.5580749511719,16.739999771118164,13.987554550170898,140.4499969482422,94.4800033569336,1.5149999856948853
2019-11-07,53.52644348144531,46.77891159057617,10.434348106384277,30.678647994995117,35.60543441772461,279.5376892089844,17.010000228881836,13.970179557800293,138.27000427246094,95.04000091552734,1.5180000066757202
2019-11-08,52.50993728637695,46.4803581237793,10.665809631347656,30.41281509399414,35.41735076904297,280.2270202636719,16.889999389648438,14.004931449890137,137.38999938964844,95.91999816894531,1.5099999904632568
2019-11-11,52.190887451171875,46.283931732177734,10.267695426940918,30.49588966369629,35.59726333618164,279.6919250488281,16.700000762939453,13.961490631103516,137.05999755859375,95.12000274658203,1.5130000114440918
2019-11-12,51.4711799621582,45.74968719482422,10.221402168273926,30.653730392456055,35.36011505126953,280.2815246582031,16.649999618530273,14.126562118530273,137.42999267578125,94.95999908447266,1.5329999923706055
2019-11-13,51.04824447631836,45.2232780456543,10.036230087280273,31.044160842895508,35.01664733886719,280.3722229003906,16.579999923706055,14.074434280395508,137.97999572753906,95.68000030517578,1.534999966621399
2019-11-14,50.825645446777344,44.97970962524414,10.008454322814941,31.185392379760742,34.98393630981445,280.78033447265625,16.5,14.065747261047363,138.55999755859375,95.27999877929688,1.527999997138977
2019-11-15,51.337608337402344,45.76539993286133,10.332503318786621,31.243539810180664,35.05754089355469,282.8121643066406,16.610000610351562,14.013616561889648,138.2100067138672,96.63999938964844,1.527999997138977
2019-11-18,50.840484619140625,44.547603607177734,10.193624496459961,31.617361068725586,35.03300857543945,283.02081298828125,16.479999542236328,13.944114685058594,138.6199951171875,95.19999694824219,1.5230000019073486
2019-11-19,50.32110595703125,44.9168701171875,10.443605422973633,31.858264923095703,35.22926712036133,282.939208984375,16.700000762939453,13.891987800598145,138.69000244140625,92.55999755859375,1.524999976158142
2019-11-20,50.47691345214844,46.63750076293945,10.212143898010254,31.957963943481445,35.039634704589844,281.8869323730469,16.6299991607666,13.883298873901367,138.75999450683594,95.19999694824219,1.5199999809265137
2019-11-21,51.69375228881836,47.30530548095703,10.193624496459961,31.74198341369629,35.303466796875,281.433349609375,16.520000457763672,13.93542766571045,138.0,97.5999984741211,1.5299999713897705
2019-11-22,51.4711799621582,47.06175231933594,10.508418083190918,31.642284393310547,35.22101593017578,282.0593566894531,16.610000610351562,13.926739692687988,137.74000549316406,96.87999725341797,1.5429999828338623
2019-11-25,51.129852294921875,47.96527099609375,10.795428276062012,31.36815643310547,35.5178337097168,284.24530029296875,16.670000076293945,14.05705738067627,137.0800018310547,96.87999725341797,1.5449999570846558
2019-11-26,51.003719329833984,47.226741790771484,10.841721534729004,31.6838321685791,35.245750427246094,284.88934326171875,16.8799991607666,14.013616561889648,137.74000549316406,97.5199966430664,1.565000057220459
2019-11-27,50.97404861450195,47.407432556152344,10.749136924743652,31.717058181762695,35.40240478515625,286.1592712402344,16.90999984741211,13.970179557800293,137.00999450683594,97.12000274658203,1.565000057220459
2019-11-29,50.55111312866211,47.09317398071289,10.536189079284668,31.899810791015625,35.3941535949707,285.0979919433594,16.649999618530273,14.030994415283203,137.86000061035156,92.95999908447266,1.5399999618530273
2019-12-02,50.76628112792969,47.43102264404297,10.601001739501953,32.18225860595703,35.69095230102539,282.6761169433594,16.6200008392334,13.970179557800293,137.7899932861328,93.36000061035156,1.5379999876022339
2019-12-03,50.36560821533203,46.26823425292969,10.110298156738281,32.713932037353516,35.38591384887695,280.78033447265625,16.450000762939453,14.05705738067627,139.11000061035156,94.08000183105469,1.5379999876022339
2019-12-04,50.936954498291016,47.63528823852539,10.286210060119629,32.62222671508789,35.3941535949707,282.51287841796875,16.6299991607666,14.022305488586426,138.9199981689453,97.5199966430664,1.4980000257492065
2019-12-05,50.75887680053711,47.014617919921875,10.489898681640625,33.34752655029297,35.57554244995117,283.02081298828125,16.68000030517578,14.065747261047363,139.0,97.5199966430664,1.4930000305175781
2019-12-06,51.575042724609375,48.68809127807617,10.776909828186035,33.180789947509766,36.202117919921875,285.60589599609375,17.229999542236328,14.126562118530273,137.6199951171875,98.55999755859375,1.4800000190734863
2019-12-09,51.686344146728516,48.578102111816406,11.202804565429688,33.114097595214844,36.33404541015625,284.7078552246094,17.260000228881836,14.187376976013184,137.5800018310547,98.63999938964844,1.4980000257492065
2019-12-10,51.241153717041016,48.52310562133789,11.369455337524414,33.33919906616211,36.276329040527344,284.3904724121094,17.34000015258789,14.300318717956543,137.97000122070312,99.12000274658203,1.5149999856948853
2019-12-11,51.16696548461914,48.46024703979492,11.887933731079102,34.09784698486328,36.4659538269043,285.19775390625,17.5,14.274255752563477,138.9199981689453,98.4000015258789,1.5199999809265137
2019-12-12,52.190887451171875,49.17522048950195,12.091621398925781,34.281253814697266,37.02659225463867,287.6559143066406,17.6299991607666,14.413262367248535,138.42999267578125,98.95999908447266,1.5299999713897705
2019-12-13,51.36729431152344,49.26163101196289,11.9157075881958,34.4229850769043,37.265682220458984,287.82818603515625,17.450000762939453,14.36982250213623,139.0500030517578,99.91999816894531,1.5230000019073486
2019-12-16,51.93861389160156,49.35591125488281,11.989777565002441,34.172882080078125,37.90876770019531,289.8056335449219,17.600000381469727,14.621771812438965,139.0399932861328,100.72000122070312,1.524999976158142
2019-12-17,51.70117950439453,49.905879974365234,11.999037742614746,33.73936080932617,38.098384857177734,289.8691101074219,17.579999923706055,14.517516136169434,139.00999450683594,101.76000213623047,1.5299999713897705
2019-12-18,51.8421516418457,49.654476165771484,12.017553329467773,34.16453552246094,37.356388092041016,289.8872375488281,17.600000381469727,14.491453170776367,139.02000427246094,101.91999816894531,1.5180000066757202
2019-12-19,51.486000061035156,49.6466064453125,12.036069869995117,34.08116149902344,37.62844467163086,291.0754699707031,17.68000030517578,14.378510475158691,139.3800048828125,102.23999786376953,1.5329999923706055
2019-12-20,51.894100189208984,50.063011169433594,11.767572402954102,34.12284851074219,37.75211715698242,292.3515930175781,17.549999237060547,14.439326286315918,139.52000427246094,101.04000091552734,1.527999997138977
2019-12-23,52.15378952026367,50.75441360473633,11.897192001342773,34.823150634765625,37.941741943359375,292.79827880859375,17.579999923706055,14.34843635559082,139.9499969482422,101.5999984741211,1.5199999809265137
2019-12-24,51.95344924926758,50.809417724609375,12.026810646057129,35.16496658325195,37.991207122802734,292.8074645996094,17.700000762939453,14.41903018951416,141.27000427246094,102.16000366210938,1.5379999876022339
2019-12-26,52.035072326660156,51.06867980957031,12.193464279174805,35.59013748168945,38.09014892578125,294.3660583496094,17.850000381469727,14.445504188537598,142.3800048828125,103.12000274658203,1.534999966621399
2019-12-27,51.85700225830078,51.052982330322266,12.063846588134766,35.6068115234375,38.17258071899414,294.29315185546875,17.700000762939453,14.577869415283203,142.3300018310547,103.27999877929688,1.5180000066757202
2019-12-30,51.55278778076172,50.76226806640625,12.045328140258789,36.47386169433594,38.02418899536133,292.67059326171875,17.68000030517578,14.58669376373291,142.6300048828125,103.12000274658203,1.4900000095367432
2019-12-31,51.77538299560547,51.092254638671875,12.147171020507812,36.22374725341797,38.21381759643555,293.38153076171875,17.540000915527344,14.613166809082031,142.89999389648438,102.4800033569336,1.5049999952316284
2020-01-02,52.606407165527344,51.430084228515625,12.221240043640137,36.03200912475586,38.01594543457031,296.1252746582031,17.700000762939453,14.560220718383789,143.9499969482422,102.4800033569336,1.4950000047683716
2020-01-03,52.18347930908203,51.61863327026367,11.850898742675781,35.70686721801758,37.941741943359375,293.88287353515625,17.450000762939453,14.392557144165039,145.86000061035156,105.44000244140625,1.4730000495910645
2020-01-06,52.584136962890625,52.231475830078125,11.897192001342773,36.065345764160156,37.64493942260742,295.0041198730469,17.469999313354492,14.427855491638184,147.38999938964844,105.27999877929688,1.4880000352859497
2020-01-07,52.15378952026367,52.231475830078125,12.082362174987793,36.04033279418945,37.19148635864258,294.174560546875,17.520000457763672,14.463150978088379,147.97000122070312,105.04000091552734,1.5
2020-01-08,51.36729431152344,51.02154541015625,12.202726364135742,35.081607818603516,36.77925491333008,295.742431640625,17.59000015258789,14.392557144165039,146.86000061035156,101.27999877929688,1.4930000305175781
2020-01-09,51.76054763793945,51.909339904785156,11.999037742614746,34.7314567565918,36.40001678466797,297.7477722167969,17.540000915527344,14.427855491638184,146.02999877929688,99.91999816894531,1.5
2020-01-10,51.300514221191406,51.398658752441406,11.943485260009766,35.2400016784668,36.235111236572266,296.8910217285156,17.6200008392334,14.560220718383789,146.91000366210938,99.27999877929688,1.4980000257492065
2020-01-13,51.79021453857422,51.17082977294922,12.526771545410156,35.39006423950195,36.62260055541992,298.93280029296875,17.920000076293945,14.471976280212402,145.82000732421875,97.5999984741211,1.5099999904632568
2020-01-14,51.34502410888672,51.17866897583008,12.275864601135254,35.70686721801758,36.68855667114258,298.4770202636719,17.979999542236328,14.551396369934082,145.69000244140625,98.23999786376953,1.5299999713897705
2020-01-15,51.26341247558594,51.06867980957031,12.062125205993652,36.282100677490234,36.59786605834961,299.1515197753906,17.950000762939453,14.58669376373291,146.5399932861328,97.44000244140625,1.5080000162124634
2020-01-16,51.063079833984375,51.123680114746094,11.941320419311523,36.53221130371094,37.381107330322266,301.6401062011719,17.860000610351562,14.427855491638184,146.30999755859375,98.31999969482422,1.5180000066757202
2020-01-17,50.87017059326172,51.123680114746094,11.959906578063965,36.24876022338867,37.30690383911133,302.57879638671875,17.8700008392334,14.560220718383789,146.5800018310547,98.63999938964844,1.5230000019073486
2020-01-21,50.14303207397461,50.30657196044922,11.402336120605469,36.44050216674805,37.19972610473633,301.9862976074219,17.5,14.551396369934082,146.74000549316406,97.91999816894531,1.503000020980835
2020-01-22,49.85365676879883,49.505184173583984,11.448799133300781,36.498870849609375,37.043094635009766,302.0228271484375,17.399999618530273,14.516098022460938,146.7899932861328,95.19999694824219,1.5130000114440918
2020-01-23,49.54200744628906,49.60731887817383,11.123550415039062,36.43217468261719,37.07605743408203,302.3692321777344,17.139999389648438,14.48080062866211,147.1199951171875,93.27999877929688,1.5149999856948853
2020-01-24,49.2081298828125,49.19878005981445,11.002744674682617,36.924049377441406,36.5236701965332,299.68023681640625,16.84000015258789,14.321961402893066,147.97999572753906,91.44000244140625,1.4900000095367432
2020-01-27,48.035797119140625,47.95741653442383,10.129212379455566,37.149147033691406,35.88882827758789,294.87646484375,16.299999237060547,14.092528343200684,148.99000549316406,88.80000305175781,1.5049999952316284
2020-01-28,47.969017028808594,48.06740951538086,10.50092887878418,36.9323844909668,36.21038055419922,297.96661376953125,16.200000762939453,14.119001388549805,147.66000366210938,90.0,1.5299999713897705
2020-01-29,47.568359375,47.525299072265625,10.4916353225708,37.199161529541016,36.01250076293945,297.720458984375,16.110000610351562,13.995460510253906,148.4600067138672,89.27999877929688,1.5199999809265137
2020-01-30,48.072898864746094,47.839561462402344,10.519515037536621,37.49094772338867,37.76036071777344,298.6866149902344,16.0,13.889567375183105,148.47000122070312,88.63999938964844,1.527999997138977
2020-01-31,46.09181213378906,46.692474365234375,10.315071105957031,37.56598663330078,36.902915954589844,293.2631530761719,15.779999732971191,13.810147285461426,149.3300018310547,86.72000122070312,1.5099999904632568
2020-02-03,45.06045150756836,46.496063232421875,10.631028175354004,38.007843017578125,37.06781005859375,295.4416809082031,15.75,13.783675193786621,148.36000061035156,83.91999816894531,1.5180000066757202
2020-02-04,44.49654769897461,44.38261413574219,11.188599586486816,36.87403869628906,37.40584945678711,299.944580078125,15.989999771118164,13.810147285461426,146.42999267578125,83.5199966430664,1.5379999876022339
2020-02-05,46.54441452026367,46.181793212890625,11.532435417175293,36.9323844909668,37.982967376708984,303.4082946777344,16.25,13.81897258758545,146.61000061035156,85.5999984741211,1.5199999809265137
2020-02-06,45.91373825073242,45.89110565185547,11.448799133300781,37.007408142089844,37.90876770019531,304.42926025390625,16.299999237060547,13.916041374206543,147.39999389648438,85.91999816894531,1.5299999713897705
2020-02-07,45.609527587890625,45.56111526489258,10.965571403503418,36.69894790649414,37.68616485595703,302.80670166015625,16.020000457763672,13.977811813354492,147.7899932861328,84.63999938964844,1.5180000066757202
2020-02-10,45.127845764160156,45.46683883666992,11.309407234191895,37.032432556152344,37.66142272949219,305.0672912597656,16.049999237060547,13.960162162780762,148.1699981689453,83.36000061035156,1.5199999809265137
2020-02-11,45.55684280395508,46.12680435180664,11.523143768310547,36.865692138671875,38.02418899536133,305.59600830078125,16.229999542236328,13.960162162780762,147.66000366210938,84.0,1.5379999876022339
2020-02-12,46.11378479003906,46.95174789428711,11.774051666259766,36.59056091308594,37.89955520629883,307.5648193359375,16.3799991607666,13.968987464904785,147.5399932861328,86.4800033569336,1.534999966621399
2020-02-13,45.85789489746094,46.540306091308594,11.718292236328125,36.690616607666016,37.61703109741211,307.2367248535156,16.43000030517578,14.039582252502441,148.3800048828125,86.72000122070312,1.5449999570846558
2020-02-14,45.647159576416016,46.38207244873047,11.374455451965332,36.740638732910156,37.20155715942383,307.7288818359375,16.329999923706055,14.066055297851562,149.0,87.5999984741211,1.534999966621399
2020-02-18,45.067626953125,46.12887191772461,11.170012474060059,37.999507904052734,36.93565368652344,306.93597412109375,16.389999389648438,14.17194652557373,150.91000366210938,87.5999984741211,1.534999966621399
2020-02-19,45.41383743286133,46.88845443725586,11.244359016418457,38.49137878417969,36.53679656982422,308.40350341796875,16.399999618530273,14.163122177124023,151.7899932861328,89.44000244140625,1.5429999828338623
2020-02-20,45.052574157714844,46.587791442871094,11.225769996643066,40.100399017333984,36.752838134765625,307.136474609375,16.25,14.074878692626953,152.41000366210938,90.23999786376953,1.5379999876022339
2020-02-21,44.503150939941406,46.23964309692383,11.095670700073242,41.2175407409668,36.478633880615234,303.97344970703125,16.309999465942383,14.092528343200684,154.6999969482422,89.27999877929688,1.5180000066757202
2020-02-24,42.41836929321289,44.609703063964844,10.445172309875488,41.90115737915039,35.58119583129883,293.8919982910156,16.1200008392334,13.810147285461426,156.08999633789062,85.91999816894531,1.503000020980835
2020-02-25,40.79268264770508,42.592063903808594,9.971235275268555,40.967437744140625,33.595237731933594,284.9864807128906,16.040000915527344,13.801323890686035,153.3000030517578,83.19999694824219,1.4900000095367432
2020-02-26,39.897037506103516,40.48737716674805,9.720330238342285,41.18419647216797,33.129913330078125,283.93829345703125,16.06999969482422,13.739553451538086,153.97000122070312,81.5199966430664,1.4780000448226929
2020-02-27,37.49614715576172,37.290809631347656,9.106999397277832,38.79150390625,31.26027488708496,271.18609619140625,16.010000228881836,13.545418739318848,154.0,78.23999786376953,1.3949999809265137
2020-02-28,38.715415954589844,38.311485290527344,9.255684852600098,37.20749282836914,31.28520393371582,270.0467834472656,15.880000114440918,13.457173347473145,148.3800048828125,75.5999984741211,1.2300000190734863
2020-03-02,40.55183792114258,38.952396392822266,9.757500648498535,39.041622161865234,32.274024963378906,281.74151611328125,16.350000381469727,13.616012573242188,149.1999969482422,79.36000061035156,1.1349999904632568
2020-03-03,38.610042572021484,38.07411575317383,9.357906341552734,41.45930862426758,31.625886917114258,273.6745300292969,16.190000534057617,13.704255104064941,153.88999938964844,79.12000274658203,0.9179999828338623
2020-03-04,39.45298385620117,39.11064147949219,9.711034774780273,42.638118743896484,32.71443176269531,285.1778259277344,16.190000534057617,13.616012573242188,154.16000366210938,78.87999725341797,0.675000011920929
2020-03-05,37.71440887451172,37.74181365966797,9.283561706542969,43.541053771972656,31.850242614746094,275.6981506347656,16.049999237060547,13.43952465057373,157.49000549316406,76.87999725341797,0.5950000286102295
2020-03-06,35.893043518066406,35.86658477783203,8.763165473937988,43.76677703857422,31.276891708374023,271.14056396484375,16.010000228881836,13.263036727905273,157.5500030517578,69.83999633789062,0.41499999165534973
2020-03-09,31.505191802978516,26.95730972290039,7.648021697998047,39.946075439453125,29.332477569580078,249.96597290039062,15.579999923706055,13.033604621887207,157.80999755859375,52.15999984741211,0.33000001311302185
2020-03-10,32.671775817871094,27.59819984436035,8.363571166992188,40.44770431518555,30.844791412353516,262.90045166015625,15.899999618530273,13.24538803100586,154.47999572753906,57.91999816894531,0.38999998569488525
2020-03-11,31.595516204833984,25.762540817260742,7.545799732208252,38.474647521972656,29.141353607177734,250.08441162109375,15.550000190734863,13.09537410736084,153.92999267578125,55.52000045776367,0.36800000071525574
2020-03-12,27.982873916625977,22.312767028808594,6.662978172302246,37.15369415283203,26.20810890197754,226.1570587158203,15.3100004196167,12.592385292053223,147.7899932861328,52.31999969482422,0.27300000190734863
2020-03-13,28.690343856811523,24.82888412475586,6.997520923614502,33.02363967895508,28.78404426574707,245.49038696289062,15.569999694824219,12.574736595153809,143.27999877929688,55.68000030517578,0.24300000071525574
2020-03-16,25.958293914794922,20.635356903076172,5.798743724822998,34.051979064941406,27.155385971069336,218.62794494628906,14.920000076293945,12.045272827148438,141.63999938964844,48.400001525878906,0.1850000023841858
2020-03-17,27.70440101623535,20.769859313964844,6.0217719078063965,38.29070281982422,29.299232482910156,230.43203735351562,14.5,12.027624130249023,143.55999755859375,45.68000030517578,0.16500000655651093
2020-03-18,24.927181243896484,17.93724250793457,4.934506416320801,34.754249572753906,27.437910079956055,218.76463317871094,13.5,12.09821891784668,140.6999969482422,37.68000030517578,0.003000000026077032
2020-03-19,25.913137435913086,20.247644424438477,5.334100246429443,34.896385192871094,27.803524017333984,219.22947692871094,13.539999961853027,12.248233795166016,138.0399932861328,42.959999084472656,-0.02800000086426735
2020-03-20,24.64118194580078,21.236692428588867,5.12965726852417,33.90985870361328,25.435325622558594,209.781982421875,13.319999694824219,12.345301628112793,140.11000061035156,39.52000045776367,-0.032999999821186066
2020-03-23,23.670291900634766,19.424768447875977,5.00885009765625,34.82950973510742,24.355091094970703,204.41827392578125,13.029999732971191,12.654155731201172,146.3000030517578,39.040000915527344,-0.03999999910593033
2020-03-24,26.673290252685547,24.32249641418457,6.495707035064697,39.71198272705078,26.856252670288086,222.939208984375,13.739999771118164,12.971832275390625,153.39999389648438,39.84000015258789,-0.032999999821186066
2020-03-25,28.06566619873047,24.48073959350586,6.737321853637695,39.745418548583984,27.172006607055664,226.27662658691406,13.789999961853027,12.954184532165527,151.3000030517578,40.63999938964844,-0.07000000029802322
2020-03-26,29.217182159423828,25.390661239624023,6.495707035064697,40.36408996582031,28.634471893310547,239.48890686035156,13.680000305175781,12.768872261047363,153.24000549316406,38.63999938964844,-0.10499999672174454
2020-03-27,27.809770584106445,23.14356231689453,5.761571884155273,38.75053405761719,27.836763381958008,232.35556030273438,13.59000015258789,12.468843460083008,152.25,35.7599983215332,-0.057999998331069946
2020-03-30,28.22372055053711,23.175212860107422,5.798743724822998,38.758888244628906,29.77288246154785,239.90145874023438,13.569999694824219,12.37177562713623,152.9199981689453,33.84000015258789,0.013000000268220901
2020-03-31,28.577455520629883,24.36996841430664,6.272676944732666,37.8559684753418,29.232759475708008,236.32562255859375,13.859999656677246,12.415897369384766,148.0500030517578,33.68000030517578,0.029999999329447746
2020-04-01,28.246292114257812,23.436315536499023,5.863792419433594,38.85085678100586,28.144214630126953,225.68983459472656,13.569999694824219,12.027624130249023,149.4499969482422,35.040000915527344,0.06300000101327896
2020-04-02,30.40635108947754,26.791139602661133,5.938134670257568,40.32228469848633,28.52645492553711,230.89772033691406,13.859999656677246,12.001152038574219,151.89999389648438,40.880001068115234,0.06499999761581421
2020-04-03,29.510713577270508,26.03946876525879,5.873085021972656,39.419368743896484,28.792354583740234,227.56027221679688,13.6899995803833,11.868785858154297,152.64999389648438,47.20000076293945,0.057999998331069946
2020-04-06,30.45903968811035,25.95244026184082,6.681563377380371,41.8940544128418,29.731319427490234,242.84458923339844,13.829999923706055,12.027624130249023,156.8800048828125,43.84000015258789,0.05999999865889549
2020-04-07,31.038555145263672,26.324316024780273,7.053278923034668,41.76864242553711,29.89751434326172,243.0922393798828,14.140000343322754,12.248233795166016,156.0399932861328,40.720001220703125,0.12800000607967377
2020-04-08,33.0029296875,28.23118019104004,7.462164402008057,42.24519729614258,30.312992095947266,251.25241088867188,14.25,12.292356491088867,154.64999389648438,42.959999084472656,0.1850000023841858
2020-04-09,32.46104049682617,27.479522705078125,7.610849857330322,47.913551330566406,31.227031707763672,255.07582092285156,14.619999885559082,12.159989356994629,158.69000244140625,39.84000015258789,0.20999999344348907
2020-04-13,32.182559967041016,27.139291763305664,7.713072299957275,49.970218658447266,29.9722957611084,252.74688720703125,14.609999656677246,11.983502388000488,161.41000366210938,39.439998626708984,0.20000000298023224
2020-04-14,31.934186935424805,26.9652099609375,7.731656074523926,50.070533752441406,30.944515228271484,260.201171875,14.869999885559082,12.001152038574219,162.67999267578125,37.279998779296875,0.16500000655651093
2020-04-15,30.46656036376953,25.47769546508789,7.127621650695801,48.67435836791992,29.4903621673584,254.67245483398438,14.579999923706055,11.939379692077637,161.85000610351562,35.439998626708984,0.11500000208616257
2020-04-16,29.46556282043457,24.583595275878906,7.043984889984131,50.07890319824219,29.631610870361328,255.90097045898438,14.539999961853027,11.904083251953125,161.7100067138672,34.880001068115234,0.10999999940395355
2020-04-17,32.528785705566406,27.89887237548828,7.750243663787842,49.51875305175781,30.90296173095703,262.81427001953125,14.75,12.045272827148438,158.57000732421875,33.68000030517578,0.10300000011920929
2020-04-20,30.993404388427734,27.35292625427246,7.452873229980469,49.77793502807617,30.196657180786133,258.18402099609375,14.470000267028809,11.939379692077637,159.6999969482422,30.0,0.07000000029802322
2020-04-21,30.827816009521484,26.261016845703125,6.8860063552856445,49.55219650268555,29.08318328857422,250.34475708007812,14.199999809265137,11.824663162231445,158.61000061035156,22.479999542236328,0.09799999743700027
2020-04-22,31.708404541015625,27.67732048034668,7.099743366241455,51.608848571777344,29.415565490722656,255.90097045898438,14.470000267028809,11.8511381149292,161.72999572753906,20.079999923706055,0.09300000220537186
2020-04-23,32.701873779296875,28.626806259155273,7.257721900939941,52.20244216918945,29.69808578491211,255.88265991210938,14.460000038146973,11.96585464477539,163.33999633789062,21.1200008392334,0.09300000220537186
2020-04-24,32.9126091003418,28.55559730529785,7.88034200668335,52.76258850097656,29.90582275390625,259.4493103027344,14.770000457763672,11.754068374633789,162.63999938964844,20.559999465942383,0.10000000149011612
2020-04-27,33.07066345214844,29.394296646118164,8.224181175231934,52.344566345214844,30.36285400390625,263.190185546875,14.90999984741211,11.67464828491211,161.55999755859375,17.520000457763672,0.09300000220537186
2020-04-28,33.84587097167969,30.446636199951172,8.289228439331055,52.39472579956055,30.88633155822754,261.9800109863281,14.789999961853027,11.780542373657227,160.83999633789062,17.040000915527344,0.08500000089406967
2020-04-29,35.71992492675781,33.3979377746582,8.605183601379395,52.127201080322266,31.91671371459961,268.8381652832031,15.0,11.798190116882324,161.72999572753906,18.0,0.09000000357627869
2020-04-30,34.974822998046875,33.31090545654297,8.205594062805176,49.72776412963867,30.861412048339844,266.33514404296875,14.949999809265137,12.08056926727295,158.8000030517578,19.1200008392334,0.09000000357627869
2020-05-01,32.468563079833984,30.968849182128906,7.861757755279541,50.99018478393555,29.18289566040039,259.2843322753906,14.550000190734863,12.115867614746094,159.77999877929688,18.860000610351562,0.09300000220537186
2020-05-04,33.77815246582031,31.934160232543945,8.084784507751465,52.4532585144043,28.88376235961914,259.9994812011719,14.800000190734863,12.071747779846191,160.33999633789062,19.670000076293945,0.09000000357627869
2020-05-05,33.740516662597656,32.37724304199219,8.17771053314209,54.26747512817383,29.049955368041992,262.4016418457031,14.760000228881836,12.054097175598145,161.02000427246094,21.510000228881836,0.10999999940395355
2020-05-06,33.10829544067383,32.03702163696289,7.982563495635986,52.194087982177734,28.584617614746094,260.62298583984375,14.930000305175781,12.054097175598145,158.9499969482422,20.850000381469727,0.1080000028014183
2020-05-07,33.29645538330078,33.564090728759766,8.335691452026367,53.974849700927734,28.88376235961914,263.7678527832031,14.920000076293945,12.221761703491211,161.38999938964844,20.469999313354492,0.0949999988079071
2020-05-08,34.75656509399414,34.42717361450195,8.558723449707031,53.96649932861328,30.23819923400879,268.1321716308594,15.300000190734863,12.239408493041992,160.4199981689453,21.469999313354492,0.0949999988079071
2020-05-11,34.425411224365234,33.77987289428711,8.344985961914062,52.62883377075195,29.44049835205078,268.1872253417969,14.890000343322754,12.133517265319824,159.4199981689453,21.170000076293945,0.10499999672174454
2020-05-12,33.8499870300293,33.22846603393555,8.056904792785645,52.23588180541992,28.867141723632812,262.8417053222656,14.890000343322754,12.142341613769531,160.0399932861328,20.969999313354492,0.12300000339746475
2020-05-13,32.16976547241211,31.877897262573242,7.805999279022217,53.41470718383789,28.119285583496094,258.1932678222656,14.789999961853027,11.957029342651367,161.5800018310547,20.600000381469727,0.11500000208616257
2020-05-14,32.45363235473633,31.909860610961914,7.703777313232422,55.71381378173828,28.38519287109375,261.2830505371094,14.739999771118164,11.939379692077637,163.00999450683594,21.450000762939453,0.10499999672174454
2020-05-15,32.223472595214844,32.661067962646484,7.88034200668335,56.767234802246094,28.35195541381836,262.4842529296875,14.850000381469727,11.939379692077637,163.92999267578125,22.389999389648438,0.10300000011920929
2020-05-18,34.7859992980957,34.84272003173828,8.530842781066895,55.396121978759766,29.747947692871094,270.4794616699219,15.260000228881836,12.00997543334961,162.69000244140625,24.309999465942383,0.10499999672174454
2020-05-19,33.71187973022461,34.09952926635742,8.493670463562012,56.332489013671875,29.227519989013672,267.7012939453125,15.210000038146973,12.00997543334961,164.25999450683594,24.440000534057617,0.11800000071525574
2020-05-20,34.809017181396484,35.28225326538086,8.47508430480957,54.94466018676758,29.672393798828125,272.24896240234375,15.460000038146973,12.071747779846191,164.64999389648438,25.34000015258789,0.11800000071525574
2020-05-21,34.187557220458984,34.938629150390625,8.270645141601562,53.07193374633789,29.479333877563477,270.36944580078125,15.3100004196167,11.974677085876465,162.25,26.600000381469727,0.10999999940395355
2020-05-22,34.218257904052734,34.58700180053711,8.121956825256348,52.71242904663086,29.69758415222168,270.8828430175781,15.149999618530273,11.921731948852539,163.2100067138672,25.56999969482422,0.10999999940395355
2020-05-26,35.22331619262695,34.8986701965332,8.605183601379395,49.50202560424805,31.166519165039062,274.2202453613281,15.329999923706055,12.133517265319824,160.88999938964844,25.65999984741211,0.11800000071525574
2020-05-27,35.47651290893555,35.697818756103516,8.633063316345215,49.10073471069336,32.736167907714844,278.30035400390625,15.079999923706055,12.03644847869873,161.17999267578125,25.0,0.13500000536441803
2020-05-28,34.55583572387695,34.371238708496094,8.447206497192383,49.09236526489258,32.736167907714844,277.78692626953125,15.079999923706055,12.062922477722168,161.72000122070312,25.030000686645508,0.1379999965429306
2020-05-29,34.8857421875,33.70793533325195,8.428621292114258,48.88336944580078,32.99638366699219,279.0247802734375,15.510000228881836,12.054097175598145,162.91000366210938,25.8799991607666,0.12800000607967377
2020-06-01,35.5072021484375,34.67490768432617,8.679527282714844,50.57216262817383,32.64383316040039,280.1523742675781,15.59000015258789,12.062922477722168,163.66000366210938,26.219999313354492,0.12800000607967377
2020-06-02,36.29743576049805,35.322208404541016,9.060535430908203,48.88336944580078,33.29854965209961,282.4721984863281,15.6899995803833,12.001152038574219,162.60000610351562,27.06999969482422,0.14499999582767487
2020-06-03,37.77819061279297,36.057430267333984,9.422957420349121,47.036170959472656,34.00364685058594,286.2313537597656,15.569999694824219,12.071747779846191,159.60000610351562,27.1200008392334,0.14800000190734863
2020-06-04,37.6707649230957,35.72977828979492,9.478714942932129,46.9354133605957,34.53246307373047,285.4794616699219,15.569999694824219,12.195286750793457,161.27999877929688,27.5,0.14000000059604645
2020-06-05,40.72432327270508,38.83046340942383,10.092041015625,45.97822570800781,35.690818786621094,292.7962341308594,16.040000915527344,12.221761703491211,158.00999450683594,28.8700008392334,0.14499999582767487
2020-06-08,41.997920989990234,40.204994201660156,10.45446491241455,46.633148193359375,36.00138473510742,296.3353576660156,16.450000762939453,12.212937355041504,159.72000122070312,28.3700008392334,0.15299999713897705
2020-06-09,41.06190872192383,38.8624382019043,10.47304916381836,48.00174331665039,35.57331085205078,294.1257019042969,16.3799991607666,12.221761703491211,161.25999450683594,28.420000076293945,0.16500000655651093
2020-06-10,38.859981536865234,36.68875503540039,10.658905029296875,49.31157684326172,34.70033645629883,292.4844665527344,16.8700008392334,12.168814659118652,163.57000732421875,28.43000030517578,0.16500000655651093
2020-06-11,35.430477142333984,33.65999221801758,9.209221839904785,47.05295944213867,32.4004020690918,275.6230773925781,16.079999923706055,12.001152038574219,162.38999938964844,26.360000610351562,0.15299999713897705
2020-06-12,36.190025329589844,34.946617126464844,9.748205184936523,46.55757522583008,33.097110748291016,278.9237976074219,16.3799991607666,12.00997543334961,162.6199951171875,26.43000030517578,0.15000000596046448
2020-06-15,36.16701126098633,34.642940521240234,9.729620933532715,47.73305892944336,33.155860900878906,281.52777099609375,16.290000915527344,11.939379692077637,162.3300018310547,26.979999542236328,0.1550000011920929
2020-06-16,36.98027420043945,36.0494270324707,10.0177001953125,46.97739791870117,34.2050895690918,286.946533203125,16.149999618530273,11.939379692077637,162.25,27.639999389648438,0.1599999964237213
2020-06-17,35.775726318359375,35.17836380004883,9.94335651397705,46.6667366027832,33.970069885253906,285.7546691894531,16.25,11.939379692077637,162.55999755859375,27.280000686645508,0.16500000655651093
2020-06-18,35.99822235107422,35.52199935913086,9.813255310058594,46.62474822998047,34.062400817871094,285.8646545410156,16.420000076293945,11.904083251953125,162.24000549316406,27.889999389648438,0.14000000059604645
2020-06-19,35.27702331542969,34.922664642333984,9.757500648498535,47.791839599609375,33.777008056640625,284.2309875488281,16.549999237060547,11.904083251953125,164.02999877929688,28.229999542236328,0.14300000667572021
2020-06-22,35.61459732055664,34.81076431274414,10.026991844177246,48.883365631103516,33.5755615234375,286.0543518066406,16.649999618530273,11.895257949829102,165.08999633789062,28.979999542236328,0.14000000059604645
2020-06-23,35.82943344116211,35.010555267333984,10.29648494720459,49.46269989013672,33.51679611206055,287.37127685546875,16.670000076293945,11.912907600402832,166.47999572753906,28.719999313354492,0.14000000059604645
2020-06-24,34.14153289794922,32.75696563720703,9.822549819946289,49.042877197265625,33.00477600097656,280.0408020019531,16.690000534057617,11.824663162231445,165.89999389648438,27.25,0.13500000536441803
2020-06-25,34.65556716918945,33.61204528808594,10.29648494720459,49.19402313232422,33.53358840942383,283.0429992675781,16.760000228881836,11.842312812805176,165.8000030517578,27.940000534057617,0.12999999523162842
2020-06-26,33.466373443603516,32.245513916015625,10.026991844177246,49.8237419128418,32.67741012573242,276.3202819824219,16.809999465942383,11.612878799438477,166.5399932861328,27.360000610351562,0.13300000131130219
2020-06-29,34.0034294128418,33.00469970703125,10.25931453704834,49.99168014526367,33.29016876220703,280.3816223144531,16.81999969482422,11.780542373657227,166.6300048828125,28.270000457763672,0.125
2020-06-30,34.310333251953125,33.580081939697266,10.75183391571045,51.838863372802734,33.491615295410156,283.97308349609375,17.06999969482422,11.921731948852539,167.3699951171875,28.059999465942383,0.13500000536441803
2020-07-01,33.535423278808594,32.557167053222656,10.677491188049316,51.519805908203125,33.0803108215332,285.9622802734375,17.110000610351562,12.071747779846191,166.6199951171875,28.350000381469727,0.12999999523162842
2020-07-02,33.81930160522461,33.38829040527344,10.686785697937012,51.183956146240234,33.206233978271484,287.53704833984375,17.110000610351562,12.027624130249023,166.97999572753906,28.75,0.13300000131130219
2020-07-06,34.05714416503906,33.26841735839844,11.848392486572266,51.36867141723633,33.29854965209961,291.9758605957031,17.350000381469727,11.96585464477539,167.97999572753906,28.959999084472656,0.12800000607967377
2020-07-07,33.174835205078125,32.47727584838867,11.829806327819824,52.45180130004883,32.920841217041016,288.9643859863281,17.389999389648438,12.00997543334961,169.0399932861328,28.790000915527344,0.14000000059604645
2020-07-08,33.098114013671875,32.79692077636719,11.913442611694336,53.25783920288086,32.467567443847656,291.1747131347656,17.579999923706055,12.054097175598145,170.08999633789062,29.18000030517578,0.13500000536441803
2020-07-09,31.732446670532227,30.6472110748291,11.978495597839355,52.67010498046875,31.73729705810547,289.51702880859375,17.770000457763672,12.09821891784668,169.6300048828125,28.40999984741211,0.12300000339746475
2020-07-10,32.72216796875,31.718069076538086,12.052837371826172,51.9564208984375,33.05513381958008,292.47320556640625,18.170000076293945,11.96585464477539,169.19000244140625,29.030000686645508,0.11999999731779099
2020-07-13,32.72983932495117,31.69409942626953,12.0993013381958,49.99168014526367,33.37409973144531,289.94061279296875,18.149999618530273,11.859960556030273,169.39999389648438,28.5,0.125
2020-07-14,33.81163024902344,33.01268005371094,12.545353889465332,51.86404800415039,33.944889068603516,293.69793701171875,18.350000381469727,11.815839767456055,170.19000244140625,28.8799991607666,0.13300000131130219
2020-07-15,34.24127197265625,33.26042175292969,12.573233604431152,52.174713134765625,34.33100891113281,296.3962707519531,18.1200008392334,11.992327690124512,170.33999633789062,29.290000915527344,0.125
2020-07-16,33.972747802734375,33.236454010009766,12.517480850219727,51.67933654785156,34.38136672973633,295.4200439453125,18.110000610351562,12.054097175598145,168.72999572753906,29.15999984741211,0.10300000011920929
2020-07-17,33.38965606689453,32.25960922241211,12.61970043182373,52.829627990722656,34.55765151977539,296.2765197753906,18.059999465942383,12.09821891784668,170.1199951171875,29.100000381469727,0.10499999672174454
2020-07-20,32.60708236694336,31.75101661682129,12.480305671691895,53.89596939086914,33.76022720336914,298.6708679199219,18.229999542236328,12.00997543334961,170.94000244140625,29.1200008392334,0.10499999672174454
2020-07-21,34.25661849975586,33.632015228271484,12.433843612670898,53.97992706298828,34.29743576049805,299.3062744140625,18.440000534057617,11.974677085876465,173.0,29.719999313354492,0.10999999940395355
2020-07-22,33.458702087402344,33.01041030883789,12.65687084197998,54.9706916809082,34.54924392700195,301.0099182128906,18.209999084472656,12.177638053894043,175.6300048828125,29.75,0.10000000149011612
2020-07-23,33.52775955200195,32.663272857666016,12.378084182739258,55.222564697265625,35.47257995605469,297.41845703125,18.229999542236328,12.115867614746094,177.17999267578125,29.40999984741211,0.10300000011920929
2020-07-24,33.32060623168945,32.51795959472656,12.192229270935059,56.045413970947266,35.32988357543945,295.5029296875,18.049999237060547,12.133517265319824,178.6999969482422,29.440000534057617,0.09799999743700027
2020-07-27,33.81163024902344,32.10622787475586,12.601115226745605,57.96818161010742,35.36345672607422,297.6578369140625,18.15999984741211,12.239408493041992,182.22999572753906,29.719999313354492,0.09300000220537186
2020-07-28,33.412662506103516,31.452322006225586,12.294448852539062,57.590335845947266,35.74958419799805,295.7699279785156,18.18000030517578,12.168814659118652,183.75,29.350000381469727,0.10300000011920929
2020-07-29,33.78093338012695,32.243473052978516,12.359498977661133,57.002601623535156,36.02656936645508,299.4075927734375,18.290000915527344,12.274707794189453,185.1300048828125,29.56999969482422,0.09000000357627869
2020-07-30,32.12373733520508,30.386680603027344,12.024954795837402,55.13022994995117,36.39590835571289,298.33941650390625,18.170000076293945,12.318828582763672,183.75999450683594,28.93000030517578,0.08500000089406967
2020-07-31,32.284847259521484,30.184856414794922,12.00637149810791,58.10251998901367,35.95104217529297,300.6968688964844,17.950000762939453,12.51296615600586,185.42999267578125,29.06999969482422,0.08299999684095383
2020-08-03,32.41526794433594,29.635910034179688,12.173643112182617,57.22090148925781,36.034969329833984,302.78741455078125,18.290000915527344,12.495316505432129,185.63999938964844,29.34000015258789,0.07800000160932541
2020-08-04,33.35129165649414,30.386680603027344,12.034249305725098,58.984134674072266,35.85869216918945,303.95697021484375,18.15999984741211,12.460018157958984,189.58999633789062,29.780000686645508,0.09000000357627869
2020-08-05,33.6428337097168,30.693458557128906,12.982120513916016,59.08489227294922,36.379119873046875,305.8448486328125,18.200000762939453,12.51296615600586,191.35000610351562,30.229999542236328,0.0949999988079071
2020-08-06,33.481719970703125,30.717674255371094,13.530399322509766,58.866580963134766,36.55537796020508,307.88922119140625,18.200000762939453,12.477667808532715,193.88999938964844,30.18000030517578,0.08799999952316284
2020-08-07,33.328277587890625,30.91948890686035,12.972827911376953,57.85902404785156,36.95829772949219,308.1102294921875,17.469999313354492,12.345301628112793,190.80999755859375,29.850000381469727,0.08799999952316284
2020-08-10,34.14921188354492,32.00128173828125,13.363126754760742,57.002601623535156,37.34441375732422,309.0311584472656,17.8799991607666,12.327652931213379,190.14999389648438,30.15999984741211,0.08799999952316284
2020-08-11,34.50212860107422,32.057796478271484,12.972827911376953,52.78765106201172,37.26047134399414,306.4801940917969,17.709999084472656,12.292356491088867,179.94000244140625,29.81999969482422,0.10000000149011612
2020-08-12,34.49430847167969,33.632015228271484,12.982120513916016,52.88840103149414,37.310848236083984,310.7532653808594,17.93000030517578,12.398247718811035,179.10000610351562,30.559999465942383,0.10000000149011612
2020-08-13,33.64935302734375,32.800506591796875,12.814847946166992,53.828792572021484,37.29405212402344,310.1914978027344,17.5,12.601207733154297,183.3300018310547,30.399999618530273,0.09000000357627869
2020-08-14,33.79800796508789,32.953887939453125,12.805557250976562,53.61048126220703,37.42835235595703,310.20062255859375,17.790000915527344,12.557086944580078,182.5399932861328,30.329999923706055,0.08799999952316284
2020-08-17,33.35988998413086,32.85701370239258,13.102927207946777,57.388824462890625,37.26047134399414,311.18609619140625,18.110000610351562,12.645330429077148,186.5,30.770000457763672,0.08500000089406967
2020-08-18,33.195587158203125,32.55833053588867,13.391005516052246,56.84306716918945,37.497432708740234,311.85833740234375,18.540000915527344,12.636506080627441,188.17999267578125,30.600000381469727,0.10000000149011612
2020-08-19,32.827877044677734,32.00936508178711,13.883526802062988,55.39890670776367,37.285858154296875,310.5598449707031,18.59000015258789,12.689452171325684,182.24000549316406,30.65999984741211,0.0949999988079071
2020-08-20,32.32716751098633,31.298934936523438,13.660500526428223,56.448448181152344,36.80350112915039,311.52685546875,18.68000030517578,12.62768268585205,183.5,30.520000457763672,0.08799999952316284
2020-08-21,32.08464050292969,30.80648422241211,13.344539642333984,55.054656982421875,36.88812255859375,312.6319580078125,18.31999969482422,12.61003303527832,182.02999877929688,30.18000030517578,0.08799999952316284
2020-08-24,33.03129577636719,31.379669189453125,13.530399322509766,54.743995666503906,37.61590576171875,315.7999267578125,18.260000228881836,12.61003303527832,181.0,30.350000381469727,0.08500000089406967
2020-08-25,31.982933044433594,31.36351776123047,13.437471389770508,54.458518981933594,37.488956451416016,316.90496826171875,18.3799991607666,12.795345306396484,181.22000122070312,30.920000076293945,0.0949999988079071
2020-08-26,31.30227279663086,30.322107315063477,13.948576927185059,55.138614654541016,37.64128494262695,320.0821533203125,18.520000457763672,12.724750518798828,183.36000061035156,30.93000030517578,0.09300000220537186
2020-08-27,31.09104347229004,30.798410415649414,13.846356391906738,54.37456130981445,37.844390869140625,320.781982421875,18.6200008392334,12.883589744567871,181.24000549316406,30.670000076293945,0.0949999988079071
2020-08-28,31.83428192138672,30.98409080505371,14.543320655822754,56.0118293762207,37.9967155456543,322.8540344238281,18.809999465942383,12.92771053314209,184.38999938964844,30.719999313354492,0.0949999988079071
2020-08-31,31.24750518798828,30.588512420654297,14.506149291992188,56.49042510986328,37.878238677978516,321.6846008300781,18.959999084472656,13.007129669189453,184.8300018310547,30.579999923706055,0.0949999988079071
2020-09-01,30.84850311279297,29.99917984008789,15.035842895507812,56.27211380004883,38.19980239868164,324.71441650390625,18.729999542236328,13.068901062011719,185.0500030517578,30.610000610351562,0.10000000149011612
2020-09-02,30.660737991333008,29.3695011138916,15.119478225708008,56.70033264160156,38.70756530761719,329.4110107421875,18.739999771118164,13.051251411437988,182.6199951171875,29.860000610351562,0.10000000149011612
2020-09-03,30.598148345947266,29.054649353027344,14.459686279296875,55.524845123291016,38.76680374145508,318.0746154785156,18.40999984741211,12.945359230041504,181.13999938964844,29.639999389648438,0.10000000149011612
2020-09-04,30.574674606323242,28.94969940185547,14.887155532836914,54.869937896728516,39.34225082397461,315.4775085449219,19.06999969482422,13.015954971313477,181.63999938964844,28.510000228881836,0.10300000011920929
2020-09-08,29.87055015563965,27.496564865112305,14.608370780944824,55.222564697265625,38.26751708984375,306.8577575683594,18.700000762939453,12.945359230041504,181.2899932861328,26.75,0.1080000028014183
2020-09-09,29.69061279296875,27.819482803344727,14.998671531677246,57.45606231689453,38.96989440917969,312.9175109863281,18.860000610351562,12.901236534118652,183.0500030517578,27.40999984741211,0.10499999672174454
2020-09-10,28.947357177734375,26.57623863220215,14.654837608337402,56.040130615234375,38.94451904296875,307.48394775390625,18.40999984741211,12.989480972290039,182.4600067138672,26.790000915527344,0.10300000011920929
2020-09-11,28.869125366210938,26.72962760925293,15.119478225708008,55.81256103515625,39.68075942993164,307.6405944824219,18.850000381469727,13.113021850585938,182.4499969482422,27.040000915527344,0.10300000011920929
2020-09-14,28.681360244750977,27.060619354248047,15.203112602233887,56.79024887084961,40.19696044921875,311.69256591796875,18.969999313354492,12.980657577514648,183.88999938964844,26.940000534057617,0.10000000149011612
2020-09-15,28.376245498657227,27.286663055419922,15.249577522277832,56.93354797363281,40.17157745361328,313.26739501953125,18.920000076293945,13.015954971313477,183.4499969482422,27.520000457763672,0.10000000149011612
2020-09-16,29.581087112426758,28.320003509521484,15.59341812133789,56.71440505981445,40.33237075805664,312.0240478515625,18.899999618530273,12.989480972290039,183.97000122070312,28.700000762939453,0.10000000149011612
2020-09-17,29.573253631591797,29.135372161865234,15.82573127746582,55.896846771240234,40.42545700073242,309.2797546386719,19.010000228881836,13.139496803283691,182.9600067138672,29.229999542236328,0.08500000089406967
2020-09-18,29.096010208129883,28.957767486572266,15.797856330871582,54.539878845214844,40.31544494628906,305.71923828125,19.209999084472656,13.218914985656738,183.1999969482422,29.059999465942383,0.08299999684095383
2020-09-21,28.501422882080078,27.73874855041504,14.543320655822754,53.663333892822266,39.35918426513672,302.316650390625,18.719999313354492,12.989480972290039,179.52000427246094,28.290000915527344,0.07999999821186066
2020-09-22,27.79729652404785,27.690311431884766,14.571200370788574,53.4779052734375,39.773841857910156,305.3955383300781,18.969999313354492,12.945359230041504,178.64999389648438,28.170000076293945,0.08799999952316284
2020-09-23,26.905406951904297,26.57623863220215,13.725549697875977,50.75556182861328,38.216739654541016,298.3131103515625,18.209999084472656,12.901236534118652,174.7899932861328,28.030000686645508,0.08799999952316284
2020-09-24,26.850635528564453,27.125211715698242,14.292413711547852,51.7838020324707,38.47907638549805,299.10821533203125,18.34000015258789,12.901236534118652,175.44000244140625,28.5,0.09300000220537186
2020-09-25,27.100994110107422,27.2059383392334,14.21806812286377,51.766944885253906,38.99528503417969,303.94390869140625,18.420000076293945,12.910061836242676,174.94000244140625,28.350000381469727,0.09000000357627869
2020-09-28,27.625179290771484,27.214008331298828,14.775642395019531,52.36537170410156,39.35072326660156,308.9922790527344,18.510000228881836,12.821817398071289,176.6999969482422,28.690000534057617,0.08799999952316284
2020-09-29,26.819337844848633,26.20488166809082,14.23665714263916,52.90477752685547,38.91066360473633,307.30950927734375,18.5,12.830642700195312,178.19000244140625,27.700000762939453,0.08500000089406967
2020-09-30,26.858461380004883,26.511661529541016,14.534026145935059,53.4779052734375,39.34225082397461,309.63946533203125,18.700000762939453,13.007129669189453,177.1199951171875,28.290000915527344,0.08500000089406967
2020-10-01,25.919631958007812,26.180662155151367,14.450393676757812,52.95534896850586,39.43534851074219,311.6274719238281,17.860000610351562,12.92771053314209,178.6999969482422,27.510000228881836,0.08299999684095383
2020-10-02,25.802274703979492,26.697336196899414,14.812814712524414,52.50020980834961,39.553810119628906,308.6687316894531,18.299999237060547,12.9188871383667,178.5399932861328,26.350000381469727,0.08500000089406967
2020-10-05,26.39687156677246,27.67416763305664,15.165942192077637,53.208194732666016,40.433921813964844,314.14227294921875,18.239999771118164,12.980657577514648,179.41000366210938,27.93000030517578,0.08500000089406967
2020-10-06,26.12303924560547,26.883012771606445,14.608370780944824,51.26124954223633,40.28159713745117,309.6764221191406,18.149999618530273,12.980657577514648,177.3000030517578,28.389999389648438,0.08799999952316284
2020-10-07,26.2091064453125,27.714534759521484,15.68634033203125,51.556243896484375,40.8824348449707,315.0668640136719,18.68000030517578,13.165968894958496,177.22000122070312,28.389999389648438,0.08799999952316284
2020-10-08,27.5860538482666,28.68329429626465,15.611998558044434,52.019798278808594,41.33940887451172,317.8592224121094,18.770000457763672,13.157144546508789,177.85000610351562,29.139999389648438,0.08799999952316284
2020-10-09,27.179229736328125,28.36037254333496,16.01158905029297,52.946929931640625,41.44097137451172,320.6977233886719,19.049999237060547,13.201266288757324,181.0800018310547,28.690000534057617,0.09300000220537186
2020-10-12,27.093172073364258,28.73173713684082,15.62129020690918,53.03963851928711,42.30414581298828,325.85699462890625,18.940000534057617,13.051251411437988,180.55999755859375,28.06999969482422,0.09000000357627869
2020-10-13,26.77240562438965,28.15854263305664,15.630584716796875,52.8963508605957,41.32248306274414,323.7303466796875,18.829999923706055,13.068901062011719,177.72000122070312,28.459999084472656,0.09300000220537186
2020-10-14,26.717636108398438,27.87598991394043,15.742097854614258,53.941471099853516,41.33940887451172,321.69622802734375,18.829999923706055,13.139496803283691,178.27000427246094,28.979999542236328,0.10000000149011612
2020-10-15,26.952342987060547,28.578344345092773,15.993002891540527,53.098628997802734,42.26181411743164,321.29864501953125,19.15999984741211,13.121847152709961,178.9199981689453,28.940000534057617,0.0949999988079071
2020-10-16,26.678518295288086,27.597667694091797,15.937250137329102,52.82048797607422,42.134891510009766,321.1045227050781,18.989999771118164,13.077725410461426,178.3000030517578,28.719999313354492,0.09000000357627869
2020-10-19,26.14650535583496,26.723236083984375,15.92795467376709,52.01137161254883,42.5749397277832,316.2226257324219,19.059999465942383,13.130671501159668,178.38999938964844,28.59000015258789,0.09000000357627869
2020-10-20,26.365570068359375,26.62517738342285,16.364721298217773,51.57308578491211,43.04883575439453,317.4892883300781,19.479999542236328,13.121847152709961,179.25,29.049999237060547,0.0949999988079071
2020-10-21,25.943096160888672,25.039756774902344,16.46693992614746,51.81752014160156,42.99806594848633,316.8883056640625,19.760000228881836,13.130671501159668,180.60000610351562,28.100000381469727,0.09000000357627869
2020-10-22,27.273113250732422,26.07762908935547,17.052392959594727,51.0252685546875,43.734310150146484,318.6265869140625,19.530000686645508,13.165968894958496,178.8300018310547,28.510000228881836,0.08500000089406967
2020-10-23,26.72545623779297,26.59248924255371,17.06168556213379,50.96625900268555,43.89508819580078,319.70831298828125,19.450000762939453,13.18361759185791,178.63999938964844,27.8799991607666,0.08299999684095383
2020-10-26,26.091747283935547,24.77824592590332,16.132402420043945,50.8398323059082,43.319644927978516,313.8002014160156,19.1200008392334,13.139496803283691,178.5500030517578,27.110000610351562,0.07999999821186066
2020-10-27,25.677095413208008,24.729215621948242,16.46693992614746,51.9608039855957,42.61725616455078,312.7182922363281,19.15999984741211,13.051251411437988,179.02000427246094,27.690000534057617,0.09000000357627869
2020-10-28,24.699142456054688,23.52789306640625,15.67705249786377,49.43230056762695,41.90639877319336,302.02996826171875,18.969999313354492,12.874765396118164,176.1300048828125,26.309999465942383,0.09000000357627869
2020-10-29,25.79444694519043,23.830259323120117,16.243913650512695,50.85668182373047,42.24489974975586,305.09967041015625,19.020000457763672,12.830642700195312,175.39999389648438,25.600000381469727,0.08299999684095383
2020-10-30,25.520620346069336,23.388965606689453,16.11380958557129,52.963775634765625,39.13069534301758,301.9190368652344,18.920000076293945,12.83946704864502,176.1999969482422,25.25,0.08299999684095383
2020-11-02,26.592458724975586,24.70469856262207,16.95016860961914,54.55673599243164,41.093997955322266,305.3031311035156,19.049999237060547,12.848291397094727,177.91000366210938,26.260000228881836,0.08299999684095383
2020-11-03,26.138689041137695,23.952848434448242,17.44269371032715,56.19184494018555,40.53546905517578,310.6935729980469,19.149999618530273,12.901236534118652,178.9199981689453,26.719999313354492,0.09000000357627869
2020-11-04,25.997865676879883,24.8272762298584,16.727142333984375,54.85173416137695,39.35918426513672,317.63726806640625,19.239999771118164,12.954184532165527,178.82000732421875,27.440000534057617,0.08299999684095383
2020-11-05,25.950925827026367,24.61479949951172,17.489154815673828,57.18637466430664,40.5439338684082,323.8321228027344,19.31999969482422,13.068901062011719,182.92999267578125,27.15999984741211,0.08500000089406967
2020-11-06,25.645801544189453,23.854785919189453,17.767940521240234,57.430809020996094,40.84858322143555,323.7581481933594,19.559999465942383,13.130671501159668,183.19000244140625,26.469999313354492,0.08299999684095383
2020-11-09,28.892601013183594,27.278955459594727,18.390562057495117,55.63556671142578,41.71175765991211,327.8263244628906,19.469999313354492,13.1924409866333,175.0800018310547,28.06999969482422,0.08799999952316284
2020-11-10,29.533588409423828,29.035991668701172,18.41844367980957,54.69158935546875,42.439537048339844,327.3456115722656,19.5,13.342456817626953,175.66000366210938,28.90999984741211,0.09000000357627869
2020-11-11,29.229122161865234,28.831676483154297,18.148950576782227,55.315277099609375,42.388763427734375,329.7773132324219,19.399999618530273,13.315983772277832,174.89999389648438,29.040000915527344,0.09000000357627869
2020-11-12,28.22757339477539,27.793806076049805,18.1396541595459,54.80115509033203,41.745601654052734,326.5782165527344,19.399999618530273,13.24538803100586,175.9600067138672,28.65999984741211,0.08500000089406967
2020-11-13,28.90862464904785,28.897056579589844,18.71581268310547,55.382720947265625,42.19411849975586,331.09942626953125,19.68000030517578,13.254213333129883,177.16000366210938,28.1299991607666,0.08299999684095383
2020-11-16,30.575197219848633,31.11989974975586,19.51500129699707,55.349002838134766,42.65956497192383,335.2323913574219,20.040000915527344,13.43952465057373,177.14999389648438,28.809999465942383,0.07500000298023224
2020-11-17,30.983829498291016,31.74916648864746,19.54287338256836,54.38816833496094,42.448001861572266,333.4294738769531,19.940000534057617,13.554241180419922,176.5,28.8700008392334,0.07999999821186066
2020-11-18,29.81401824951172,32.01885223388672,19.24550437927246,51.884944915771484,41.996253967285156,329.4166259765625,19.850000381469727,13.642485618591309,175.49000549316406,29.0,0.07500000298023224
2020-11-19,29.96625328063965,32.255855560302734,19.617223739624023,51.75852584838867,41.69791793823242,330.8036193847656,19.950000762939453,13.58953857421875,175.16000366210938,29.09000015258789,0.05999999865889549
2020-11-20,29.597686767578125,32.4029541015625,19.74732208251953,51.9608039855957,41.433677673339844,328.538330078125,20.399999618530273,13.58071517944336,175.69000244140625,29.270000457763672,0.057999998331069946
2020-11-23,31.536684036254883,34.90364456176758,20.360645294189453,49.45758056640625,41.604164123535156,330.50775146484375,20.31999969482422,13.68660831451416,172.22999572753906,29.520000457763672,0.07000000029802322
2020-11-24,33.63591003417969,36.29292678833008,21.475793838500977,47.932044982910156,43.09580612182617,335.83349609375,20.600000381469727,13.739553451538086,169.58999633789062,30.799999237060547,0.07999999821186066
2020-11-25,32.69847869873047,35.65550994873047,21.875385284423828,48.69902801513672,43.04466247558594,335.31561279296875,20.59000015258789,13.660133361816406,169.50999450683594,31.3700008392334,0.07999999821186066
2020-11-27,32.20170593261719,34.96086883544922,21.856800079345703,49.289024353027344,43.00204086303711,336.2494812011719,21.110000610351562,13.81897258758545,167.7899932861328,31.219999313354492,0.0729999989271164
2020-11-30,30.551158905029297,32.32939910888672,21.735992431640625,49.5755729675293,42.42243957519531,334.7608947753906,21.329999923706055,13.730729103088379,166.6699981689453,30.969999313354492,0.07500000298023224
2020-12-01,30.84761619567871,32.0924072265625,21.968311309814453,50.74712371826172,42.71223449707031,338.4223327636719,21.719999313354492,13.58071517944336,170.17999267578125,30.6200008392334,0.07999999821186066
2020-12-02,32.001399993896484,32.664466857910156,22.377199172973633,50.53641891479492,42.18376922607422,339.13427734375,21.690000534057617,13.607187271118164,171.4600067138672,30.969999313354492,0.07500000298023224
2020-12-03,32.21773147583008,33.66964340209961,22.665279388427734,50.15712356567383,42.45652389526367,339.0417785644531,21.579999923706055,13.571889877319336,172.80999755859375,31.25,0.07500000298023224
2020-12-04,33.39554977416992,36.17853546142578,23.287899017333984,50.0981330871582,43.104331970214844,341.96356201171875,21.799999237060547,13.50129508972168,172.32000732421875,31.559999465942383,0.07500000298023224
2020-12-07,32.77058029174805,34.9935417175293,22.841842651367188,51.7838020324707,42.652565002441406,341.2607421875,21.75,13.492470741271973,174.88999938964844,31.399999618530273,0.07000000029802322
2020-12-08,33.844242095947266,34.87914276123047,22.7396240234375,51.84280776977539,42.92533493041992,342.2593688964844,21.639999389648438,13.448348045349121,175.5,31.40999984741211,0.06800000369548798
2020-12-09,34.292930603027344,34.89548873901367,22.730329513549805,50.55326843261719,42.48209762573242,339.18963623046875,21.670000076293945,13.474822998046875,172.5,31.34000015258789,0.07000000029802322
2020-12-10,35.262428283691406,35.95787811279297,23.102046966552734,50.213871002197266,41.93659210205078,339.07867431640625,22.15999984741211,13.536593437194824,172.1699981689453,32.11000061035156,0.07000000029802322
2020-12-11,35.09416580200195,35.53291702270508,22.869722366333008,49.950828552246094,42.45652389526367,338.68121337890625,21.899999618530273,13.660133361816406,172.49000549316406,31.940000534057617,0.06499999761581421
2020-12-14,33.82822036743164,34.58494567871094,22.11699676513672,48.83930587768555,41.50187683105469,337.16485595703125,21.809999465942383,13.660133361816406,171.5399932861328,32.16999816894531,0.05999999865889549
2020-12-15,34.485233306884766,34.97721481323242,22.58163833618164,50.09507751464844,42.251956939697266,341.7231140136719,21.940000534057617,13.68660831451416,173.94000244140625,32.540000915527344,0.07000000029802322
2020-12-16,35.0140495300293,34.58494567871094,22.665279388427734,51.11327362060547,41.93659210205078,342.2593688964844,22.059999465942383,13.695432662963867,174.89999389648438,32.7400016784668,0.07500000298023224
2020-12-17,34.837772369384766,34.298912048339844,22.971940994262695,52.30117416381836,42.09000778198242,344.17333984375,22.329999923706055,13.774850845336914,176.74000549316406,33.15999984741211,0.07999999821186066
2020-12-18,34.236846923828125,33.48985290527344,22.8883113861084,51.33388137817383,42.34571075439453,342.7990417480469,22.450000762939453,13.774850845336914,176.44000244140625,33.47999954223633,0.07999999821186066
2020-12-21,33.61188507080078,32.885108947753906,23.102046966552734,51.52055358886719,42.08148193359375,341.5733642578125,22.200000762939453,13.83662223815918,175.8800048828125,32.63999938964844,0.07800000160932541
2020-12-22,33.04301452636719,31.896263122558594,22.535179138183594,50.40902328491211,41.535972595214844,340.99761962890625,21.75,13.783675193786621,174.49000549316406,32.09000015258789,0.07800000160932541
2020-12-23,33.467655181884766,32.75436019897461,23.102046966552734,50.722965240478516,42.06443405151367,341.3040771484375,21.969999313354492,13.924864768981934,175.64999389648438,32.75,0.07500000298023224
2020-12-24,33.33145523071289,32.272186279296875,23.036996841430664,51.3169059753418,42.141151428222656,342.6319274902344,22.010000228881836,13.968987464904785,176.35000610351562,32.91999816894531,0.07500000298023224
2020-12-28,33.44361877441406,32.116920471191406,22.8883113861084,50.75690460205078,42.362770080566406,345.575439453125,22.190000534057617,13.916041374206543,175.7100067138672,32.59000015258789,0.07999999821186066
2020-12-29,33.067047119140625,31.92896270751953,22.99052619934082,50.680545806884766,42.14967346191406,344.9161682128906,21.979999542236328,13.960162162780762,176.35000610351562,32.779998779296875,0.09000000357627869
2020-12-30,33.33145523071289,32.69715118408203,24.65395164489746,51.24054718017578,42.5417594909668,345.4082336425781,21.950000762939453,14.10135269165039,177.6999969482422,32.90999984741211,0.07000000029802322
2020-12-31,33.026981353759766,32.68080520629883,24.18001365661621,50.81629943847656,42.967952728271484,347.1632385253906,21.729999542236328,14.242542266845703,178.36000061035156,33.0099983215332,0.06499999761581421
2021-01-04,33.2513313293457,32.33757019042969,25.22081184387207,53.58238983154297,42.50766372680664,342.4369201660156,22.040000915527344,14.216070175170898,182.3300018310547,32.380001068115234,0.06800000369548798
2021-01-05,34.85380554199219,34.19266891479492,26.363834381103516,53.81997299194336,43.3344612121582,344.79541015625,22.610000610351562,14.295489311218262,182.8699951171875,33.939998626708984,0.07800000160932541
2021-01-06,35.743167877197266,35.55744171142578,28.02725601196289,55.355743408203125,45.090354919433594,346.85675048828125,22.670000076293945,14.23371696472168,179.89999389648438,34.11000061035156,0.07800000160932541
2021-01-07,36.02360534667969,36.52993392944336,28.965835571289062,55.27090072631836,44.689735412597656,352.01019287109375,22.959999084472656,14.224894523620605,179.47999572753906,34.529998779296875,0.07999999821186066
2021-01-08,36.424217224121094,36.52993392944336,28.947250366210938,53.27693557739258,44.80906295776367,354.0158996582031,22.860000610351562,14.242542266845703,173.33999633789062,35.43000030517578,0.07999999821186066
2021-01-11,37.529937744140625,37.06930160522461,28.175939559936523,52.564205169677734,44.357303619384766,351.6295166015625,21.979999542236328,14.136651039123535,173.0,35.2599983215332,0.07999999821186066
2021-01-12,38.36321258544922,38.752784729003906,28.79856300354004,53.02238464355469,43.811790466308594,351.7038269042969,22.5,14.357260704040527,174.1199951171875,35.900001525878906,0.07999999821186066
2021-01-13,38.79587936401367,38.43406295776367,28.39897346496582,52.66602325439453,44.12717056274414,352.65087890625,22.270000457763672,14.41020679473877,173.3699951171875,35.79999923706055,0.07999999821186066
2021-01-14,40.31023025512695,39.12053298950195,29.72784996032715,53.73512268066406,45.06477355957031,351.4158935546875,22.68000030517578,14.569045066833496,173.27999877929688,36.2400016784668,0.07500000298023224
2021-01-15,38.37123107910156,36.873165130615234,28.203821182250977,52.48783493041992,44.49368667602539,348.8531799316406,22.239999771118164,14.613166809082031,171.1300048828125,35.34000015258789,0.07500000298023224
2021-01-19,39.13241195678711,37.59232711791992,29.467647552490234,52.47934341430664,45.26081466674805,351.5923767089844,22.440000534057617,14.577869415283203,172.5800018310547,35.75,0.0729999989271164
2021-01-20,39.68526077270508,37.06930160522461,28.779979705810547,53.896331787109375,45.60176467895508,356.4579162597656,22.549999237060547,14.507275581359863,175.38999938964844,35.790000915527344,0.07500000298023224
2021-01-21,38.547508239746094,35.29591751098633,27.915742874145508,52.86965560913086,44.99658203125,356.7829284667969,22.56999969482422,14.533746719360352,175.27999877929688,35.7599983215332,0.0729999989271164
2021-01-22,38.00266647338867,34.887306213378906,28.333919525146484,52.394493103027344,45.02215576171875,355.5201110839844,22.350000381469727,14.304312705993652,173.89999389648438,35.22999954223633,0.07000000029802322
2021-01-25,37.578006744384766,34.797420501708984,26.930694580078125,52.30117416381836,45.252296447753906,356.9222106933594,22.469999313354492,14.41020679473877,174.0500030517578,35.59000015258789,0.07000000029802322
2021-01-26,36.75272750854492,34.06191635131836,25.10000991821289,52.165409088134766,44.476646423339844,356.36505126953125,22.399999618530273,14.551396369934082,173.6199951171875,35.45000076293945,0.06800000369548798
2021-01-27,36.336090087890625,33.22017288208008,23.96628189086914,49.967803955078125,42.26049041748047,347.6553039550781,21.920000076293945,14.49845027923584,172.52000427246094,35.5,0.05999999865889549
2021-01-28,36.904964447021484,33.596092224121094,25.824846267700195,50.680545806884766,43.4793701171875,350.645263671875,22.049999237060547,14.383731842041016,172.67999267578125,35.25,0.054999999701976776
2021-01-29,35.92745590209961,32.713497161865234,25.007080078125,50.57023620605469,42.62699508666992,343.6254577636719,21.90999984741211,14.463150978088379,172.61000061035156,35.18000030517578,0.04800000041723251
2021-02-01,35.991554260253906,33.26920700073242,26.233732223510742,50.80781936645508,43.027610778808594,349.3453063964844,21.90999984741211,14.516098022460938,174.22999572753906,36.119998931884766,0.04800000041723251
2021-02-02,36.560428619384766,33.481685638427734,26.150100708007812,50.5956916809082,43.419708251953125,354.28509521484375,21.729999542236328,14.542571067810059,172.11000061035156,36.81999969482422,0.05000000074505806
2021-02-03,37.994651794433594,35.31227493286133,27.135143280029297,49.984771728515625,43.845890045166016,354.5636901855469,21.989999771118164,14.560220718383789,171.85000610351562,37.439998626708984,0.03999999910593033
2021-02-04,38.72377395629883,35.96604537963867,27.692712783813477,48.924163818359375,44.76644515991211,358.5935974121094,21.940000534057617,14.613166809082031,168.14999389648438,37.810001373291016,0.029999999329447746
2021-02-05,40.02177429199219,36.301109313964844,29.48623275756836,50.31569290161133,45.43130111694336,360.0049743652344,22.450000762939453,14.710235595703125,169.80999755859375,38.189998626708984,0.023000000044703484
2021-02-08,41.74443435668945,38.22975158691406,29.848657608032227,51.26601028442383,46.04930114746094,362.6048278808594,22.700000762939453,14.780829429626465,171.52000427246094,38.939998626708984,0.019999999552965164
2021-02-09,41.25553512573242,38.31147003173828,29.75572967529297,50.91812515258789,46.76170349121094,362.3634338378906,22.950000762939453,14.780829429626465,172.0800018310547,39.16999816894531,0.032999999821186066
2021-02-10,41.654808044433594,38.61385726928711,29.030887603759766,50.65509033203125,46.74454116821289,362.2055969238281,23.270000457763672,14.666111946105957,172.7100067138672,39.279998779296875,0.03500000014901161
2021-02-11,40.6118049621582,38.30046081542969,28.79856300354004,49.53507614135742,47.13936233520508,362.79052734375,23.309999465942383,14.701409339904785,171.2100067138672,38.970001220703125,0.03500000014901161
2021-02-12,41.16590118408203,38.89426040649414,29.021591186523438,50.01022720336914,47.82603073120117,364.5826416015625,23.3799991607666,14.727884292602539,170.69000244140625,39.939998626708984,0.03500000014901161
2021-02-16,42.40446090698242,40.288055419921875,30.57349395751953,49.04295349121094,48.10927200317383,364.2669982910156,23.75,14.966139793395996,168.24000549316406,40.45000076293945,0.03500000014901161
2021-02-17,43.064491271972656,40.70866775512695,31.735111236572266,48.355674743652344,47.99769592285156,364.3504943847656,23.6200008392334,14.904370307922363,166.3300018310547,40.88999938964844,0.03500000014901161
2021-02-18,42.38816833496094,39.33137130737305,31.725818634033203,48.66960525512695,47.91185760498047,362.7998352050781,24.200000762939453,14.957317352294922,166.32000732421875,40.27000045776367,0.023000000044703484
2021-02-19,42.67335510253906,39.93342590332031,34.83892822265625,48.08415222167969,48.16936492919922,362.15924072265625,25.110000610351562,15.045559883117676,167.00999450683594,39.68000030517578,0.023000000044703484
2021-02-22,44.24601364135742,41.96226119995117,35.3871955871582,48.77991485595703,48.79593276977539,359.37353515625,25.68000030517578,15.257347106933594,169.50999450683594,41.279998779296875,0.02500000037252903
2021-02-23,44.857139587402344,42.96843719482422,35.1734733581543,48.228397369384766,48.94186019897461,359.8099670410156,26.079999923706055,15.327940940856934,169.1199951171875,41.619998931884766,0.023000000044703484
2021-02-24,46.20163345336914,45.08798599243164,35.210636138916016,48.432029724121094,50.19502258300781,363.7748718261719,26.760000228881836,15.539727210998535,169.0,42.5,0.02800000086426735
2021-02-25,45.4356803894043,43.73542404174805,33.15691375732422,47.61747741699219,49.225101470947266,355.0094299316406,26.1200008392334,15.486778259277344,165.82000732421875,42.459999084472656,0.032999999821186066
2021-02-26,44.303035736083984,42.894195556640625,31.512083053588867,46.14109802246094,48.56418991088867,353.1801452636719,25.100000381469727,15.266168594360352,161.80999755859375,41.310001373291016,0.03500000014901161
2021-03-01,45.95718002319336,43.3890495300293,32.43207550048828,46.37019348144531,49.182193756103516,361.7413024902344,25.3700008392334,15.169103622436523,161.52999877929688,40.599998474121094,0.02800000086426735
2021-03-02,45.68827819824219,43.11688232421875,32.69226837158203,48.194461822509766,49.24228286743164,358.9185791015625,25.979999542236328,15.23969841003418,162.41000366210938,40.06999969482422,0.03500000014901161
2021-03-03,46.05495834350586,44.255001068115234,32.524993896484375,47.40620422363281,49.027706146240234,354.16436767578125,25.469999313354492,15.151453971862793,160.6199951171875,41.13999938964844,0.03500000014901161
2021-03-04,47.8394660949707,45.871482849121094,30.387645721435547,47.483314514160156,47.62861633300781,349.7817077636719,24.3799991607666,15.107331275939941,159.0399932861328,43.06999969482422,0.02800000086426735
2021-03-05,49.64841842651367,48.114742279052734,32.54358673095703,48.61427688598633,49.43110275268555,356.21649169921875,25.18000030517578,15.177927017211914,159.13999938964844,44.439998626708984,0.02800000086426735
2021-03-08,49.59952926635742,48.477622985839844,31.99530029296875,48.31440353393555,49.57701873779297,354.4429931640625,25.15999984741211,15.151453971862793,157.49000549316406,43.5,0.03500000014901161
2021-03-09,48.83358383178711,47.75187683105469,31.46561622619629,49.051246643066406,49.774444580078125,359.5035400390625,24.780000686645508,15.22204875946045,160.83999633789062,43.11000061035156,0.03500000014901161
2021-03-10,50.33289337158203,49.00545120239258,32.02317810058594,49.848052978515625,50.11777114868164,361.7413024902344,24.799999237060547,15.169103622436523,161.66000366210938,43.7400016784668,0.029999999329447746
2021-03-11,49.958065032958984,49.34359359741211,34.82033157348633,50.07939529418945,50.289432525634766,365.4090576171875,25.520000457763672,15.274994850158691,161.52000427246094,44.599998474121094,0.02800000086426735
2021-03-12,50.49585723876953,48.815765380859375,34.77387237548828,50.542057037353516,49.997596740722656,365.901123046875,25.579999923706055,15.266168594360352,161.49000549316406,44.349998474121094,0.02500000037252903
2021-03-15,49.208404541015625,47.96629333496094,34.34639358520508,52.62405776977539,50.0405158996582,368.083251953125,25.559999465942383,15.23969841003418,162.1999969482422,44.2599983215332,0.014999999664723873
2021-03-16,48.1654052734375,46.66321563720703,32.51570129394531,52.966773986816406,49.59417724609375,367.6189270019531,25.010000228881836,15.319116592407227,162.35000610351562,43.83000183105469,0.00800000037997961
2021-03-17,48.37726593017578,46.86940383911133,33.55650329589844,53.95207595825195,49.525516510009766,368.8725280761719,25.5,15.274994850158691,163.50999450683594,43.81999969482422,0.00800000037997961
2021-03-18,46.29126739501953,44.02408981323242,32.91530227661133,53.3437614440918,49.44827651977539,363.5055236816406,25.049999237060547,14.948493003845215,162.55999755859375,40.470001220703125,0.003000000026077032
2021-03-19,46.030521392822266,43.380794525146484,32.51570129394531,53.06101989746094,48.778778076171875,362.83294677734375,25.219999313354492,14.930843353271484,163.24000549316406,41.77000045776367,0.004999999888241291
2021-03-22,45.55791473388672,43.083892822265625,32.5342903137207,52.16995620727539,48.43544006347656,365.7301330566406,25.5,14.939668655395508,163.0,41.709999084472656,0.004999999888241291
2021-03-23,44.99566650390625,42.64678955078125,29.92300033569336,51.510231018066406,47.688697814941406,362.85162353515625,24.809999465942383,14.904370307922363,161.80999755859375,39.369998931884766,0.009999999776482582
2021-03-24,45.908287048339844,43.88389205932617,29.37472152709961,51.724430084228516,47.99769592285156,361.00701904296875,24.829999923706055,14.877897262573242,162.3699951171875,41.45000076293945,0.014999999664723873
2021-03-25,45.77791213989258,44.180789947509766,28.910078048706055,51.304603576660156,48.82168960571289,363.0379333496094,24.670000076293945,14.833775520324707,161.77999877929688,39.88999938964844,0.014999999664723873
2021-03-26,47.02463150024414,45.39313888549805,30.62925910949707,52.692596435546875,49.705772399902344,368.8881530761719,25.079999923706055,14.930843353271484,162.24000549316406,41.529998779296875,0.014999999664723873
2021-03-29,46.772029876708984,44.40346908569336,29.830068588256836,53.258087158203125,49.00193786621094,368.7019348144531,24.90999984741211,14.851425170898438,160.30999755859375,41.91999816894531,0.00800000037997961
2021-03-30,46.1934814453125,44.06532669067383,30.369064331054688,51.304603576660156,49.69718551635742,367.7237854003906,24.549999237060547,14.666111946105957,157.57000732421875,41.16999816894531,0.013000000268220901
2021-03-31,45.49271774291992,43.68594741821289,30.601377487182617,51.63875198364258,48.9246826171875,369.2142333984375,24.6200008392334,14.948493003845215,159.9600067138672,40.529998779296875,0.013000000268220901
2021-04-01,46.76387023925781,44.55190658569336,31.3726806640625,52.95820999145508,49.48260498046875,373.20147705078125,24.760000228881836,14.922019004821777,161.97999572753906,41.84000015258789,0.00800000037997961
2021-04-05,46.03866195678711,43.05916213989258,32.85953903198242,53.54082489013672,49.37101745605469,378.55804443359375,25.579999923706055,14.930843353271484,161.9199981689453,40.279998779296875,0.014999999664723873
2021-04-06,45.908287048339844,43.36430358886719,32.5342903137207,53.80643844604492,49.817352294921875,378.3345031738281,25.360000610351562,15.036736488342285,163.22000122070312,40.70000076293945,0.014999999664723873
2021-04-07,46.112003326416016,43.19935989379883,31.577125549316406,53.129554748535156,49.64568328857422,378.7722473144531,25.059999465942383,15.116155624389648,162.75999450683594,40.86000061035156,0.009999999776482582
2021-04-08,45.63124084472656,42.259159088134766,31.939558029174805,52.949642181396484,49.90317916870117,380.57025146484375,25.270000457763672,15.257347106933594,164.50999450683594,40.81999969482422,0.004999999888241291
2021-04-09,45.52530288696289,42.25092315673828,31.632884979248047,52.701171875,50.24650955200195,383.3370666503906,25.040000915527344,15.23969841003418,163.27000427246094,40.63999938964844,0.003000000026077032
2021-04-12,45.223819732666016,41.94575881958008,31.289047241210938,51.9300537109375,50.289432525634766,383.4768371582031,24.81999969482422,15.133804321289062,162.27999877929688,40.900001525878906,0.009999999776482582
2021-04-13,45.39494323730469,41.888038635253906,31.344810485839844,53.33518600463867,49.69718551635742,384.6133728027344,24.90999984741211,15.257347106933594,163.42999267578125,41.400001525878906,0.014999999664723873
2021-04-14,46.70684051513672,43.45502471923828,33.817562103271484,52.99247360229492,50.255096435546875,383.2997741699219,25.3799991607666,15.433832168579102,162.72000122070312,43.040000915527344,0.014999999664723873
2021-04-15,46.42979431152344,42.80348587036133,35.23322296142578,55.502864837646484,50.35809326171875,387.4173889160156,26.110000610351562,15.469133377075195,165.35000610351562,43.27000045776367,0.009999999776482582
2021-04-16,46.169036865234375,42.13544464111328,35.52193832397461,56.04264831542969,51.027584075927734,388.7123107910156,25.780000686645508,15.433832168579102,166.35000610351562,43.18000030517578,0.00800000037997961
2021-04-19,46.022369384765625,41.97050857543945,34.76755142211914,55.56284713745117,50.89026641845703,386.80255126953125,26.209999084472656,15.486778259277344,165.88999938964844,43.31999969482422,0.014999999664723873
2021-04-20,45.05270767211914,40.123111724853516,33.41706848144531,56.411067962646484,50.39242935180664,383.9705810546875,25.90999984741211,15.67209243774414,166.47999572753906,42.7400016784668,0.014999999664723873
2021-04-21,45.63124084472656,41.26950454711914,33.43571090698242,57.25072479248047,51.353755950927734,387.6036682128906,26.510000228881836,15.74268627166748,168.1300048828125,41.77000045776367,0.013000000268220901
2021-04-22,45.03640365600586,40.7911376953125,32.35532760620117,56.2911262512207,50.52975845336914,384.06378173828125,26.309999465942383,15.936820983886719,167.0399932861328,42.09000015258789,0.014999999664723873
2021-04-23,45.28086471557617,41.00557327270508,34.031776428222656,56.30826187133789,50.99325180053711,388.2279357910156,26.709999084472656,16.06918716430664,166.39999389648438,42.459999084472656,0.014999999664723873
2021-04-26,45.37049102783203,41.44268035888672,36.369476318359375,55.931270599365234,51.482505798339844,389.03839111328125,27.399999618530273,16.39569091796875,166.83999633789062,42.33000183105469,0.00800000037997961
2021-04-27,45.9653205871582,42.30863952636719,36.0341911315918,55.014503479003906,53.061832427978516,388.95458984375,27.649999618530273,16.39569091796875,166.4199981689453,43.11000061035156,0.009999999776482582
2021-04-28,47.35057067871094,43.74367904663086,36.64887619018555,55.00592803955078,54.160499572753906,388.8427429199219,27.799999237060547,16.210378646850586,166.91000366210938,43.529998779296875,0.00800000037997961
2021-04-29,48.026885986328125,43.81790542602539,35.76409912109375,53.38660430908203,54.555320739746094,391.32073974609375,27.579999923706055,16.139785766601562,166.22000122070312,44.2599983215332,0.00800000037997961
2021-04-30,46.64165496826172,42.17668914794922,35.12145233154297,53.47228240966797,54.186241149902344,388.74951171875,27.43000030517578,16.23685073852539,165.66000366210938,43.27000045776367,0.003000000026077032
2021-05-03,47.92909622192383,43.49625015258789,36.05282211303711,55.22870635986328,55.47373580932617,389.5880126953125,27.93000030517578,16.18390464782715,167.80999755859375,43.97999954223633,0.004999999888241291
2021-05-04,48.2305908203125,43.35605239868164,36.5278205871582,54.851715087890625,55.87713623046875,387.1845703125,27.899999618530273,16.316272735595703,166.5800018310547,44.869998931884766,0.009999999776482582
2021-05-05,49.68101501464844,45.723026275634766,38.68856430053711,55.55427551269531,56.8213005065918,387.3056335449219,27.899999618530273,16.69571876525879,167.27000427246094,44.65999984741211,0.00800000037997961
2021-05-06,50.153629302978516,45.93745803833008,39.18217849731445,57.310699462890625,57.24190139770508,390.39849853515625,28.5,16.95162582397461,170.05999755859375,44.40999984741211,0.00800000037997961
2021-05-07,50.87068557739258,47.09208297729492,40.95175552368164,57.68769836425781,57.5251350402832,393.2398681640625,29.170000076293945,17.057519912719727,171.58999633789062,44.43000030517578,0.00800000037997961
2021-05-10,50.99291229248047,47.00959396362305,39.80617904663086,58.561622619628906,58.0487060546875,389.3458251953125,29.020000457763672,16.74866485595703,172.11000061035156,44.47999954223633,0.004999999888241291
2021-05-11,49.37137985229492,45.95395278930664,41.72477722167969,58.93001937866211,57.41355514526367,385.87103271484375,29.600000381469727,16.978097915649414,172.13999938964844,44.869998931884766,0.009999999776482582
2021-05-12,49.63593292236328,45.9292106628418,39.81549072265625,58.14179992675781,57.07880783081055,377.673095703125,29.110000610351562,16.819259643554688,170.42999267578125,45.220001220703125,0.009999999776482582
2021-05-13,49.02416229248047,45.0814323425293,39.08903503417969,59.05000305175781,57.62813949584961,382.20989990234375,28.850000381469727,16.35157012939453,171.1300048828125,43.810001373291016,0.00800000037997961
2021-05-14,50.23942184448242,46.97645950317383,39.38706970214844,60.617916107177734,58.074466705322266,388.07879638671875,28.670000076293945,16.201553344726562,172.69000244140625,44.709999084472656,0.004999999888241291
2021-05-17,51.413352966308594,48.455894470214844,41.14733123779297,63.40245819091797,58.05730056762695,387.0914001464844,29.040000915527344,16.22802734375,174.6999969482422,45.38999938964844,0.004999999888241291
2021-05-18,49.958343505859375,47.61643981933594,40.63509750366211,63.72805404663086,57.85016632080078,383.7562561035156,29.149999618530273,16.40451431274414,175.0399932861328,44.84000015258789,0.009999999776482582
2021-05-19,48.75960922241211,46.1951789855957,37.924842834472656,63.111175537109375,57.33235168457031,382.7501525878906,28.040000915527344,16.245676040649414,175.16000366210938,43.43000030517578,0.004999999888241291
2021-05-20,48.64386749267578,46.03726577758789,38.39052200317383,63.27397537231445,57.082054138183594,386.8677673339844,28.0,16.219200134277344,175.9600067138672,42.47999954223633,0.003000000026077032
2021-05-21,48.709991455078125,46.25336456298828,38.064552307128906,62.99979782104492,57.80702209472656,386.55108642578125,27.75,16.22802734375,176.0399932861328,43.70000076293945,0.003000000026077032
2021-05-24,49.28043746948242,46.62737274169922,38.716487884521484,63.47102737426758,57.49633026123047,390.49169921875,27.940000534057617,16.130958557128906,176.35000610351562,45.02000045776367,0.003000000026077032
2021-05-25,48.164371490478516,45.61337661743164,37.8875846862793,62.7170524597168,57.47042465209961,389.6252136230469,27.81999969482422,16.05154037475586,177.9499969482422,44.91999816894531,0.009999999776482582
2021-05-26,48.726539611816406,46.062198638916016,38.48365020751953,62.70848083496094,57.38412857055664,390.39849853515625,27.84000015258789,16.078012466430664,177.63999938964844,45.20000076293945,0.004999999888241291
2021-05-27,48.41238784790039,46.153621673583984,39.666465759277344,62.622802734375,57.47905349731445,390.6033935546875,28.739999771118164,16.39569091796875,177.7100067138672,45.54999923706055,0.004999999888241291
2021-05-28,48.255313873291016,46.32815933227539,39.787559509277344,62.95696258544922,57.41865158081055,391.30218505859375,28.850000381469727,16.40451431274414,178.3800048828125,45.41999816894531,0.00800000037997961
2021-06-01,49.98314666748047,48.430973052978516,41.175270080566406,63.359642028808594,58.61827850341797,390.95745849609375,28.700000762939453,16.669246673583984,177.89999389648438,46.33000183105469,0.009999999776482582
2021-06-02,50.379966735839844,49.029388427734375,40.3650016784668,62.755401611328125,58.61827850341797,391.5722961425781,28.280000686645508,16.69571876525879,178.77000427246094,46.900001525878906,0.014999999664723873
2021-06-03,50.57837677001953,49.428348541259766,38.995887756347656,61.3397331237793,58.9030876159668,390.1190185546875,27.459999084472656,16.475109100341797,175.27000427246094,46.970001220703125,0.014999999664723873
2021-06-04,50.801597595214844,49.744171142578125,38.865509033203125,61.6763801574707,59.351871490478516,393.68695068359375,27.829999923706055,16.775136947631836,177.16000366210938,47.2599983215332,0.014999999664723873
2021-06-07,50.47089767456055,49.7109260559082,38.42777633666992,61.728179931640625,59.25694274902344,393.3050231933594,27.850000381469727,16.766313552856445,177.8699951171875,47.27000045776367,0.017999999225139618
2021-06-08,51.3637580871582,50.25949478149414,38.53953170776367,60.36429977416992,59.317344665527344,393.3888244628906,27.989999771118164,16.8369083404541,177.32000732421875,47.880001068115234,0.019999999552965164
2021-06-09,51.79365539550781,49.60287857055664,37.906211853027344,60.41609573364258,58.78225326538086,392.80194091796875,27.850000381469727,16.792787551879883,176.97999572753906,47.58000183105469,0.019999999552965164
2021-06-10,51.876319885253906,50.0101432800293,37.38465118408203,61.3397331237793,58.022789001464844,394.6278381347656,27.65999984741211,16.889854431152344,177.74000549316406,47.83000183105469,0.019999999552965164
2021-06-11,51.396820068359375,49.84392166137695,38.0459098815918,60.69232940673828,56.96122360229492,395.2799072265625,28.0,16.801612854003906,175.74000549316406,48.06999969482422,0.017999999225139618
2021-06-14,51.31415939331055,50.12650680541992,36.76995849609375,60.27798080444336,56.288047790527344,396.1650390625,27.940000534057617,16.483932495117188,174.7100067138672,48.31999969482422,0.014999999664723873
2021-06-15,53.18252944946289,50.84130096435547,35.019004821777344,59.63056945800781,55.7874870300293,395.4383544921875,26.809999465942383,16.342742919921875,174.0500030517578,48.97999954223633,0.019999999552965164
2021-06-16,52.99238586425781,50.80805206298828,34.51607894897461,59.08674240112305,55.226505279541016,393.23046875,26.5,16.22802734375,171.11000061035156,48.75,0.02800000086426735
2021-06-17,51.24802017211914,49.04601287841797,32.737186431884766,54.960601806640625,53.44861602783203,393.10009765625,25.709999084472656,15.601495742797852,165.85000610351562,48.040000915527344,0.02800000086426735
2021-06-18,49.93354415893555,47.81591796875,32.56023406982422,54.05422592163086,52.3525505065918,387.7969665527344,25.5,15.901525497436523,164.92999267578125,48.36000061035156,0.02800000086426735
2021-06-21,51.74405288696289,50.24287033081055,33.323936462402344,54.75344467163086,53.37094497680664,393.3487243652344,25.649999618530273,15.945647239685059,166.9499969482422,49.36000061035156,0.029999999329447746
2021-06-22,52.736106872558594,50.52546310424805,33.98520278930664,54.31319046020508,53.198326110839844,395.4515686035156,25.950000762939453,15.786808013916016,166.25,49.41999816894531,0.03799999877810478
2021-06-23,53.12466049194336,50.50051498413086,34.62784194946289,54.08876037597656,52.8703727722168,394.9749755859375,26.399999618530273,15.795632362365723,166.13999938964844,49.720001220703125,0.03999999910593033
2021-06-24,53.33959197998047,51.024147033691406,34.94450378417969,53.77800750732422,53.241485595703125,397.3115234375,26.479999542236328,15.74268627166748,166.0399932861328,49.84000015258789,0.0430000014603138
2021-06-25,53.45534896850586,50.9576530456543,34.68373107910156,54.10602951049805,53.042991638183594,398.7228088378906,26.3799991607666,15.733861923217773,166.58999633789062,50.25,0.0430000014603138
2021-06-28,52.09126281738281,49.528079986572266,34.21803665161133,54.08013153076172,52.46474075317383,399.52655029296875,26.219999313354492,16.06918716430664,166.5800018310547,49.540000915527344,0.03999999910593033
2021-06-29,51.76884460449219,49.07925033569336,34.71166229248047,54.01970672607422,52.30076217651367,399.7416076660156,26.18000030517578,16.007417678833008,164.8300018310547,49.88999938964844,0.03999999910593033
2021-06-30,52.14913558959961,50.61688232421875,34.5626335144043,54.71027374267578,52.30076217651367,400.0780029296875,26.229999542236328,16.4398136138916,165.6300048828125,49.880001068115234,0.03999999910593033
2021-07-01,52.29793930053711,52.2625617980957,34.54402160644531,54.26140594482422,52.39570236206055,402.2931213378906,25.979999542236328,16.298622131347656,166.1999969482422,50.619998931884766,0.03999999910593033
2021-07-02,52.22352981567383,52.154510498046875,34.590576171875,54.69300842285156,52.32666015625,405.3680419921875,26.200000762939453,16.192729949951172,167.2899932861328,50.93000030517578,0.03799999877810478
2021-07-06,50.7354621887207,50.10157775878906,33.52883529663086,55.150508880615234,51.308250427246094,404.6296081542969,26.049999237060547,15.733861923217773,168.1199951171875,49.900001525878906,0.03999999910593033
2021-07-07,49.941810607910156,49.04601287841797,33.72441864013672,54.92607116699219,51.69662857055664,406.0596923828125,26.399999618530273,15.707387924194336,168.75999450683594,48.65999984741211,0.0430000014603138
2021-07-08,49.718589782714844,49.212242126464844,32.30876541137695,54.175086975097656,51.032081604003906,402.7511291503906,26.1299991607666,15.592673301696777,168.64999389648438,49.52000045776367,0.0430000014603138
2021-07-09,50.619712829589844,49.976898193359375,33.9945182800293,55.22819900512695,52.059112548828125,407.05035400390625,26.6200008392334,15.627969741821289,169.2100067138672,50.40999984741211,0.0430000014603138
2021-07-12,50.57011795043945,49.70261764526367,34.022464752197266,54.546268463134766,51.78293228149414,408.50836181640625,26.450000762939453,15.892701148986816,169.0,50.310001373291016,0.0430000014603138
2021-07-13,50.33036422729492,49.4200325012207,33.27736282348633,54.7016487121582,51.127010345458984,407.1158447265625,26.290000915527344,15.936820983886719,169.22000122070312,51.150001525878906,0.04500000178813934
2021-07-14,49.21430206298828,47.93227005004883,32.218055725097656,54.69300842285156,50.730010986328125,407.7232971191406,26.110000610351562,16.113311767578125,171.0399932861328,49.70000076293945,0.04500000178813934
2021-07-15,48.73480987548828,47.44189453125,32.09672546386719,54.80522918701172,50.93714141845703,406.33074951171875,26.360000610351562,16.166255950927734,171.07000732421875,49.040000915527344,0.03799999877810478
2021-07-16,47.38726806640625,46.12868881225586,30.986087799072266,53.285980224609375,50.23808288574219,403.14361572265625,26.329999923706055,16.210378646850586,169.41000366210938,49.13999938964844,0.03799999877810478
2021-07-19,45.758628845214844,44.63262176513672,30.23942756652832,52.38823699951172,49.582157135009766,397.19000244140625,25.729999542236328,16.01624298095703,169.61000061035156,45.84000015258789,0.03999999910593033
2021-07-20,46.26292419433594,45.272613525390625,30.75275421142578,52.17243957519531,50.08272933959961,402.8819274902344,26.09000015258789,16.289796829223633,169.38999938964844,46.5099983215332,0.04500000178813934
2021-07-21,47.75101852416992,47.39202880859375,32.33940124511719,52.10338592529297,50.14314270019531,406.1437683105469,26.190000534057617,16.53687858581543,168.75999450683594,48.27000045776367,0.04500000178813934
2021-07-22,47.213653564453125,47.10112380981445,32.47938919067383,51.97389602661133,49.547645568847656,406.9942626953125,26.520000457763672,16.69571876525879,169.08999633789062,49.16999816894531,0.0430000014603138
2021-07-23,47.155784606933594,46.34737014770508,32.84337615966797,51.8875732421875,50.065460205078125,411.1814880371094,27.190000534057617,16.616300582885742,168.55999755859375,49.470001220703125,0.04500000178813934
2021-07-26,48.34624481201172,47.628753662109375,34.20602035522461,52.129276275634766,50.43656539916992,412.1907958984375,28.149999618530273,17.004573822021484,168.16000366210938,49.66999816894531,0.03999999910593033
2021-07-27,47.808895111083984,47.176490783691406,33.926025390625,52.93205642700195,50.790428161621094,410.312255859375,28.0,16.90750503540039,168.44000244140625,49.470001220703125,0.04500000178813934
2021-07-28,48.13130187988281,47.50312805175781,34.2340202331543,53.41545867919922,50.609188079833984,410.1440124511719,27.389999389648438,16.933977127075195,169.2899932861328,49.720001220703125,0.04500000178813934
2021-07-29,48.71826934814453,47.80462646484375,35.904666900634766,54.14055252075195,51.437713623046875,411.8450622558594,27.780000686645508,16.872207641601562,171.1699981689453,50.63999938964844,0.03999999910593033
2021-07-30,47.593936920166016,46.95038986206055,35.559329986572266,54.22687911987305,51.541282653808594,409.844970703125,27.3799991607666,16.457462310791016,169.82000732421875,50.65999984741211,0.03999999910593033
2021-08-02,47.60220718383789,46.38087844848633,34.17802047729492,53.50178527832031,51.2305908203125,408.985107421875,27.139999389648438,16.483932495117188,169.61000061035156,49.18000030517578,0.03799999877810478
2021-08-03,48.11477279663086,47.436126708984375,34.196685791015625,54.08013153076172,51.60169982910156,412.3123779296875,26.8799991607666,16.545705795288086,169.49000549316406,48.849998474121094,0.04500000178813934
2021-08-04,46.990440368652344,46.00400161743164,33.272705078125,53.398193359375,50.704132080078125,410.28424072265625,26.479999542236328,16.466285705566406,169.52999877929688,47.20000076293945,0.04500000178813934
2021-08-05,47.288055419921875,46.858245849609375,33.45936965942383,52.871639251708984,50.747276306152344,412.8824157714844,26.610000610351562,16.554529190063477,168.86000061035156,48.099998474121094,0.0430000014603138
2021-08-06,47.83369064331055,47.318870544433594,34.40202331542969,51.63724899291992,52.03321838378906,413.5647277832031,26.5,16.660419464111328,164.63999938964844,47.56999969482422,0.0430000014603138
2021-08-09,47.288055419921875,46.43950653076172,34.0286865234375,50.79130172729492,52.266239166259766,413.228271484375,26.219999313354492,16.554529190063477,161.72000122070312,46.599998474121094,0.04500000178813934
2021-08-10,48.098236083984375,47.302120208740234,35.67131805419922,50.109371185302734,52.99983215332031,413.7423095703125,26.670000076293945,16.801612854003906,161.77000427246094,47.68000030517578,0.05000000074505806
2021-08-11,48.238765716552734,47.89675521850586,36.147308349609375,51.153839111328125,53.0775146484375,414.7703552246094,26.799999237060547,16.872207641601562,164.0,48.29999923706055,0.04500000178813934
2021-08-12,48.129669189453125,47.77112579345703,35.829986572265625,50.36832046508789,53.35368728637695,416.0134582519531,26.670000076293945,17.013397216796875,164.0399932861328,48.099998474121094,0.0430000014603138
2021-08-13,47.64292907714844,46.8750114440918,35.559329986572266,50.79130172729492,53.854244232177734,416.7705383300781,26.809999465942383,17.057519912719727,166.38999938964844,47.43000030517578,0.04500000178813934
2021-08-16,46.94636154174805,45.90351104736328,34.383358001708984,50.82582473754883,54.09590530395508,417.7518310546875,26.450000762939453,17.12811279296875,167.22000122070312,47.040000915527344,0.057999998331069946
2021-08-17,46.62745666503906,45.66062545776367,32.395389556884766,50.80856704711914,53.36663818359375,415.0134582519531,25.799999237060547,17.0222225189209,166.97000122070312,46.58000183105469,0.06300000101327896
2021-08-18,45.645565032958984,44.83149719238281,31.620746612548828,49.12530517578125,52.87178421020508,410.4710998535156,25.149999618530273,17.031044006347656,167.10000610351562,45.400001525878906,0.054999999701976776
2021-08-19,44.25244903564453,43.918617248535156,30.258098602294922,48.78865051269531,51.500064849853516,411.10662841796875,24.719999313354492,16.792787551879883,166.61000061035156,44.77000045776367,0.0430000014603138
2021-08-20,44.26083755493164,44.195003509521484,30.612754821777344,48.64189910888672,51.1701545715332,414.3779602050781,25.299999237060547,16.6251220703125,166.6999969482422,43.43000030517578,0.0430000014603138
2021-08-23,46.081974029541016,45.886749267578125,31.919395446777344,49.876285552978516,51.49139404296875,418.02288818359375,25.719999313354492,16.72219467163086,168.72999572753906,45.849998474121094,0.03999999910593033
2021-08-24,46.45960998535156,46.40599060058594,32.8620491027832,49.61733627319336,51.751834869384766,418.6864929199219,26.0,16.898679733276367,168.64999389648438,47.369998931884766,0.04800000041723251
2021-08-25,46.543540954589844,46.9168815612793,32.76871871948242,49.12530517578125,52.35087585449219,419.5650634765625,26.219999313354492,16.978097915649414,167.47999572753906,47.810001373291016,0.04500000178813934
2021-08-26,45.91412353515625,46.17151641845703,32.236724853515625,48.88359832763672,51.86469650268555,417.0883483886719,25.959999084472656,16.91632843017578,167.6699981689453,47.47999954223633,0.0430000014603138
2021-08-27,46.80369186401367,47.51987838745117,34.131351470947266,50.23020935058594,52.58528137207031,420.8175048828125,26.579999923706055,17.04869270324707,170.19000244140625,48.150001525878906,0.0430000014603138
2021-08-30,46.291770935058594,47.0676383972168,34.196685791015625,49.64323043823242,52.15119171142578,422.6679992675781,26.809999465942383,17.110464096069336,169.35000610351562,48.400001525878906,0.03799999877810478
2021-08-31,45.75466537475586,46.50649642944336,33.9633674621582,50.05757141113281,52.09041976928711,422.04180908203125,26.700000762939453,16.881031036376953,169.69000244140625,48.040000915527344,0.03999999910593033
2021-09-01,45.125244140625,45.769500732421875,33.4967041015625,49.962615966796875,51.79524230957031,422.26611328125,26.18000030517578,16.819259643554688,169.6999969482422,47.93000030517578,0.03999999910593033
2021-09-02,46.224639892578125,47.40262985229492,33.85137176513672,50.6790771484375,52.290103912353516,423.56524658203125,26.350000381469727,16.8369083404541,169.25,48.95000076293945,0.03999999910593033
2021-09-03,46.04838562011719,47.101131439208984,33.73002624511719,51.50776290893555,52.264060974121094,423.4624328613281,26.459999084472656,16.82808494567871,171.05999755859375,48.65999984741211,0.03999999910593033
2021-09-07,45.779842376708984,46.88337707519531,33.93535614013672,50.30789566040039,51.52611541748047,421.94842529296875,26.110000610351562,16.72219467163086,167.7100067138672,48.040000915527344,0.03500000014901161
2021-09-08,45.3602294921875,46.29713439941406,32.07805633544922,50.15975570678711,51.977561950683594,421.4343566894531,25.8700008392334,16.616300582885742,167.2899932861328,48.59000015258789,0.03999999910593033
2021-09-09,45.393795013427734,46.548377990722656,32.48871994018555,49.9419059753418,51.79524230957031,419.63055419921875,26.15999984741211,16.475109100341797,168.02999877929688,47.75,0.03799999877810478
2021-09-10,45.301475524902344,46.67399978637695,33.11404037475586,49.663047790527344,51.99491882324219,416.3219299316406,27.100000381469727,16.40451431274414,167.17999267578125,48.79999923706055,0.03799999877810478
2021-09-13,46.46799850463867,48.231754302978516,32.93671798706055,49.706600189208984,53.08883285522461,417.3873291015625,26.690000534057617,16.36039161682129,167.74000549316406,49.47999954223633,0.03799999877810478
2021-09-14,45.80501937866211,47.68738555908203,32.470054626464844,49.846038818359375,52.42033767700195,415.1349792480469,26.389999389648438,16.386865615844727,168.82000732421875,49.310001373291016,0.03500000014901161
2021-09-15,47.34920120239258,49.680641174316406,34.2900276184082,50.29047775268555,54.278228759765625,418.6023864746094,27.0,16.554529190063477,167.8300018310547,50.689998626708984,0.03500000014901161
2021-09-16,46.84565734863281,49.60525894165039,32.01272201538086,48.30360412597656,54.6949462890625,417.9388427734375,26.110000610351562,16.545705795288086,164.02999877929688,50.70000076293945,0.029999999329447746
2021-09-17,46.291770935058594,49.34562683105469,30.846080780029297,48.12059783935547,54.16536331176758,413.8676452636719,26.059999465942383,16.413339614868164,163.77000427246094,50.31999969482422,0.02800000086426735
2021-09-20,45.058109283447266,47.79625701904297,29.091449737548828,47.066162109375,52.5418701171875,406.96673583984375,25.219999313354492,16.254499435424805,164.94000244140625,49.599998474121094,0.02500000037252903
2021-09-21,45.01615524291992,49.68901824951172,28.447458267211914,47.50188064575195,52.107791900634766,406.5823059082031,25.260000228881836,16.23685073852539,166.0399932861328,49.58000183105469,0.019999999552965164
2021-09-22,46.3337287902832,52.14289093017578,29.455448150634766,47.62388229370117,51.21357727050781,410.5484313964844,25.799999237060547,16.386865615844727,165.4199981689453,50.47999954223633,0.02500000037252903
2021-09-23,47.9030876159668,53.35727310180664,29.968769073486328,47.10103225708008,52.33351516723633,415.5366516113281,25.850000381469727,16.589826583862305,163.50999450683594,51.380001068115234,0.02500000037252903
2021-09-24,48.33108901977539,54.45439529418945,30.090103149414062,46.94416427612305,51.8820686340332,416.2210998535156,26.18000030517578,16.589826583862305,163.3000030517578,51.81999969482422,0.02500000037252903
2021-09-27,49.76618194580078,55.869781494140625,31.648731231689453,46.970314025878906,52.7502326965332,415.0303649902344,26.170000076293945,16.713369369506836,163.63999938964844,52.90999984741211,0.02500000037252903
2021-09-28,50.28649139404297,56.782657623291016,31.331403732299805,47.56288146972656,52.58528137207031,406.6667175292969,26.010000228881836,16.766313552856445,162.0500030517578,52.400001525878906,0.029999999329447746
2021-09-29,50.25291442871094,56.983646392822266,30.902088165283203,46.80474090576172,52.767601013183594,407.3511657714844,25.5,16.766313552856445,161.32000732421875,52.31999969482422,0.029999999329447746
2021-09-30,49.36334228515625,56.75752258300781,30.360759735107422,47.318885803222656,52.0991096496582,402.3724365234375,25.049999237060547,16.872207641601562,164.22000122070312,52.560001373291016,0.02800000086426735
2021-10-01,51.13410949707031,58.70891571044922,30.65008544921875,46.674015045166016,52.78496170043945,407.1542663574219,25.739999771118164,17.11928939819336,164.58999633789062,53.2599983215332,0.02800000086426735
2021-10-04,51.7971076965332,59.8730354309082,30.528757095336914,47.64130783081055,53.097511291503906,401.90362548828125,25.8700008392334,17.08399200439453,165.36000061035156,54.4900016784668,0.02800000086426735
2021-10-05,51.71317672729492,60.074031829833984,30.052764892578125,46.9093132019043,54.069862365722656,406.0853576660156,25.579999923706055,16.978097915649414,164.58999633789062,55.630001068115234,0.03500000014901161
2021-10-06,50.76484298706055,60.14105224609375,29.595443725585938,47.519309997558594,54.08722686767578,407.7731018066406,25.5,16.95162582397461,165.02999877929688,54.15999984741211,0.03999999910593033
2021-10-07,50.90751647949219,59.889801025390625,32.03139877319336,47.58902359008789,54.712310791015625,411.29852294921875,26.09000015258789,17.08399200439453,164.16000366210938,55.36000061035156,0.03999999910593033
2021-10-08,52.183143615722656,62.74567794799805,31.854068756103516,47.327598571777344,54.946720123291016,410.5484313964844,26.170000076293945,17.12811279296875,164.22999572753906,55.470001220703125,0.03999999910593033
2021-10-11,51.66282653808594,61.9500617980957,32.88071060180664,47.23174285888672,55.53708267211914,407.57623291015625,26.649999618530273,17.07516860961914,163.9199981689453,56.18000030517578,0.03999999910593033
2021-10-12,51.39427185058594,61.481048583984375,32.30205154418945,47.73716354370117,55.03353500366211,406.57293701171875,26.399999618530273,17.07516860961914,164.66000366210938,56.11000061035156,0.03999999910593033
2021-10-13,51.25159454345703,61.330291748046875,33.43136978149414,49.12275314331055,54.62549591064453,408.03564453125,27.530000686645508,16.810434341430664,167.58999633789062,56.15999984741211,0.04500000178813934
2021-10-14,52.032081604003906,61.84953308105469,34.72673034667969,50.342769622802734,55.71070861816406,414.8990478515625,28.219999313354492,16.872207641601562,168.0,56.810001373291016,0.03999999910593033
2021-10-15,52.52723693847656,62.092430114746094,36.13899230957031,49.69789505004883,55.519710540771484,418.0589294433594,28.950000762939453,16.942800521850586,165.3300018310547,57.150001525878906,0.03799999877810478
2021-10-18,52.50205993652344,62.393924713134766,36.04545974731445,49.1314697265625,55.38948059082031,419.2964782714844,28.780000686645508,16.91632843017578,164.9199981689453,56.959999084472656,0.0430000014603138
2021-10-19,53.290931701660156,63.0806884765625,36.33539581298828,49.663047790527344,56.03194046020508,422.53131103515625,28.6200008392334,16.872207641601562,165.4499969482422,57.41999816894531,0.05000000074505806
2021-10-20,53.584659576416016,63.66691970825195,36.410221099853516,49.81118392944336,56.292388916015625,424.1908874511719,29.040000915527344,16.925153732299805,166.89999389648438,58.119998931884766,0.05000000074505806
2021-10-21,52.611148834228516,62.46928405761719,35.9332160949707,49.828617095947266,56.31843185424805,425.29730224609375,27.860000610351562,16.757492065429688,166.75,57.40999984741211,0.05000000074505806
2021-10-22,52.97201156616211,63.41567611694336,35.23176956176758,50.20332717895508,57.49047088623047,424.85662841796875,27.530000686645508,16.74866485595703,167.77000427246094,58.029998779296875,0.05000000074505806
2021-10-25,54.0042724609375,64.085693359375,36.79367446899414,50.46475601196289,57.84642028808594,427.1351318359375,27.700000762939453,16.889854431152344,168.92999267578125,57.83000183105469,0.05000000074505806
2021-10-26,55.25470733642578,64.51280212402344,36.33539581298828,50.2817497253418,56.743839263916016,427.5194396972656,27.5,16.986923217773438,167.67999267578125,58.45000076293945,0.05000000074505806
2021-10-27,53.81962966918945,62.70978546142578,34.60514831542969,50.14232635498047,56.023250579833984,425.62548828125,26.81999969482422,16.95162582397461,168.1199951171875,56.900001525878906,0.05000000074505806
2021-10-28,53.97069549560547,63.31639099121094,35.63393783569336,47.85917663574219,56.292388916015625,429.7322692871094,27.100000381469727,17.031044006347656,168.0800018310547,57.400001525878906,0.04800000041723251
2021-10-29,54.10496520996094,62.76033020019531,35.27853012084961,47.05745315551758,55.771484375,430.60430908203125,26.84000015258789,17.0222225189209,166.64999389648438,57.150001525878906,0.04800000041723251
2021-11-01,55.07847595214844,62.84457015991211,35.849056243896484,47.318885803222656,55.22452926635742,431.34503173828125,26.860000610351562,17.225181579589844,167.52000427246094,57.529998779296875,0.03999999910593033
2021-11-02,54.398712158203125,61.53023147583008,36.0548095703125,47.67616271972656,55.016170501708984,433.0890197753906,26.719999313354492,17.163414001464844,167.16000366210938,57.529998779296875,0.04500000178813934
2021-11-03,53.65179443359375,61.285884857177734,35.755531311035156,48.03346252441406,56.344482421875,435.7330627441406,26.670000076293945,17.145763397216797,165.77000427246094,55.34000015258789,0.04500000178813934
2021-11-04,54.054622650146484,61.766143798828125,34.60514831542969,47.79817199707031,55.7628059387207,437.7864685058594,26.3700008392334,17.092815399169922,167.64999389648438,54.91999816894531,0.03500000014901161
2021-11-05,54.56654739379883,63.569175720214844,34.64254379272461,49.114036560058594,55.988521575927734,439.3054504394531,26.56999969482422,17.004573822021484,169.83999633789062,56.54999923706055,0.03999999910593033
2021-11-08,55.154014587402344,63.97357940673828,36.87785720825195,48.96589279174805,55.38948059082031,439.680419921875,26.93000030517578,16.96044921875,170.4499969482422,57.09000015258789,0.03500000014901161
2021-11-09,55.69111251831055,63.82191848754883,36.662742614746094,49.453895568847656,55.936424255371094,438.2271423339844,26.760000228881836,17.08399200439453,171.2899932861328,57.970001220703125,0.03999999910593033
2021-11-10,54.59395980834961,61.50497817993164,35.09148025512695,50.69133758544922,56.76988220214844,434.70166015625,26.25,17.19870948791504,173.14999389648438,56.31999969482422,0.04500000178813934
2021-11-11,54.696022033691406,60.780364990234375,38.25269317626953,51.28390884399414,57.42101287841797,434.8423156738281,26.90999984741211,17.2957763671875,174.1199951171875,56.220001220703125,0.03999999910593033
2021-11-12,54.27928161621094,60.965736389160156,38.561344146728516,51.1793327331543,57.23869705200195,438.1240234375,27.190000534057617,17.428142547607422,174.4499969482422,55.97999954223633,0.0430000014603138
2021-11-15,54.7470588684082,61.26904296875,38.21529769897461,51.38848114013672,58.12422180175781,438.2740478515625,26.940000534057617,17.525211334228516,174.17999267578125,56.06999969482422,0.03799999877810478
2021-11-16,55.29988479614258,61.20164108276367,37.03684997558594,50.665184020996094,57.96708297729492,440.0087585449219,26.559999465942383,17.534034729003906,172.9199981689453,56.20000076293945,0.03999999910593033
2021-11-17,54.696022033691406,60.637149810791016,36.354095458984375,50.4996223449707,57.32107925415039,438.93975830078125,25.809999465942383,17.745820999145508,174.5,55.0,0.04500000178813934
2021-11-18,54.100669860839844,61.26904296875,36.27927780151367,49.819889068603516,58.13296127319336,440.4305419921875,26.299999237060547,17.666399002075195,173.94000244140625,55.54999923706055,0.04500000178813934
2021-11-19,51.60018539428711,58.64877700805664,35.80228805541992,49.27961349487305,57.04171371459961,439.6429748535156,26.770000457763672,17.710521697998047,172.61000061035156,53.779998779296875,0.04500000178813934
2021-11-22,52.314605712890625,60.569732666015625,35.29724884033203,48.63474655151367,57.98455047607422,438.4053039550781,26.729999542236328,17.789941787719727,168.74000549316406,54.45000076293945,0.03999999910593033
2021-11-23,53.69242477416992,62.16212844848633,36.176395416259766,48.35588455200195,58.27264404296875,438.98663330078125,26.989999771118164,17.92230796813965,167.27999877929688,56.20000076293945,0.04500000178813934
2021-11-24,53.9901123046875,63.04678726196289,36.14834976196289,48.33846664428711,57.89725112915039,440.1586608886719,27.31999969482422,17.878185272216797,167.1199951171875,55.880001068115234,0.05000000074505806
2021-11-26,52.09347152709961,60.224308013916016,34.82960891723633,48.7480354309082,56.221099853515625,430.3418273925781,26.280000686645508,17.622278213500977,166.85000610351562,49.630001068115234,0.0430000014603138
2021-11-29,52.382652282714844,60.788818359375,35.52171325683594,48.27745819091797,56.57903289794922,435.6205749511719,26.549999237060547,17.4193172454834,166.6199951171875,50.16999816894531,0.03799999877810478
2021-11-30,50.89426040649414,59.086891174316406,34.679962158203125,47.85917663574219,54.309226989746094,427.14447021484375,26.209999084472656,17.08399200439453,165.5,47.90999984741211,0.04800000041723251
2021-12-01,50.85173797607422,58.30331802368164,33.88497543334961,46.94416427612305,53.9687614440918,422.40008544921875,25.68000030517578,17.057519912719727,166.16000366210938,47.040000915527344,0.05000000074505806
2021-12-02,52.118988037109375,60.03895568847656,34.69866180419922,46.42130661010742,54.47510528564453,428.86962890625,26.200000762939453,17.348722457885742,165.24000549316406,48.290000915527344,0.0430000014603138
2021-12-03,51.787288665771484,59.91257095336914,34.19361877441406,47.64130783081055,54.58858871459961,425.13800048828125,26.079999923706055,17.4193172454834,166.6300048828125,48.0,0.0430000014603138
2021-12-06,52.37413787841797,61.34487533569336,34.951194763183594,48.65217590332031,55.094932556152344,430.1730041503906,26.489999771118164,17.47226333618164,166.22000122070312,50.5099983215332,0.0430000014603138
2021-12-07,52.96098709106445,62.827728271484375,36.26057815551758,49.14018249511719,56.0115852355957,439.071044921875,26.489999771118164,17.454614639282227,166.80999755859375,51.59000015258789,0.057999998331069946
2021-12-08,53.11408615112305,62.44017028808594,36.213802337646484,49.5977897644043,55.98538589477539,440.233642578125,26.739999771118164,17.463441848754883,166.89999389648438,52.41999816894531,0.05999999865889549
2021-12-09,53.25017166137695,61.12582778930664,35.97999954223633,49.465797424316406,55.24333190917969,437.2614440917969,26.270000457763672,17.366371154785156,165.8800048828125,51.02000045776367,0.05299999937415123
2021-12-10,53.59036636352539,61.91779327392578,35.88645935058594,49.36898422241211,55.39175796508789,441.37762451171875,26.209999084472656,17.401668548583984,166.5800018310547,52.029998779296875,0.05000000074505806
2021-12-13,52.416664123535156,59.83674240112305,35.194366455078125,50.31059646606445,56.43061065673828,437.4676513671875,26.170000076293945,17.44579315185547,167.0,51.439998626708984,0.0430000014603138
2021-12-14,52.340126037597656,59.550270080566406,35.50299835205078,49.43058776855469,56.61395263671875,434.4578857421875,26.010000228881836,17.44579315185547,165.44000244140625,50.91999816894531,0.04800000041723251
2021-12-15,52.11048889160156,59.5755615234375,34.83895492553711,47.723350524902344,56.814735412597656,441.2463684082031,26.0,17.366371154785156,166.14999389648438,51.619998931884766,0.04500000178813934
2021-12-16,52.19553756713867,60.40964126586914,35.80228805541992,51.92103958129883,57.76630783081055,437.35516357421875,26.190000534057617,17.4193172454834,168.16000366210938,51.869998931884766,0.03500000014901161
2021-12-17,51.05585479736328,57.80622482299805,35.540409088134766,52.13224792480469,56.98060607910156,432.7004699707031,26.15999984741211,17.278127670288086,167.8000030517578,50.779998779296875,0.029999999329447746
2021-12-20,50.31591796875,57.79781723022461,34.997947692871094,51.66583251953125,56.0639533996582,428.0993957519531,26.25,17.07516860961914,167.08999633789062,49.900001525878906,0.03799999877810478
2021-12-21,51.45559310913086,59.550270080566406,36.64403533935547,51.19941711425781,56.59648513793945,435.7020263671875,26.559999465942383,17.357547760009766,167.02000427246094,51.56999969482422,0.06499999761581421
2021-12-22,51.87234115600586,59.88731002807617,37.541900634765625,51.481021881103516,56.41315460205078,440.0585632324219,26.780000686645508,17.56050682067871,168.58999633789062,52.47999954223633,0.06499999761581421
2021-12-23,51.897857666015625,59.9799690246582,38.46781921386719,52.387447357177734,57.12902069091797,442.7965393066406,26.829999923706055,17.58698272705078,168.97000122070312,53.130001068115234,0.057999998331069946
2021-12-27,52.63779067993164,61.681888580322266,39.27216339111328,52.9594612121582,57.67900848388672,449.06304931640625,27.270000457763672,17.604631423950195,169.3699951171875,54.52000045776367,0.0430000014603138
2021-12-28,52.46770095825195,61.606048583984375,39.27216339111328,53.0562629699707,58.42979049682617,448.696044921875,27.040000915527344,17.44579315185547,168.63999938964844,54.66999816894531,0.05000000074505806
2021-12-29,52.0084342956543,61.43754577636719,39.26279830932617,53.34666442871094,58.499629974365234,449.27001953125,26.969999313354492,17.613452911376953,168.58999633789062,55.08000183105469,0.04500000178813934
2021-12-30,51.70224380493164,60.8983268737793,38.92610168457031,54.20028305053711,58.36866760253906,448.0281066894531,26.739999771118164,17.489913940429688,169.8000030517578,55.099998474121094,0.02500000037252903
2021-12-31,52.042442321777344,60.98282241821289,39.028987884521484,54.57868957519531,59.00596237182617,446.89892578125,27.209999084472656,17.428142547607422,170.9600067138672,54.36000061035156,0.032999999821186066
2022-01-03,54.0411376953125,62.32616424560547,38.795166015625,53.663475036621094,59.26785659790039,449.4864501953125,26.959999084472656,17.357547760009766,168.3300018310547,54.83000183105469,0.05299999937415123
2022-01-04,56.0738410949707,65.02974700927734,39.42179870605469,53.17947006225586,60.367835998535156,449.33587646484375,27.260000228881836,17.47226333618164,169.57000732421875,55.59000015258789,0.07999999821186066
2022-01-05,56.771263122558594,63.914520263671875,38.98221969604492,53.09146499633789,59.896427154541016,440.70770263671875,26.700000762939453,17.37519645690918,169.05999755859375,55.43000030517578,0.08500000089406967
2022-01-06,58.106563568115234,66.31395721435547,37.90665817260742,51.63063049316406,60.42894744873047,440.293701171875,26.59000015258789,17.357547760009766,166.99000549316406,56.88999938964844,0.09000000357627869
2022-01-07,58.58283233642578,68.13041687011719,39.169281005859375,52.2994384765625,60.94401550292969,438.55303955078125,26.889999389648438,17.5075626373291,167.75,56.66999816894531,0.08799999952316284
2022-01-10,58.234134674072266,68.4599380493164,38.92610168457031,53.17947006225586,61.04878234863281,438.0072021484375,26.610000610351562,17.366371154785156,168.25999450683594,56.15999984741211,0.09000000357627869
2022-01-11,60.6835823059082,70.62279510498047,40.207427978515625,53.601863861083984,61.52893829345703,441.9967346191406,27.030000686645508,17.47226333618164,170.2899932861328,58.15999984741211,0.11800000071525574
2022-01-12,60.5049934387207,71.30713653564453,42.22761917114258,54.1386833190918,61.47654724121094,443.19171142578125,27.860000610351562,17.481090545654297,170.74000549316406,58.90999984741211,0.11500000208616257
2022-01-13,60.071224212646484,70.64813995361328,41.598899841308594,53.962677001953125,61.89558410644531,437.0851745605469,27.5,17.38401985168457,170.16000366210938,58.27000045776367,0.10999999940395355
2022-01-14,61.125850677490234,73.28412628173828,41.364295959472656,53.87467956542969,62.46303939819336,437.26397705078125,27.100000381469727,17.595806121826172,169.6699981689453,59.970001220703125,0.11800000071525574
2022-01-18,62.15495681762695,73.93470764160156,41.56135940551758,53.90106964111328,62.21858596801758,429.52008056640625,26.84000015258789,17.613452911376953,169.38999938964844,60.970001220703125,0.12999999523162842
2022-01-19,62.180477142333984,73.7403793334961,41.364295959472656,57.157135009765625,61.982887268066406,425.0602111816406,27.09000015258789,17.913482666015625,172.0800018310547,61.04999923706055,0.16500000655651093
2022-01-20,62.316566467285156,72.3463363647461,40.52913284301758,56.18032455444336,60.14085388183594,420.3555603027344,27.579999923706055,17.878185272216797,171.64999389648438,60.65999984741211,0.1679999977350235
2022-01-21,61.38099670410156,69.88776397705078,38.46467971801758,55.52030944824219,60.184513092041016,412.103759765625,27.450000762939453,17.781118392944336,171.08999633789062,60.779998779296875,0.15800000727176666
2022-01-24,61.9083137512207,70.1412124633789,37.498130798339844,55.51150894165039,59.878963470458984,413.8538818359375,27.100000381469727,17.7546443939209,172.02999877929688,60.11000061035156,0.1550000011920929
2022-01-25,63.72841262817383,73.59674835205078,37.18844985961914,55.69631576538086,59.68689727783203,408.8011169433594,27.18000030517578,17.825239181518555,172.5800018310547,60.970001220703125,0.1850000023841858
2022-01-26,63.08199691772461,73.55449676513672,36.0623893737793,54.28828430175781,63.09159469604492,407.7754211425781,27.170000076293945,17.79876708984375,169.7899932861328,61.68000030517578,0.17800000309944153
2022-01-27,63.889991760253906,75.75115966796875,34.81432342529297,53.38185119628906,64.77648162841797,405.7619323730469,26.920000076293945,17.595806121826172,167.60000610351562,61.86000061035156,0.1850000023841858
2022-01-28,64.02606201171875,75.3794174194336,33.81963348388672,52.6778450012207,66.27802276611328,415.8392333984375,26.399999618530273,17.80759048461914,167.10000610351562,61.970001220703125,0.17299999296665192
2022-01-31,64.60440063476562,74.87251281738281,34.92693328857422,53.83067321777344,65.47489166259766,423.32891845703125,26.5,17.81641387939453,168.08999633789062,62.47999954223633,0.17299999296665192
2022-02-01,68.74638366699219,77.33952331542969,36.61604309082031,53.97147750854492,65.93756866455078,426.18939208984375,27.040000915527344,18.06349754333496,168.22999572753906,62.529998779296875,0.2029999941587448
2022-02-02,68.56778717041016,77.90558624267578,36.96323776245117,54.65788650512695,66.95024871826172,430.3293151855469,27.31999969482422,18.01937484741211,168.83999633789062,62.52000045776367,0.1850000023841858
2022-02-03,67.7682876586914,76.77346801757812,35.846561431884766,54.38508224487305,66.0597915649414,420.2144775390625,27.190000534057617,18.04585075378418,168.60000610351562,63.5099983215332,0.19300000369548798
2022-02-04,69.23967742919922,77.61833953857422,36.05299758911133,53.61947250366211,66.0947036743164,422.1904296875,27.450000762939453,18.169391632080078,168.86000061035156,64.91000366210938,0.22300000488758087
2022-02-07,70.07315826416016,78.52234649658203,36.50343704223633,55.766719818115234,66.6827163696289,420.83544921875,27.34000015258789,18.248809814453125,170.11000061035156,64.68000030517578,0.2029999941587448
2022-02-08,68.26158905029297,77.16211700439453,38.12684631347656,55.93391418457031,67.30583953857422,424.2980041503906,27.290000915527344,18.381175994873047,170.6300048828125,63.619998931884766,0.2750000059604645
2022-02-09,67.93482208251953,78.5307846069336,40.876338958740234,55.57310485839844,67.8236312866211,430.5080871582031,28.260000228881836,18.690027236938477,171.2100067138672,64.16999816894531,0.27000001072883606
2022-02-10,67.28128814697266,77.65214538574219,41.20477294921875,53.26746368408203,67.0864486694336,422.7738037109375,28.149999618530273,18.557662963867188,170.55999755859375,63.959999084472656,0.3700000047683716
2022-02-11,68.97533416748047,79.40982055664062,40.16315841674805,56.19792175292969,67.11276245117188,414.4372253417969,27.139999389648438,18.619434356689453,173.80999755859375,65.73999786376953,0.33799999952316284
2022-02-14,67.9176254272461,77.73703002929688,39.834712982177734,56.62913131713867,66.80559539794922,413.08233642578125,27.389999389648438,18.548837661743164,174.74000549316406,66.36000061035156,0.36000001430511475
2022-02-15,67.0662841796875,76.14917755126953,40.979557037353516,55.6875114440918,67.40238952636719,419.7439880371094,27.6299991607666,18.478242874145508,173.0800018310547,64.27999877929688,0.4000000059604645
2022-02-16,67.37586975097656,76.59922790527344,41.52383041381836,56.56753921508789,67.49014282226562,420.2144775390625,27.649999618530273,18.531190872192383,174.86000061035156,63.540000915527344,0.37299999594688416
2022-02-17,67.27267456054688,77.40587615966797,40.54789352416992,59.621185302734375,67.27073669433594,411.2380676269531,27.459999084472656,18.592960357666016,177.25,64.16999816894531,0.3449999988079071
2022-02-18,66.5245361328125,76.10672760009766,40.36960220336914,59.55078887939453,67.04254150390625,408.5752868652344,27.559999465942383,18.566486358642578,177.1199951171875,64.73999786376953,0.3179999887943268
2022-02-22,65.75057983398438,74.57832336425781,39.750274658203125,59.11078643798828,67.32339477539062,404.19061279296875,27.469999313354492,18.87533950805664,177.49000549316406,65.54000091552734,0.33000001311302185
2022-02-23,66.01716613769531,74.91796875,39.84410095214844,60.061195373535156,66.03327941894531,397.0207824707031,27.1200008392334,18.88416290283203,178.2899932861328,66.23999786376953,0.3400000035762787
2022-02-24,65.18302917480469,74.493408203125,41.026485443115234,58.71476745605469,66.56863403320312,402.9956359863281,27.440000534057617,18.787097930908203,177.13999938964844,66.33999633789062,0.28299999237060547
2022-02-25,66.9372787475586,77.499267578125,43.48506546020508,59.753196716308594,69.24542999267578,411.8872985839844,27.440000534057617,18.257633209228516,176.5500030517578,65.80000305175781,0.2980000078678131
2022-02-28,67.43605041503906,80.54764556884766,44.057491302490234,58.25716018676758,68.8504867553711,410.83355712890625,27.399999618530273,18.469419479370117,178.3800048828125,67.4800033569336,0.2879999876022339
2022-03-01,68.08101654052734,82.33077239990234,44.95833206176758,60.730018615722656,68.44676971435547,404.576416015625,27.81999969482422,18.919462203979492,181.6199951171875,71.81999969482422,0.31299999356269836
2022-03-02,69.25050354003906,83.24783325195312,45.19293975830078,61.416419982910156,70.45654296875,412.0191345214844,28.5,18.91063690185547,179.72999572753906,75.41999816894531,0.32499998807907104
2022-03-03,69.6890640258789,82.712890625,46.065635681152344,62.199642181396484,71.9046401977539,409.96783447265625,29.200000762939453,19.33420753479004,180.8000030517578,74.52999877929688,0.33500000834465027
2022-03-04,72.31187438964844,85.1413803100586,47.022804260253906,65.36770629882812,72.66819763183594,406.6370544433594,29.899999618530273,19.272436141967773,183.67999267578125,79.45999908447266,0.3050000071525574
2022-03-07,74.91749572753906,85.9905014038086,44.24516677856445,68.5093765258789,73.6950454711914,394.6496887207031,28.90999984741211,19.616588592529297,186.41000366210938,82.37000274658203,0.3050000071525574
2022-03-08,75.48502349853516,83.89317321777344,43.79473114013672,68.29817962646484,72.95782470703125,391.6575927734375,28.8700008392334,19.590112686157227,191.50999450683594,85.43000030517578,0.36000001430511475
2022-03-09,71.1939697265625,81.69393157958984,44.09502029418945,67.33209228515625,71.77301025390625,402.1582336425781,27.850000381469727,19.290084838867188,185.82000732421875,75.47000122070312,0.3700000047683716
2022-03-10,73.40399932861328,84.67436218261719,44.770652770996094,68.49312591552734,73.99341583251953,400.3421936035156,28.260000228881836,19.210668563842773,186.39999389648438,74.05999755859375,0.36000001430511475
2022-03-11,73.0256118774414,83.56200408935547,44.03871154785156,68.14749145507812,73.37030792236328,395.2519226074219,28.0,19.272436141967773,185.08999633789062,76.4000015258789,0.36500000953674316
2022-03-14,70.41142272949219,81.98263549804688,41.77719497680664,65.35565185546875,72.46633911132812,392.36334228515625,27.40999984741211,19.237138748168945,182.3000030517578,72.83999633789062,0.3779999911785126
2022-03-15,66.40412902832031,80.70895385742188,41.55198287963867,65.02774047851562,72.6769790649414,400.99151611328125,27.440000534057617,19.166542053222656,178.88999938964844,68.62999725341797,0.4480000138282776
2022-03-16,66.15473937988281,80.513671875,43.56013488769531,64.35414123535156,71.48339080810547,409.8831481933594,28.309999465942383,18.85769271850586,180.00999450683594,68.27999877929688,0.43299999833106995
2022-03-17,67.9176254272461,83.91866302490234,45.59645080566406,64.97452545166016,73.52828216552734,415.01116943359375,28.59000015258789,19.07830047607422,180.88999938964844,73.68000030517578,0.36000001430511475
2022-03-18,67.6510238647461,84.57245635986328,45.11787796020508,65.5506362915039,73.70380401611328,419.556640625,28.719999313354492,19.087125778198242,179.3000030517578,74.63999938964844,0.382999986410141
2022-03-21,70.68663024902344,87.25570678710938,46.45977020263672,67.62457275390625,76.49470520019531,419.4339599609375,28.549999237060547,19.4930477142334,180.6699981689453,79.54000091552734,0.45500001311302185
2022-03-22,70.37702941894531,86.4150619506836,46.78820037841797,67.38526916503906,76.84573364257812,424.3419494628906,28.6299991607666,19.528343200683594,179.36000061035156,78.55999755859375,0.5199999809265137
2022-03-23,71.4863510131836,88.6227798461914,46.74127960205078,69.93782043457031,78.18852996826172,418.87713623046875,29.149999618530273,19.616588592529297,181.80999755859375,81.94999694824219,0.47999998927116394
2022-03-24,71.70132446289062,88.7671127319336,48.280250549316406,69.33513641357422,79.36455535888672,425.1914978027344,28.729999542236328,19.484220504760742,183.1300048828125,79.75,0.4830000102519989
2022-03-25,73.26640319824219,91.28052520751953,48.730674743652344,69.9732666015625,82.05010986328125,427.2679443359375,28.610000610351562,19.634235382080078,182.3800048828125,80.73999786376953,0.5199999809265137
2022-03-28,71.21116638183594,87.88404083251953,47.172943115234375,69.25536346435547,81.04959869384766,430.3070068359375,28.75,19.343032836914062,179.05999755859375,74.52999877929688,0.5080000162124634
2022-03-29,70.83280944824219,85.4980239868164,47.0040397644043,69.6187515258789,77.09148406982422,435.63031005859375,28.920000076293945,19.193017959594727,179.13999938964844,76.1500015258789,0.5550000071525574
2022-03-30,72.0452880859375,86.1026840209961,47.651527404785156,70.86842346191406,78.37284088134766,432.9404602050781,28.81999969482422,19.4312744140625,180.5800018310547,77.91000366210938,0.5249999761581421
2022-03-31,71.02198028564453,85.16586303710938,46.675601959228516,70.4164047241211,79.21537017822266,426.27691650390625,28.709999084472656,19.30773162841797,180.64999389648438,74.12000274658203,0.49300000071525574
2022-04-01,71.47774505615234,85.65983581542969,47.820430755615234,73.36779022216797,80.01399993896484,427.4850158691406,28.649999618530273,19.184192657470703,179.5,74.16999816894531,0.5
2022-04-04,71.51213836669922,85.63426208496094,47.76413345336914,72.01174926757812,79.36455535888672,431.1471252441406,29.1200008392334,19.316558837890625,180.3699951171875,76.86000061035156,0.5379999876022339
2022-04-05,71.1423568725586,83.50513458251953,46.065635681152344,70.77978515625,79.77704620361328,425.7012023925781,28.920000076293945,19.38715362548828,179.24000549316406,74.80000305175781,0.6679999828338623
2022-04-06,71.93350219726562,83.0707778930664,45.09909439086914,70.49617767333984,81.47086334228516,421.4443664550781,28.729999542236328,19.378328323364258,179.66000366210938,73.05000305175781,0.6629999876022339
2022-04-07,73.13742065429688,85.13180541992188,45.493228912353516,71.81675720214844,82.48016357421875,423.56805419921875,28.649999618530273,19.422452926635742,180.33999633789062,73.11000061035156,0.6600000262260437
2022-04-08,74.67670440673828,87.763427734375,45.95303726196289,72.7828369140625,83.59476470947266,422.4353942871094,28.670000076293945,19.72248077392578,181.47000122070312,74.11000061035156,0.6679999828338623
2022-04-11,72.10549926757812,83.44551086425781,44.7800407409668,72.09152221679688,82.99797821044922,415.215087890625,28.100000381469727,19.881319046020508,182.3699951171875,72.30000305175781,0.6800000071525574
2022-04-12,73.61038208007812,85.16586303710938,45.04280090332031,73.11962890625,83.4367904663086,413.67657470703125,28.56999969482422,20.0401554107666,183.77000427246094,75.9800033569336,0.7379999756813049
2022-04-13,74.65089416503906,85.36175537109375,46.53009796142578,74.71498107910156,83.85804748535156,418.4147033691406,28.600000381469727,20.01368522644043,184.64999389648438,78.41999816894531,0.7400000095367432
2022-04-14,75.52804565429688,86.3326416015625,46.30419158935547,75.13151550292969,85.05162811279297,413.2047119140625,28.59000015258789,19.916616439819336,184.0399932861328,79.56999969482422,0.7480000257492065
2022-04-18,76.14720916748047,88.12113189697266,47.79148483276367,75.7076187133789,84.65667724609375,413.37451171875,29.25,20.154874801635742,184.61000061035156,80.41000366210938,0.7549999952316284
2022-04-19,75.46784973144531,86.49443817138672,47.66911315917969,73.43869018554688,84.1915512084961,420.0475769042969,28.6200008392334,19.960739135742188,181.82000732421875,76.86000061035156,0.8330000042915344
2022-04-20,75.63984680175781,87.43978118896484,46.97252655029297,73.19938659667969,86.20132446289062,419.736083984375,28.399999618530273,19.987213134765625,182.7100067138672,77.23999786376953,0.7950000166893005
2022-04-21,74.84009552001953,84.0331802368164,42.31292724609375,68.29814910888672,84.29685974121094,413.45947265625,28.420000076293945,19.951913833618164,182.05999755859375,78.12000274658203,0.800000011920929
2022-04-22,73.20620727539062,81.76774597167969,39.45127487182617,66.04695129394531,80.90040588378906,402.1144714355469,27.829999923706055,19.704833984375,180.2899932861328,76.30999755859375,0.7799999713897705
2022-04-25,70.73821258544922,78.06301879882812,39.20653533935547,64.35414123535156,79.8297119140625,404.4458312988281,27.270000457763672,19.54599380493164,177.0500030517578,74.6500015258789,0.7979999780654907
2022-04-26,70.76399993896484,77.77346801757812,37.82276916503906,63.92870330810547,79.54885864257812,392.7326965332031,26.899999618530273,19.59893798828125,177.32000732421875,76.45999908447266,0.8330000042915344
2022-04-27,72.78484344482422,79.25537109375,39.24418258666992,63.92870330810547,82.42749786376953,393.8370666503906,27.0,19.59893798828125,175.97999572753906,76.37000274658203,0.8080000281333923
2022-04-28,74.98628234863281,83.07931518554688,39.3853874206543,64.94795227050781,81.19005584716797,403.7851257324219,26.84000015258789,19.687183380126953,176.92999267578125,78.08000183105469,0.7850000262260437
2022-04-29,73.30941772460938,81.3504409790039,38.17106246948242,64.56684112548828,78.60101318359375,388.86297607421875,26.450000762939453,19.47539710998535,176.91000366210938,77.16000366210938,0.8080000281333923
2022-05-02,74.30692291259766,81.69109344482422,37.82276916503906,64.0882339477539,78.38159942626953,391.2037353515625,25.899999618530273,19.404804229736328,173.6300048828125,78.37999725341797,0.7649999856948853
2022-05-03,75.83760833740234,84.25457000732422,37.79452896118164,64.02619171142578,78.77651977539062,392.9969787597656,25.940000534057617,19.298912048339844,174.08999633789062,76.69000244140625,0.8949999809265137
2022-05-04,78.85598754882812,88.45327758789062,38.87705993652344,65.0454330444336,79.9964370727539,404.96490478515625,26.5,19.47539710998535,175.8000030517578,80.22000122070312,0.8330000042915344
2022-05-05,77.66067504882812,87.60160064697266,37.314449310302734,64.11483001708984,78.46937561035156,390.57135009765625,25.959999084472656,19.510696411132812,175.1300048828125,80.4800033569336,0.8029999732971191
2022-05-06,78.8473892211914,91.7151107788086,35.65769958496094,64.58457946777344,78.75020599365234,388.2400207519531,25.75,19.272436141967773,175.4199981689453,82.12999725341797,0.8149999976158142
2022-05-09,72.63005065917969,82.78121185302734,33.4361572265625,61.083709716796875,74.03731536865234,375.8096618652344,25.459999084472656,18.8223934173584,172.8800048828125,76.56999969482422,0.800000011920929
2022-05-10,73.11161041259766,83.46253204345703,33.953887939453125,60.50759506225586,74.57266235351562,376.677978515625,25.229999542236328,18.95475959777832,171.4199981689453,74.52999877929688,0.878000020980835
2022-05-11,74.63371276855469,84.34827423095703,33.80327606201172,60.64053726196289,74.03731536865234,370.6940612792969,25.450000762939453,19.298912048339844,172.82000732421875,78.18000030517578,0.8830000162124634
2022-05-12,74.9725341796875,84.82518768310547,32.32538986206055,57.91960144042969,74.1075210571289,370.3070983886719,24.729999542236328,19.38715362548828,170.1699981689453,79.2300033569336,0.9049999713897705
2022-05-13,77.19649505615234,87.64420318603516,32.98432540893555,57.83097839355469,74.94126892089844,379.1602783203125,25.25,19.572465896606445,168.7899932861328,81.27999877929688,0.9430000185966492
2022-05-16,79.01216125488281,90.25341796875,33.087860107421875,58.00822830200195,76.51224517822266,377.6217956542969,25.469999313354492,20.154874801635742,170.39999389648438,83.11000061035156,0.9800000190734863
2022-05-17,80.0199203491211,91.55374908447266,35.43178176879883,58.05255126953125,78.14334106445312,385.3896484375,25.56999969482422,20.260766983032227,169.3300018310547,81.11000061035156,1.0379999876022339
2022-05-18,78.75153350830078,89.38082122802734,33.2667121887207,56.61675262451172,74.53728485107422,369.8539123535156,25.06999969482422,19.7666015625,169.4199981689453,79.29000091552734,1.003000020980835
2022-05-19,79.17723846435547,89.4920425415039,34.56576156616211,58.59318923950195,73.937744140625,367.58880615234375,25.850000381469727,19.757776260375977,171.91000366210938,80.58000183105469,1.0
2022-05-20,79.802734375,89.84278106689453,34.1798095703125,59.550392150878906,74.0611801147461,367.749267578125,25.969999313354492,19.625411987304688,172.02999877929688,81.6500015258789,0.9779999852180481
2022-05-23,81.56626892089844,93.26471710205078,36.100120544433594,59.76311111450195,76.32708740234375,374.6298522949219,26.25,19.801898956298828,172.8300018310547,81.97000122070312,0.9929999709129333
2022-05-24,82.00935363769531,93.65823364257812,35.281158447265625,61.17232131958008,77.37628173828125,371.7700500488281,26.100000381469727,19.563642501831055,174.1300048828125,82.0,1.0429999828338623
2022-05-25,83.65994262695312,95.12964630126953,35.61064147949219,61.63319778442383,78.26678466796875,375.0545654296875,25.90999984741211,19.46657371520996,173.0800018310547,82.4800033569336,1.0449999570846558
2022-05-26,83.9552993774414,96.79782104492188,36.2319221496582,60.89756774902344,77.8612060546875,382.5487060546875,25.850000381469727,19.66071128845215,172.75999450683594,84.58999633789062,1.027999997138977
2022-05-27,84.78062438964844,98.03828430175781,37.32386016845703,60.89756774902344,78.40784454345703,391.93988037109375,26.18000030517578,19.784250259399414,172.85000610351562,85.45999908447266,1.024999976158142
2022-05-31,83.3993148803711,96.12201690673828,36.78730773925781,60.13534927368164,80.07421875,389.74072265625,25.969999313354492,19.404804229736328,171.13999938964844,85.47000122070312,1.0299999713897705
2022-06-01,84.99781036376953,99.0220947265625,37.314449310302734,60.1085319519043,76.41525268554688,386.58831787109375,26.229999542236328,19.38715362548828,172.22999572753906,85.54000091552734,1.1030000448226929
2022-06-02,84.85013580322266,98.34627532958984,39.27242660522461,61.46672821044922,78.7164306640625,393.9502868652344,27.6200008392334,19.484220504760742,174.35000610351562,87.25,1.1130000352859497
2022-06-03,86.08374786376953,101.04961395263672,38.90530014038086,60.59998321533203,77.5085220336914,387.4849853515625,27.059999465942383,19.298912048339844,172.5800018310547,89.47000122070312,1.1349999904632568
2022-06-06,85.86653900146484,100.41653442382812,40.27023696899414,60.63573455810547,77.94937133789062,388.6647644042969,26.8799991607666,19.55481719970703,171.82000732421875,88.38999938964844,1.159999966621399
2022-06-07,89.80196380615234,104.9762954711914,40.844451904296875,61.100372314453125,78.92803955078125,392.39300537109375,26.979999542236328,19.510696411132812,172.94000244140625,90.04000091552734,1.225000023841858
2022-06-08,90.86182403564453,104.24909973144531,39.72426986694336,60.01918029785156,78.1257095336914,388.126708984375,26.829999923706055,19.572465896606445,172.77999877929688,91.98999786376953,1.2330000400543213
2022-06-09,88.8984603881836,101.42601013183594,38.14282989501953,57.704925537109375,75.806884765625,378.89599609375,26.389999389648438,19.572465896606445,172.22999572753906,91.08000183105469,1.2380000352859497
2022-06-10,87.27391815185547,99.94605255126953,37.85100555419922,59.73326110839844,74.66070556640625,367.9096984863281,26.040000915527344,19.422452926635742,174.5399932861328,90.12999725341797,1.2879999876022339
2022-06-13,83.26902770996094,95.6087417602539,34.989356994628906,57.767459869384766,72.30662536621094,353.9407958984375,25.40999984741211,19.201841354370117,169.92999267578125,90.36000061035156,1.4980000257492065
2022-06-14,83.4861831665039,95.37774658203125,34.659889221191406,56.373538970947266,72.88853454589844,352.8742980957031,25.059999465942383,19.148895263671875,168.57000732421875,88.44999694824219,1.7430000305175781
2022-06-15,82.43500518798828,93.52991485595703,34.735206604003906,56.00718307495117,72.54468536376953,357.9049987792969,25.25,19.157718658447266,170.77000427246094,86.93000030517578,1.6950000524520874
2022-06-16,79.39442443847656,87.61851501464844,32.82429504394531,57.821075439453125,69.67921447753906,346.0597229003906,24.84000015258789,19.351856231689453,172.69000244140625,87.66000366210938,1.4830000400543213
2022-06-17,74.81614685058594,80.19293212890625,31.83589744567871,56.97221374511719,68.16270446777344,346.80572509765625,24.3700008392334,19.237138748168945,171.27000427246094,83.33999633789062,1.5099999904632568
2022-06-21,79.47259521484375,84.93231201171875,32.0335693359375,58.23210906982422,70.00543975830078,355.5361633300781,24.3700008392334,19.025352478027344,170.6300048828125,84.05000305175781,1.4880000352859497
2022-06-22,76.32774353027344,79.61121368408203,29.482559204101562,57.704925537109375,68.2685317993164,354.8914489746094,23.799999237060547,18.79591941833496,171.30999755859375,80.87999725341797,1.5449999570846558
2022-06-23,74.02559661865234,75.1883544921875,27.835222244262695,56.168033599853516,63.260589599609375,358.3703308105469,22.68000030517578,18.23116111755371,170.25999450683594,78.9800033569336,1.559999942779541
2022-06-24,75.4937744140625,77.77191925048828,29.17191505432129,57.34750747680664,65.70282745361328,369.76434326171875,22.600000381469727,18.292932510375977,170.08999633789062,81.2699966430664,1.5980000495910645
2022-06-27,77.34420013427734,79.51344299316406,29.200153350830078,57.03477096557617,67.04297637939453,368.3518981933594,22.729999542236328,18.07232093811035,169.89999389648438,82.93000030517578,1.6330000162124634
2022-06-28,79.48998260498047,82.09114837646484,28.9742374420166,56.25737762451172,66.9989013671875,360.8254699707031,22.709999084472656,18.15174102783203,169.6199951171875,84.72000122070312,1.7380000352859497
2022-06-29,76.55364227294922,78.84955596923828,28.51298713684082,55.39065170288086,68.10099792480469,360.5315246582031,22.799999237060547,18.266456604003906,169.49000549316406,82.94999694824219,1.7050000429153442
2022-06-30,74.39915466308594,77.42706298828125,27.54340934753418,53.317630767822266,68.41841888427734,357.6025085449219,22.219999313354492,17.98407554626465,168.4600067138672,80.3499984741211,1.600000023841858
2022-07-01,76.05844116210938,78.43575286865234,27.486928939819336,54.65793991088867,67.36920928955078,361.3847351074219,21.81999969482422,17.631103515625,168.32000732421875,81.66999816894531,1.6030000448226929
2022-07-05,73.67809295654297,72.96992492675781,25.66073989868164,53.35336685180664,63.8160400390625,362.0672302246094,20.739999771118164,17.25165367126465,164.75,74.77999877929688,1.6299999952316284
2022-07-06,72.34890747070312,71.84915924072266,25.773704528808594,53.12104797363281,63.67496871948242,363.2900390625,20.780000686645508,17.331073760986328,162.13999938964844,73.66999816894531,1.840000033378601
2022-07-07,74.6597671508789,74.44415283203125,27.505754470825195,53.496334075927734,65.59703826904297,368.7311706542969,21.34000015258789,17.657575607299805,162.22999572753906,76.55000305175781,1.8530000448226929
2022-07-08,74.7813949584961,74.53897094726562,26.35733413696289,53.04063034057617,64.66244506835938,368.4278564453125,21.260000228881836,17.98407554626465,162.3000030517578,78.54000091552734,1.843000054359436
2022-07-11,74.39915466308594,73.75445556640625,25.331281661987305,52.531314849853516,64.03646087646484,364.21905517578125,20.649999618530273,17.869361877441406,161.42999267578125,78.2300033569336,1.9529999494552612
2022-07-12,73.40879821777344,71.94400787353516,24.757064819335938,51.771793365478516,64.23041534423828,360.99609375,19.6299991607666,17.37519645690918,160.8300018310547,72.80999755859375,2.11299991607666
2022-07-13,73.70414733886719,71.65086364746094,24.888851165771484,51.99518966674805,64.08934783935547,359.1002197265625,20.040000915527344,17.436965942382812,161.60000610351562,73.19000244140625,2.322999954223633
2022-07-14,72.22728729248047,70.35768127441406,23.7528076171875,49.1358528137207,63.216487884521484,358.2281799316406,19.510000228881836,17.225181579589844,159.3300018310547,72.8499984741211,2.2730000019073486
2022-07-15,73.44351959228516,71.46118927001953,24.44390296936035,48.90353775024414,63.480987548828125,365.0721435546875,19.510000228881836,17.33989906311035,159.00999450683594,73.73999786376953,2.240000009536743
2022-07-18,74.79877471923828,73.34061431884766,25.958629608154297,48.97502136230469,63.96592712402344,362.05780029296875,20.010000228881836,17.710521697998047,159.16000366210938,76.80999755859375,2.259999990463257
2022-07-19,76.6839370727539,76.28044891357422,26.981067657470703,48.83205032348633,65.09446716308594,371.84027099609375,19.860000610351562,17.604631423950195,159.5399932861328,78.05000305175781,2.450000047683716
2022-07-20,77.52661895751953,78.20299530029297,27.04733657836914,46.74116516113281,65.74691009521484,374.2100830078125,20.09000015258789,17.604631423950195,158.0399932861328,77.63999938964844,2.378000020980835
2022-07-21,76.23219299316406,76.66839599609375,27.36921501159668,46.544586181640625,65.26197814941406,378.020751953125,19.950000762939453,17.2957763671875,160.27000427246094,75.48999786376953,2.359999895095825
2022-07-22,75.65013122558594,75.97870635986328,26.28050422668457,45.91910934448242,65.10327911376953,374.51348876953125,20.059999465942383,17.031044006347656,160.6699981689453,74.52999877929688,2.3550000190734863
2022-07-25,78.16948699951172,79.35823059082031,26.78226089477539,39.843017578125,66.67267608642578,374.9685363769531,20.3799991607666,17.26047706604004,160.22999572753906,76.22000122070312,2.3929998874664307
2022-07-26,77.86541748046875,78.53059387207031,26.441444396972656,41.22800827026367,69.58222198486328,370.5321960449219,20.489999771118164,17.47226333618164,160.0399932861328,75.16000366210938,2.4749999046325684
2022-07-27,79.55081176757812,80.40999603271484,27.72896385192871,40.75443649291992,70.93118286132812,380.1535339355469,21.0,17.595806121826172,161.6699981689453,77.87000274658203,2.382999897003174
2022-07-28,80.48035430908203,81.09104919433594,28.24018096923828,40.93313980102539,69.96134948730469,384.9215393066406,21.020000457763672,17.763469696044922,163.63999938964844,77.12999725341797,2.308000087738037
2022-07-29,84.20724487304688,83.99642944335938,29.868513107299805,40.459564208984375,72.97669982910156,390.5332946777344,21.700000762939453,17.81641387939453,164.10000610351562,78.05000305175781,2.2980000972747803
2022-08-01,82.0788345336914,81.98770141601562,28.382186889648438,40.15575408935547,74.2904052734375,389.3768005371094,21.329999923706055,17.613452911376953,165.02999877929688,75.12999725341797,2.265000104904175
2022-08-02,81.72264099121094,81.65145874023438,27.766836166381836,40.06640625,72.99432373046875,386.8078918457031,21.049999237060547,17.366371154785156,164.0500030517578,75.93000030517578,2.4630000591278076
2022-08-03,79.07296752929688,78.72888946533203,27.160938262939453,39.67325210571289,72.51823425292969,392.8651428222656,21.030000686645508,17.436965942382812,164.4499969482422,73.52999877929688,2.427999973297119
2022-08-04,75.74568176269531,77.4874267578125,27.227210998535156,40.459564208984375,72.3154296875,392.5997009277344,21.100000381469727,17.701696395874023,167.1699981689453,71.52999877929688,2.378000020980835
2022-08-05,76.84032440185547,80.04792022705078,28.6567325592041,40.00386428833008,72.96788787841797,391.93621826171875,21.56999969482422,17.622278213500977,165.2899932861328,71.54000091552734,2.4100000858306885
2022-08-08,77.2746810913086,80.72037506103516,28.98807716369629,40.012786865234375,72.7298355102539,391.48114013671875,21.739999771118164,17.71934700012207,166.69000244140625,73.54000091552734,2.4600000381469727
2022-08-09,78.69940948486328,82.3411636352539,28.44845962524414,40.47743225097656,73.0560531616211,389.9266357421875,21.700000762939453,17.789941787719727,167.1999969482422,73.44999694824219,2.569999933242798
2022-08-10,79.446533203125,82.74636840820312,29.72650909423828,40.87059783935547,73.70848846435547,398.1165771484375,22.0,18.028200149536133,166.77999877929688,74.31999969482422,2.5350000858306885
2022-08-11,81.7447738647461,86.52243041992188,29.982120513916016,40.47743225097656,74.1845932006836,398.1165771484375,22.280000686645508,18.195863723754883,166.33999633789062,76.27999877929688,2.490000009536743
2022-08-12,82.45529174804688,88.58293151855469,29.934783935546875,41.594364166259766,76.35354614257812,404.8563232421875,22.200000762939453,18.23116111755371,167.8699951171875,74.9800033569336,2.5
2022-08-15,80.98162078857422,87.2666015625,28.87447738647461,41.04929733276367,75.93914031982422,406.5246276855469,21.8700008392334,18.10761833190918,165.7100067138672,72.87999725341797,2.513000011444092
2022-08-16,80.22722625732422,86.6863784790039,29.717044830322266,41.14759063720703,76.69207763671875,407.32098388671875,21.860000610351562,17.834062576293945,165.4199981689453,71.23999786376953,2.5980000495910645
2022-08-17,80.8763656616211,87.77751922607422,28.637798309326172,40.120018005371094,76.48832702636719,404.4297790527344,21.65999984741211,17.834062576293945,164.35000610351562,72.05000305175781,2.568000078201294
2022-08-18,82.78861236572266,90.82584381103516,29.565568923950195,39.89662551879883,77.61328887939453,405.6052551269531,22.030000686645508,17.569334030151367,163.9199981689453,74.20999908447266,2.565000057220459
2022-08-19,82.52545166015625,91.05101776123047,28.8271427154541,38.895870208740234,77.26782989501953,400.1546630859375,22.100000381469727,17.736995697021484,162.72000122070312,74.05999755859375,2.5799999237060547
2022-08-22,82.46406555175781,91.13760375976562,28.26858901977539,39.15499496459961,76.65663146972656,391.82244873046875,22.040000915527344,17.878185272216797,161.63999938964844,74.68000030517578,2.6480000019073486
2022-08-23,85.9640121459961,93.91743469238281,30.09572410583496,39.80727767944336,77.99419403076172,390.87451171875,22.25,18.134092330932617,162.77000427246094,76.83000183105469,2.703000068664551
2022-08-24,86.4727783203125,95.71007537841797,29.650772094726562,40.030662536621094,78.51679992675781,392.1258239746094,21.959999084472656,18.204687118530273,163.25,78.04000091552734,2.7130000591278076
2022-08-25,86.9201431274414,97.06104278564453,31.4589786529541,40.33447265625,80.52757263183594,397.6615905761719,22.31999969482422,18.0899715423584,163.75,76.5,2.7300000190734863
2022-08-26,85.8499984741211,97.09565734863281,30.474403381347656,38.61886978149414,79.33174133300781,384.201171875,22.190000534057617,18.31940460205078,161.75999450683594,75.8499984741211,2.755000114440918
2022-08-29,87.82363891601562,98.22148895263672,29.821178436279297,38.25251770019531,80.3946762084961,381.6607666015625,21.670000076293945,18.34587860107422,161.86000061035156,78.69000244140625,2.7980000972747803
2022-08-30,84.4815673828125,95.69275665283203,28.17391586303711,37.70745849609375,77.5689926147461,377.47100830078125,21.3700008392334,18.266456604003906,160.50999450683594,75.47000122070312,2.872999906539917
2022-08-31,83.84999084472656,94.78343963623047,28.022441864013672,36.956878662109375,77.85245513916016,374.5987243652344,21.1299991607666,18.204687118530273,159.27000427246094,73.11000061035156,2.859999895095825
2022-09-01,82.34125518798828,93.12074279785156,26.59292221069336,36.55479049682617,77.5778579711914,375.7742004394531,20.5,17.92230796813965,157.8699951171875,70.94999694824219,2.86299991607666
2022-09-02,83.84999084472656,95.48492431640625,26.79172134399414,37.23387908935547,77.60443115234375,371.8119201660156,20.450000762939453,17.98407554626465,159.25999450683594,71.43000030517578,2.819999933242798
2022-09-06,83.28858947753906,94.07333374023438,26.621313095092773,37.26962661743164,75.91256713867188,370.4089660644531,20.84000015258789,18.028200149536133,158.3300018310547,71.41999816894531,2.8450000286102295
2022-09-07,82.57808685302734,92.45392608642578,26.867462158203125,38.347145080566406,77.26782989501953,377.0633544921875,20.709999084472656,17.913482666015625,159.94000244140625,67.62000274658203,2.933000087738037
2022-09-08,83.25353240966797,93.80489349365234,28.98807716369629,38.383358001708984,79.9783706665039,379.5279235839844,21.329999923706055,17.904659271240234,158.97999572753906,68.08999633789062,2.950000047683716
2022-09-09,84.64823913574219,96.96578979492188,30.45547103881836,39.08963394165039,81.02361297607422,385.4239501953125,21.3700008392334,18.239986419677734,159.82000732421875,71.0999984741211,2.9679999351501465
2022-09-12,85.62191009521484,99.0615005493164,30.45547103881836,39.7959098815918,78.13591766357422,389.5663757324219,21.75,18.363527297973633,160.6300048828125,72.37000274658203,2.994999885559082
2022-09-13,83.6219482421875,97.27753448486328,29.395160675048828,38.96287536621094,76.48832702636719,372.6271057128906,21.209999084472656,18.248809814453125,158.5399932861328,72.01000213623047,3.1530001163482666
2022-09-14,85.67455291748047,101.93660736083984,28.42952537536621,38.8723258972168,76.3288803100586,374.0489196777344,21.1200008392334,18.134092330932617,157.92999267578125,72.7300033569336,3.128000020980835
2022-09-15,83.18334197998047,100.07469940185547,28.19285011291504,38.39242172241211,75.5228271484375,369.8022155761719,20.8799991607666,18.125268936157227,154.97999572753906,69.76000213623047,3.0950000286102295
2022-09-16,81.7623062133789,97.97032928466797,27.766836166381836,39.5786018371582,75.08877563476562,366.9810485839844,21.309999465942383,18.10761833190918,155.83999633789062,69.9000015258789,3.069999933242798
2022-09-19,81.75353240966797,97.74518585205078,28.865009307861328,40.085670471191406,77.35641479492188,369.8269958496094,21.219999313354492,18.10761833190918,155.9600067138672,70.05000305175781,3.0350000858306885
2022-09-20,81.08687591552734,97.05238342285156,28.136043548583984,38.754608154296875,76.84264373779297,365.5819091796875,21.040000915527344,18.34587860107422,155.07000732421875,69.22000122070312,3.243000030517578
2022-09-21,79.77987670898438,96.2037124633789,26.602386474609375,38.39242172241211,76.17830657958984,359.20477294921875,20.690000534057617,18.222335815429688,155.7899932861328,68.68000030517578,3.190000057220459
2022-09-22,79.446533203125,95.31173706054688,26.83906364440918,38.482967376708984,76.24031066894531,356.18756103515625,20.81999969482422,18.23116111755371,155.6999969482422,68.97000122070312,3.130000114440918
2022-09-23,75.21852111816406,87.11071014404297,25.258068084716797,37.35111618041992,72.3250961303711,350.21966552734375,20.1200008392334,17.878185272216797,153.00999450683594,65.31999969482422,3.1080000400543213
2022-09-26,73.66590881347656,85.90697479248047,25.087661743164062,36.75349807739258,72.20110321044922,346.75506591796875,19.81999969482422,17.58698272705078,151.22999572753906,63.20000076293945,3.1649999618530273
2022-09-27,75.20974731445312,85.52594757080078,25.43794059753418,36.46373748779297,71.58990478515625,345.869873046875,19.790000915527344,17.622278213500977,151.5399932861328,64.41999816894531,3.25
2022-09-28,77.9465560913086,90.48039245605469,26.375179290771484,38.2022705078125,73.44122314453125,352.67535400390625,20.3700008392334,17.772293090820312,154.69000244140625,67.12999725341797,3.2300000190734863
2022-09-29,77.78866577148438,91.06018829345703,26.668655395507812,37.81291198730469,71.40388488769531,345.308349609375,20.670000076293945,17.781118392944336,154.66000366210938,66.7699966430664,3.2179999351501465
2022-09-30,76.5869140625,89.90061950683594,25.873422622680664,38.05738830566406,71.26213073730469,339.9686279296875,20.450000762939453,17.666399002075195,154.6699981689453,65.27999877929688,3.180000066757202
2022-10-03,80.6307373046875,96.60321044921875,27.776302337646484,39.5786018371582,73.54750061035156,348.9442443847656,20.540000915527344,17.701696395874023,158.42999267578125,67.88999938964844,3.1500000953674316
2022-10-04,83.56930541992188,101.56644439697266,29.139554977416992,40.32109451293945,75.91256713867188,359.7568359375,21.079999923706055,17.7546443939209,160.6999969482422,70.27999877929688,3.315000057220459
2022-10-05,86.94647216796875,101.83878326416016,28.883939743041992,39.750640869140625,76.41747283935547,358.919189453125,21.3799991607666,17.86053466796875,159.80999755859375,71.94000244140625,3.2929999828338623
2022-10-06,89.525390625,103.34971618652344,28.230716705322266,40.64706802368164,75.95685577392578,355.2167053222656,20.690000534057617,17.781118392944336,159.6300048828125,72.98999786376953,3.2880001068115234
2022-10-07,88.62187194824219,104.10517883300781,27.407085418701172,38.57352066040039,75.6822738647461,345.308349609375,20.34000015258789,17.80759048461914,157.8800048828125,75.0999984741211,3.2929999828338623
2022-10-10,86.70084381103516,102.60302734375,27.700563430786133,38.28376388549805,76.71864318847656,342.6717834472656,20.739999771118164,18.01937484741211,155.47999572753906,73.77999877929688,3.2850000858306885
2022-10-11,85.9640121459961,101.53131103515625,27.624826431274414,37.86724090576172,76.44406127929688,340.5016784667969,20.579999923706055,17.948780059814453,155.16000366210938,71.75,3.3399999141693115
2022-10-12,86.34121704101562,102.1637954711914,27.302946090698242,37.948734283447266,76.20488739013672,339.37847900390625,20.6299991607666,17.80759048461914,155.99000549316406,70.93000030517578,3.5329999923706055
2022-10-13,89.35871124267578,107.8210220336914,27.9405574798584,37.68614196777344,78.6939697265625,348.3350830078125,20.8799991607666,17.80759048461914,154.91000366210938,72.5199966430664,3.5829999446868896
2022-10-14,87.00786590576172,103.62203216552734,26.303712844848633,36.88931655883789,73.85752868652344,340.3969421386719,20.540000915527344,17.701696395874023,152.97999572753906,70.16999816894531,3.628000020980835
2022-10-17,88.26224517822266,103.97339630126953,27.426658630371094,37.40544128417969,75.96572875976562,349.1441955566406,20.469999313354492,17.701696395874023,153.4199981689453,70.12999725341797,3.687999963760376
2022-10-18,88.42012786865234,103.56053924560547,27.112613677978516,37.75859069824219,77.74616241455078,353.2463684082031,20.219999313354492,17.67522621154785,153.75,68.69999694824219,3.8329999446868896
2022-10-19,91.04291534423828,106.38916015625,26.988901138305664,36.554290771484375,78.25993347167969,350.7431640625,19.989999771118164,17.639928817749023,151.69000244140625,70.04000091552734,3.8929998874664307
2022-10-20,91.16571807861328,107.00405883789062,27.712160110473633,37.25151062011719,78.24222564697266,347.8020935058594,20.489999771118164,17.648752212524414,151.4499969482422,70.18000030517578,3.890000104904175
2022-10-21,92.85869598388672,109.3582992553711,30.481470108032227,38.36524963378906,79.4468994140625,356.2541809082031,20.979999542236328,17.69287109375,154.14999389648438,70.56999969482422,3.884999990463257
2022-10-24,93.50780487060547,109.9292984008789,29.548847198486328,38.1026611328125,79.08370971679688,360.6134948730469,20.709999084472656,17.631103515625,153.64999389648438,70.37999725341797,3.9130001068115234
2022-10-25,92.876220703125,108.87516021728516,30.138870239257812,38.68217086791992,80.7313003540039,366.3719482421875,20.530000686645508,17.578155517578125,154.0,70.61000061035156,3.9649999141693115
2022-10-26,93.98148345947266,111.18547821044922,31.72814178466797,39.6329345703125,82.9014663696289,363.6116943359375,21.399999618530273,17.5075626373291,154.97999572753906,72.97000122070312,3.930000066757202
2022-10-27,94.34113311767578,111.24696350097656,31.15715217590332,38.99003219604492,83.37980651855469,361.6699523925781,21.229999542236328,17.401668548583984,154.74000549316406,73.62000274658203,3.930000066757202
2022-10-28,97.104248046875,111.71257019042969,30.643247604370117,38.80893325805664,84.0441665649414,370.2743225097656,20.739999771118164,17.313426971435547,153.16000366210938,72.81999969482422,3.9700000286102295
2022-10-31,97.20074462890625,110.76383209228516,30.15790557861328,38.319984436035156,85.90433502197266,367.59979248046875,20.350000381469727,17.498737335205078,151.91000366210938,71.52999877929688,3.9749999046325684
2022-11-01,98.16564178466797,112.24842071533203,31.309412002563477,37.76763916015625,86.39151763916016,365.9911804199219,20.950000762939453,17.69287109375,153.4600067138672,73.12000274658203,4.050000190734863
2022-11-02,96.14812469482422,111.1327896118164,29.510786056518555,35.7936897277832,84.85909271240234,356.8062438964844,20.729999542236328,17.595806121826172,152.38999938964844,74.08000183105469,4.025000095367432
2022-11-03,97.45513916015625,117.55426788330078,30.034191131591797,34.21815490722656,85.2842788696289,353.1322326660156,20.649999618530273,17.5075626373291,151.80999755859375,73.29000091552734,4.025000095367432
2022-11-04,98.51651763916016,116.23657989501953,33.48868942260742,37.11569595336914,84.3187484741211,358.2148742675781,22.389999389648438,17.728172302246094,156.47000122070312,76.81999969482422,4.013000011444092
2022-11-07,99.68316650390625,118.53811645507812,32.78447723388672,37.41449737548828,84.68193817138672,361.64141845703125,21.690000534057617,17.789941787719727,155.85000610351562,76.55999755859375,3.9830000400543213
2022-11-08,99.99897003173828,118.09886932373047,33.745643615722656,39.614810943603516,85.3817138671875,363.59271240234375,22.139999389648438,17.701696395874023,159.4499969482422,74.47000122070312,4.090000152587891
2022-11-09,95.52532958984375,110.03470611572266,32.38478469848633,39.234519958496094,82.43202209472656,356.1018981933594,22.139999389648438,17.622278213500977,158.64999389648438,71.66999816894531,4.0929999351501465
2022-11-10,96.92881774902344,113.72420501708984,34.97327423095703,42.023406982421875,83.5126953125,375.67108154296875,22.84000015258789,17.67522621154785,163.47999572753906,72.23999786376953,4.054999828338623
2022-11-11,99.95508575439453,117.67723083496094,36.20090866088867,42.132057189941406,82.44087982177734,379.3070983886719,23.729999542236328,17.71934700012207,164.55999755859375,74.37999725341797,4.063000202178955
2022-11-14,100.24690246582031,117.30687713623047,36.05815887451172,41.91474533081055,83.5126953125,376.0804748535156,23.15999984741211,17.710521697998047,164.9199981689453,71.91000366210938,4.067999839782715
2022-11-15,100.91891479492188,118.24158477783203,36.248497009277344,41.3714485168457,84.09090423583984,379.2879943847656,23.040000915527344,17.763469696044922,165.5,73.25,4.130000114440918
2022-11-16,99.84013366699219,113.96483612060547,35.572818756103516,41.19035720825195,84.67801666259766,376.39453125,22.690000534057617,17.701696395874023,165.1199951171875,72.04000091552734,4.125
2022-11-17,99.97277069091797,115.68436431884766,34.60212707519531,40.44785690307617,84.15316772460938,375.24285888671875,22.190000534057617,17.542856216430664,163.9199981689453,70.13999938964844,4.11299991607666
2022-11-18,99.10623168945312,113.39163970947266,34.58309555053711,40.864376068115234,84.64244079589844,376.94659423828125,21.959999084472656,17.55168342590332,162.7899932861328,69.02999877929688,4.135000228881836
2022-11-21,98.12471771240234,110.65805053710938,34.383243560791016,40.74666976928711,85.49642181396484,375.575927734375,21.600000381469727,17.58698272705078,161.8800048828125,69.02999877929688,4.0980000495910645
2022-11-22,100.963134765625,114.61734771728516,36.029605865478516,41.769866943359375,86.88414001464844,380.6300964355469,21.8700008392334,17.613452911376953,162.07000732421875,69.9800033569336,4.197999954223633
2022-11-23,100.45911407470703,111.76030731201172,36.20090866088867,41.87852096557617,86.0924301147461,383.0286865234375,21.959999084472656,17.542856216430664,163.0800018310547,67.41000366210938,4.199999809265137
2022-11-25,100.10542297363281,111.82202911376953,35.35393524169922,41.516334533691406,86.64396667480469,382.94293212890625,21.809999465942383,17.534034729003906,163.22000122070312,66.95999908447266,4.175000190734863
2022-11-28,97.09899139404297,109.20306396484375,34.44034957885742,40.13093948364258,85.6209487915039,376.8323974609375,21.690000534057617,17.436965942382812,161.92999267578125,66.87999725341797,4.183000087738037
2022-11-29,97.74447631835938,109.56460571289062,35.696529388427734,41.434837341308594,85.79888153076172,376.1851501464844,22.010000228881836,17.489913940429688,162.72999572753906,68.33999633789062,4.252999782562256
2022-11-30,98.4518814086914,108.91207122802734,37.875823974609375,42.983211517333984,86.7329330444336,388.03515625,22.81999969482422,17.69287109375,164.80999755859375,70.2300033569336,4.252999782562256
2022-12-01,97.97438049316406,108.51526641845703,37.65693664550781,43.9792366027832,81.2353744506836,387.7496032714844,22.899999618530273,17.578155517578125,167.83999633789062,70.44999694824219,4.192999839782715
2022-12-02,97.14320373535156,107.73926544189453,38.2755126953125,44.069786071777344,81.58231353759766,387.30230712890625,23.299999237060547,17.525211334228516,167.25999450683594,69.83999633789062,4.208000183105469
2022-12-05,94.48162078857422,105.26139068603516,36.981258392333984,42.983211517333984,80.74610900878906,380.3349914550781,22.8700008392334,17.44579315185547,164.38999938964844,67.72000122070312,4.1579999923706055
2022-12-06,91.85541534423828,101.94578552246094,36.60060501098633,42.66628646850586,80.81729125976562,374.8525695800781,23.059999465942383,17.322250366210938,164.83999633789062,65.2300033569336,4.21999979019165
2022-12-07,91.65203857421875,101.30207061767578,36.68625259399414,43.234317779541016,82.88108825683594,374.2148742675781,23.260000228881836,17.33989906311035,166.3300018310547,63.650001525878906,4.183000087738037
2022-12-08,92.33291625976562,99.29154968261719,37.932918548583984,43.17018127441406,82.19612884521484,377.1464538574219,23.43000030517578,17.348722457885742,166.47000122070312,62.709999084472656,4.150000095367432
2022-12-09,91.55477142333984,97.01647186279297,36.72431945800781,42.51054382324219,81.7335433959961,374.3291015625,23.229999542236328,17.26047706604004,167.05999755859375,62.849998474121094,4.172999858856201
2022-12-12,93.80958557128906,98.56847381591797,37.00030517578125,42.51054382324219,83.02342224121094,379.7258605957031,23.030000686645508,17.410491943359375,165.67999267578125,64.41000366210938,4.168000221252441
2022-12-13,94.83533477783203,100.00582122802734,37.36192321777344,43.19768142700195,82.9344711303711,382.60040283203125,23.239999771118164,17.516386032104492,168.50999450683594,65.86000061035156,4.248000144958496
2022-12-14,94.13676452636719,99.52964782714844,37.523712158203125,43.1610221862793,82.55196380615234,380.15411376953125,23.299999237060547,17.498737335205078,168.10000610351562,67.36000061035156,4.21999979019165
2022-12-15,93.23483276367188,99.24746704101562,36.30559539794922,41.75011444091797,82.21391296386719,370.8549499511719,22.790000915527344,17.489913940429688,165.35000610351562,66.1500015258789,4.2129998207092285
2022-12-16,92.58048248291016,97.38683319091797,36.50543975830078,42.272335052490234,82.11605834960938,366.4765625,22.780000686645508,17.436965942382812,166.7899932861328,64.9000015258789,4.163000106811523
2022-12-19,92.99608612060547,97.38683319091797,35.55378723144531,41.7775993347168,82.41851806640625,363.3690185546875,22.729999542236328,17.44228744506836,166.32000732421875,66.06999969482422,4.163000106811523
2022-12-20,94.34014892578125,99.33563232421875,35.972511291503906,43.62828063964844,82.67649841308594,363.8662414550781,23.020000457763672,17.575300216674805,169.0800018310547,66.22000122070312,4.230000019073486
2022-12-21,95.55154418945312,102.53661346435547,36.591094970703125,43.353424072265625,83.8595962524414,369.3069152832031,23.06999969482422,17.770383834838867,168.8000030517578,68.05999755859375,4.204999923706055
2022-12-22,93.62390899658203,99.55607604980469,35.84879684448242,43.518333435058594,83.16575622558594,364.03839111328125,22.729999542236328,17.814722061157227,166.75999450683594,67.69999694824219,4.208000183105469
2022-12-23,96.09977722167969,103.85954284667969,36.25800323486328,43.8389892578125,84.17097473144531,366.13232421875,23.059999465942383,17.912261962890625,167.25999450683594,69.31999969482422,4.192999839782715
2022-12-27,97.43500518798828,105.1195297241211,37.00030517578125,44.66355514526367,85.31851196289062,364.6885681152344,23.020000457763672,17.832456588745117,168.6699981689453,69.52999877929688,4.195000171661377
2022-12-28,95.83451080322266,102.31562805175781,36.048641204833984,43.39923095703125,83.28140258789062,360.15618896484375,23.15999984741211,17.956600189208984,167.91000366210938,68.58000183105469,4.3379998207092285
2022-12-29,96.5595932006836,103.27392578125,36.457855224609375,43.39006423950195,82.83660888671875,366.63916015625,23.15999984741211,17.8679256439209,168.85000610351562,68.52999877929688,4.295000076293945
2022-12-30,97.53226470947266,104.70247650146484,36.162841796875,43.24348068237305,82.59642791748047,365.6734313964844,23.09000015258789,17.8679256439209,169.63999938964844,70.11000061035156,4.260000228881836
2023-01-03,94.18097686767578,100.37242889404297,36.086708068847656,45.42397689819336,79.74980163574219,364.13397216796875,22.790000915527344,17.672842025756836,171.05999755859375,67.63999938964844,4.255000114440918
2023-01-04,94.45508575439453,100.567626953125,37.114501953125,47.192203521728516,76.84980773925781,366.9451904296875,22.65999984741211,17.46002197265625,172.6699981689453,64.30000305175781,4.400000095367432
2023-01-05,96.56842803955078,103.61109161376953,37.91389465332031,46.91733932495117,74.9283447265625,362.7571105957031,23.18000030517578,17.41568374633789,170.52000427246094,64.77999877929688,4.498000144958496
2023-01-06,97.73564147949219,104.90657043457031,40.235923767089844,48.273284912109375,76.45841217041016,371.0758972167969,23.790000915527344,17.344743728637695,173.7100067138672,64.83000183105469,4.493000030517578
2023-01-09,95.91409301757812,104.13459014892578,40.75933074951172,47.84267807006836,75.94245147705078,370.8655090332031,24.290000915527344,17.406818389892578,174.10000610351562,65.87999725341797,4.482999801635742
2023-01-10,97.34657287597656,104.77346801757812,42.54843521118164,48.69472885131836,76.70748138427734,373.46636962890625,24.690000534057617,17.220600128173828,174.74000549316406,65.9000015258789,4.565000057220459
2023-01-11,98.47840881347656,104.91543579101562,43.12894821166992,48.06256103515625,77.10779571533203,378.1898193359375,25.34000015258789,17.1762638092041,174.6199951171875,68.05000305175781,4.554999828338623
2023-01-12,100.11426544189453,106.61906433105469,43.06210708618164,48.923770904541016,77.7393798828125,379.5668029785156,25.25,17.291542053222656,176.63999938964844,68.61000061035156,4.474999904632568
2023-01-13,100.0523681640625,107.78144073486328,43.01436996459961,49.79413986206055,78.6378402709961,381.0392761230469,25.549999237060547,17.318143844604492,178.75999450683594,70.05000305175781,4.48799991607666
2023-01-17,99.85781860351562,106.69005584716797,42.1550407409668,48.07172775268555,78.3620834350586,380.3412780761719,25.670000076293945,17.38021469116211,177.58999633789062,70.86000061035156,4.493000030517578
2023-01-18,97.80638885498047,105.19051361083984,41.9354248046875,47.210514068603516,75.61331939697266,374.33648681640625,25.56999969482422,17.264938354492188,177.0800018310547,69.51000213623047,4.53000020980835
2023-01-19,98.43418884277344,106.15765380859375,42.14548873901367,48.07172775268555,75.88907623291016,371.611328125,25.770000457763672,17.167396545410156,179.88999938964844,70.58999633789062,4.525000095367432
2023-01-20,100.2292251586914,108.07425689697266,43.35810470581055,48.86880111694336,75.39092254638672,378.53411865234375,25.93000030517578,17.211732864379883,179.2899932861328,71.55000305175781,4.538000106811523
2023-01-23,99.70751190185547,106.59246826171875,42.91889190673828,49.13450241088867,75.03508758544922,383.07598876953125,25.790000915527344,17.185129165649414,179.6300048828125,71.5,4.534999847412109
2023-01-24,100.6359634399414,105.42118835449219,42.57515335083008,48.91460418701172,76.29829406738281,382.6648864746094,25.84000015258789,17.30040740966797,180.27999877929688,70.22000122070312,4.572999954223633
2023-01-25,100.10542297363281,106.80540466308594,44.532527923583984,50.472103118896484,76.12036895751953,382.8082580566406,25.8799991607666,17.344743728637695,181.11000061035156,70.51000213623047,4.545000076293945
2023-01-26,104.12873840332031,110.60311889648438,43.39630126953125,49.59258270263672,75.52435302734375,387.0154113769531,25.959999084472656,17.58416748046875,179.47000122070312,70.93000030517578,4.543000221252441
2023-01-27,102.22761535644531,109.68029022216797,42.79476547241211,48.85047149658203,74.39461517333984,387.9046630859375,25.6200008392334,17.61963653564453,179.22000122070312,69.5,4.547999858856201
2023-01-30,100.41490173339844,106.94738006591797,41.992713928222656,48.319095611572266,73.16700744628906,383.0377197265625,25.3700008392334,17.717178344726562,178.75999450683594,68.0999984741211,4.534999847412109
2023-01-31,102.581298828125,108.13636016845703,42.603797912597656,48.4931640625,73.70073699951172,388.669677734375,25.639999389648438,17.938865661621094,179.41000366210938,69.31999969482422,4.570000171661377
2023-02-01,101.45832061767578,104.43629455566406,42.785213470458984,49.647552490234375,74.16331481933594,392.8003234863281,25.440000534057617,17.814722061157227,181.6699981689453,67.36000061035156,4.519999980926514
2023-02-02,98.28388214111328,98.75752258300781,41.73491668701172,48.03507614135742,73.22038269042969,398.5182800292969,24.81999969482422,17.885662078857422,177.89999389648438,66.56999969482422,4.510000228881836
2023-02-03,98.96473693847656,95.92699432373047,41.20977020263672,45.67134475708008,73.1937026977539,394.28240966796875,24.559999465942383,17.788116455078125,173.4600067138672,64.4000015258789,4.5229997634887695
2023-02-06,98.79673767089844,95.37687683105469,41.0092658996582,43.609954833984375,73.44277954101562,391.8728332519531,24.530000686645508,17.7437801361084,173.82000732421875,65.5,4.5329999923706055
2023-02-07,101.61748504638672,99.39636993408203,41.715816497802734,44.636070251464844,73.53172302246094,396.99798583984375,24.739999771118164,17.788116455078125,173.97999572753906,67.76000213623047,4.570000171661377
2023-02-08,100.73323822021484,98.30498504638672,41.07609939575195,44.297080993652344,72.98612976074219,392.6568908691406,24.56999969482422,17.841323852539062,174.41000366210938,68.68000030517578,4.585000038146973
2023-02-09,101.11344909667969,97.54187774658203,40.99971389770508,43.59162902832031,72.09169006347656,389.2529296875,24.75,17.72604751586914,173.02999877929688,67.91999816894531,4.61299991607666
2023-02-10,105.37553405761719,102.09378814697266,40.44593048095703,43.95810317993164,73.42438507080078,390.16131591796875,24.420000076293945,17.894527435302734,173.36000061035156,69.87000274658203,4.635000228881836
2023-02-13,104.96563720703125,100.09737396240234,40.207218170166016,44.25127029418945,73.25445556640625,394.74139404296875,24.719999313354492,18.00093650817871,172.47999572753906,69.5,4.644999980926514
2023-02-14,103.73599243164062,101.20255279541016,41.03790283203125,43.06940841674805,73.14710998535156,394.5597229003906,24.899999618530273,18.1428165435791,172.61000061035156,69.4000015258789,4.659999847412109
2023-02-15,103.42412567138672,99.50914764404297,40.39817810058594,42.418922424316406,73.11133575439453,395.841064453125,24.520000457763672,17.9920711517334,170.88999938964844,69.0199966430664,4.64300012588501
2023-02-16,103.12117004394531,96.57689666748047,40.82785415649414,42.00664138793945,72.82511901855469,390.3907470703125,25.010000228881836,18.071874618530273,170.75,68.44999694824219,4.664999961853027
2023-02-17,99.156005859375,92.79796600341797,39.853939056396484,41.61268997192383,72.9771728515625,389.4154968261719,25.059999465942383,18.160551071166992,171.25999450683594,67.0199966430664,4.679999828338623
2023-02-21,99.05797576904297,93.85855102539062,40.73237228393555,41.38364791870117,72.80724334716797,381.603515625,25.549999237060547,18.337900161743164,170.6199951171875,66.69000244140625,4.688000202178955
2023-02-22,97.77487182617188,92.7623062133789,39.90167236328125,40.522438049316406,72.99507141113281,381.0775451660156,25.31999969482422,18.249225616455078,169.66000366210938,64.91999816894531,4.695000171661377
2023-02-23,98.6748275756836,93.96550750732422,38.75590133666992,40.549922943115234,73.38861846923828,383.1046447753906,24.649999618530273,18.231489181518555,169.57000732421875,66.37999725341797,4.690000057220459
2023-02-24,98.6837387084961,93.80509185791016,38.0875244140625,39.89027786254883,72.84300994873047,379.0121765136719,24.059999465942383,17.96546745300293,168.35000610351562,67.0999984741211,4.703000068664551
2023-02-27,98.50553131103516,94.3487548828125,38.29758834838867,39.70704650878906,72.6194076538086,380.3030090332031,24.440000534057617,17.947731018066406,169.00999450683594,66.25,4.664999961853027
2023-02-28,97.93526458740234,92.11167907714844,39.11872482299805,39.95441436767578,71.19723510742188,378.8974914550781,24.84000015258789,17.90339469909668,169.77999877929688,67.20999908447266,4.710000038146973
2023-03-01,98.8084945678711,94.69632720947266,41.0569953918457,40.40333938598633,70.87523651123047,377.44403076171875,25.389999389648438,18.018672943115234,170.75999450683594,68.06999969482422,4.724999904632568
2023-03-02,99.262939453125,96.5501708984375,40.885135650634766,40.25674819946289,72.06484985351562,380.37945556640625,24.809999465942383,17.912261962890625,170.66000366210938,68.30000305175781,4.7230000495910645
2023-03-03,100.51929473876953,96.82644653320312,41.75401306152344,40.95304870605469,72.50313568115234,386.47998046875,24.850000381469727,18.018672943115234,172.49000549316406,69.86000061035156,4.7179999351501465
2023-03-06,101.41035461425781,97.64641571044922,40.79920959472656,40.51327896118164,72.80724334716797,386.7477111816406,24.8700008392334,17.956600189208984,171.6199951171875,70.48999786376953,4.728000164031982
2023-03-07,99.45005798339844,95.94410705566406,38.32624053955078,38.937461853027344,71.31352233886719,380.8193664550781,24.229999542236328,17.929996490478516,168.6199951171875,67.8499984741211,4.84499979019165
2023-03-08,97.99764251708984,95.56977081298828,38.70815658569336,38.992950439453125,71.47454071044922,381.4409484863281,24.540000915527344,17.796985626220703,168.5399932861328,67.0999984741211,4.882999897003174
2023-03-09,97.24024963378906,94.30418395996094,37.400062561035156,38.60449981689453,69.75719451904297,374.4033508300781,24.479999542236328,17.69057846069336,170.1999969482422,66.23999786376953,4.8480000495910645
2023-03-10,96.0373306274414,92.8870849609375,36.168357849121094,38.992950439453125,68.56761169433594,369.0009460449219,24.399999618530273,17.761516571044922,173.8699951171875,67.13999938964844,4.802999973297119
2023-03-13,94.93241882324219,89.73204040527344,35.910552978515625,41.730594635009766,69.06848907470703,368.47503662109375,24.700000762939453,17.672842025756836,177.86000061035156,65.25,4.6579999923706055
2023-03-14,95.28884887695312,90.33808898925781,36.321128845214844,41.49937438964844,70.61585235595703,374.5659484863281,24.489999771118164,17.672842025756836,176.8300018310547,62.93000030517578,4.679999828338623
2023-03-15,90.54845428466797,84.88356018066406,33.90544509887695,42.64622116088867,68.7017593383789,372.22320556640625,23.700000762939453,17.47775650024414,178.2100067138672,60.02000045776367,4.558000087738037
2023-03-16,90.02274322509766,85.91744232177734,34.468788146972656,42.34101867675781,68.39765930175781,378.7539978027344,23.59000015258789,17.60190200805664,178.57000732421875,60.04999923706055,4.53000020980835
2023-03-17,88.9623794555664,84.12600708007812,34.59291076660156,44.551483154296875,66.42095184326172,374.32537841796875,23.75,17.58416748046875,183.77000427246094,58.65999984741211,4.293000221252441
2023-03-20,91.28801727294922,85.70354461669922,35.757781982421875,44.2277717590332,68.80909729003906,377.9247131347656,24.170000076293945,17.575300216674805,183.83999633789062,59.790000915527344,4.465000152587891
2023-03-21,95.37794494628906,88.86749267578125,36.53118133544922,43.09941482543945,69.4888687133789,382.8870544433594,24.469999313354492,17.593034744262695,180.3699951171875,61.22999954223633,4.605000019073486
2023-03-22,93.19487762451172,87.67322540283203,36.130165100097656,43.13641357421875,68.8448715209961,376.3602294921875,24.65999984741211,17.530963897705078,183.44000244140625,61.61000061035156,4.563000202178955
2023-03-23,92.1434326171875,85.93525695800781,36.082427978515625,44.20002365112305,67.19910430908203,377.3776550292969,24.959999084472656,17.433420181274414,185.74000549316406,60.9900016784668,4.502999782562256
2023-03-24,92.2503662109375,85.05290222167969,36.29248809814453,44.902931213378906,68.52287292480469,379.8540344238281,24.84000015258789,17.69944190979004,183.64999389648438,60.959999084472656,4.502999782562256
2023-03-27,94.2730484008789,86.87999725341797,36.26383972167969,44.588478088378906,69.54251861572266,380.564208984375,24.979999542236328,17.8679256439209,181.9499969482422,64.1500015258789,4.583000183105469
2023-03-28,95.44922637939453,87.82160186767578,36.63621139526367,45.00466537475586,70.25808715820312,379.71002197265625,24.8700008392334,17.947731018066406,183.44000244140625,64.55000305175781,4.627999782562256
2023-03-29,97.0887451171875,89.45375061035156,37.65786361694336,44.70871353149414,70.65164184570312,385.22906494140625,24.920000076293945,17.841323852539062,182.52999877929688,64.1500015258789,4.630000114440918
2023-03-30,97.5610122680664,89.00535583496094,38.38352966308594,45.1711540222168,71.08097076416016,387.4845886230469,25.1200008392334,18.00980567932129,184.17999267578125,65.31999969482422,4.664999961853027
2023-03-31,97.71248626708984,88.96949005126953,39.06143569946289,45.33762741088867,71.25090789794922,392.94610595703125,24.940000534057617,18.116214752197266,183.22000122070312,66.44000244140625,4.585000038146973
2023-04-03,103.47758483886719,97.22883605957031,39.33833694458008,45.75382614135742,71.93067932128906,394.4435119628906,24.770000457763672,18.13395118713379,184.5399932861328,70.2699966430664,4.570000171661377
2023-04-04,102.48851013183594,95.32768249511719,38.44081115722656,47.49260330200195,71.0004653930664,392.25506591796875,24.290000915527344,18.04527473449707,187.97999572753906,70.2699966430664,4.728000164031982
2023-04-05,104.24388122558594,96.62799835205078,38.49810028076172,48.158512115478516,71.02730560302734,391.2279968261719,24.40999984741211,18.13395118713379,187.8300018310547,70.23999786376953,4.704999923706055
2023-04-06,102.51527404785156,95.29179382324219,38.46945571899414,48.140010833740234,70.42803192138672,392.7541198730469,24.579999923706055,18.311298370361328,186.49000549316406,70.26000213623047,4.710000038146973
2023-04-10,102.06082153320312,95.01377868652344,38.31668472290039,47.25212860107422,71.59973907470703,393.1572265625,24.389999389648438,18.355634689331055,185.11000061035156,69.76000213623047,4.8379998207092285
2023-04-11,102.78257751464844,95.73120880126953,39.2714958190918,46.170013427734375,72.79829406738281,393.26287841796875,24.68000030517578,18.479780197143555,186.27999877929688,71.06999969482422,4.880000114440918
2023-04-12,102.67565155029297,96.43069458007812,39.261959075927734,45.975791931152344,72.54784393310547,391.6598815917969,24.90999984741211,18.417709350585938,187.19000244140625,72.43000030517578,4.860000133514404
2023-04-13,103.15679931640625,97.78482818603516,41.1594123840332,47.1873893737793,72.64623260498047,396.8622131347656,25.25,18.506383895874023,189.72000122070312,71.80000305175781,4.855000019073486
2023-04-14,103.40630340576172,97.30056762695312,41.36064529418945,45.800071716308594,73.15605163574219,395.892822265625,25.139999389648438,18.541852951049805,186.36000061035156,72.08999633789062,4.9029998779296875
2023-04-17,102.2033920288086,94.70890045166016,40.364009857177734,44.82893753051758,73.52278137207031,397.3133239746094,24.940000534057617,18.799007415771484,185.52999877929688,70.83999633789062,4.922999858856201
2023-04-18,104.19933319091797,94.11699676513672,41.168983459472656,45.18965148925781,73.83584594726562,397.572509765625,25.049999237060547,18.88768196105957,186.25,70.7300033569336,5.03000020980835
2023-04-19,103.86964416503906,94.39501190185547,40.14359664916992,44.63472366333008,73.29916381835938,397.5053405761719,24.889999389648438,18.719202041625977,185.36000061035156,69.30000305175781,4.994999885559082
2023-04-20,103.04097747802734,93.06777954101562,39.63569641113281,44.28326416015625,72.44945526123047,395.33612060546875,24.610000610351562,18.692598342895508,186.08999633789062,67.5999984741211,4.945000171661377
2023-04-21,103.37065887451172,91.70466613769531,38.00656509399414,44.04280090332031,72.00222778320312,395.6432189941406,24.43000030517578,18.56845474243164,184.25,68.20999908447266,4.949999809265137
2023-04-24,105.32207489013672,92.95120239257812,37.881988525390625,44.41274642944336,72.27057647705078,396.0559997558594,24.350000381469727,18.674861907958984,184.80999755859375,69.25,4.873000144958496
2023-04-25,103.82508850097656,91.55220794677734,36.17619323730469,44.579227447509766,67.88783264160156,389.76904296875,23.65999984741211,18.61279296875,185.75,67.62000274658203,4.953000068664551
2023-04-26,102.87167358398438,90.09942626953125,35.72578811645508,43.60810852050781,68.8985366821289,388.11810302734375,23.610000610351562,18.639392852783203,184.74000549316406,65.36000061035156,4.985000133514404
2023-04-27,104.10132598876953,90.78099060058594,35.90786361694336,44.64397048950195,69.77508544921875,395.8448791503906,23.829999923706055,18.603923797607422,184.75,65.80999755859375,5.0
2023-04-28,105.4468002319336,92.2696304321289,36.32952117919922,43.83932876586914,69.83770751953125,399.2233581542969,23.850000381469727,18.57732391357422,184.8000030517578,67.5,4.922999858856201
2023-05-01,102.1766586303711,91.94679260253906,36.06119918823242,43.40462875366211,69.5872573852539,398.82037353515625,24.1200008392334,18.382238388061523,183.97000122070312,66.55000305175781,4.864999771118164
2023-05-02,98.10455322265625,88.45832061767578,35.074134826660156,44.44974136352539,67.54793548583984,394.33782958984375,23.709999084472656,18.213756561279297,187.52000427246094,63.04999923706055,5.039999961853027
2023-05-03,96.17097473144531,86.1715316772461,34.815391540527344,43.92256164550781,67.1007080078125,391.6311340332031,23.579999923706055,18.26696014404297,189.11000061035156,60.310001373291016,5.09499979019165
2023-05-04,94.48689270019531,87.31046295166016,33.75167465209961,45.698326110839844,66.38517761230469,388.8572692871094,23.649999618530273,18.355634689331055,190.44000244140625,60.70000076293945,5.054999828338623
2023-05-05,96.83927154541016,90.00977325439453,34.949562072753906,45.06016540527344,67.94149780273438,396.0559997558594,23.90999984741211,18.64826202392578,187.4600067138672,63.029998779296875,5.079999923706055
2023-05-08,97.22242736816406,90.48505401611328,35.035804748535156,44.66246032714844,67.44062042236328,396.16156005859375,24.09000015258789,18.541852951049805,187.69000244140625,64.26000213623047,5.083000183105469
2023-05-09,97.24915313720703,91.0500259399414,35.13164138793945,44.53298568725586,67.1007080078125,394.4242248535156,24.030000686645508,18.58618927001953,189.02000427246094,64.87000274658203,5.123000144958496
2023-05-10,96.0016860961914,90.09942626953125,34.72914123535156,44.21852493286133,66.76083374023438,396.26715087890625,23.6299991607666,18.64826202392578,188.75,64.38999938964844,5.065000057220459
2023-05-11,94.2641372680664,89.57930755615234,33.100013732910156,42.43350601196289,66.99339294433594,395.5760803222656,22.75,18.42657470703125,187.1300048828125,63.25,5.014999866485596
2023-05-12,94.2552261352539,89.16679382324219,33.53125762939453,42.48899841308594,67.42271423339844,395.0577697753906,22.899999618530273,18.47091293334961,186.80999755859375,62.06999969482422,5.0279998779296875
2023-05-15,94.43497467041016,90.40172576904297,34.62373352050781,43.55260467529297,68.03092956542969,396.42071533203125,23.0,18.701467514038086,187.2100067138672,62.9900016784668,5.0
2023-05-16,92.14309692382812,88.40058898925781,33.78041458129883,41.730594635009766,65.8175277709961,393.7716064453125,22.5,18.56845474243164,184.8699951171875,62.540000915527344,5.058000087738037
2023-05-17,94.21025848388672,90.78028869628906,34.3266487121582,41.388389587402344,65.7275390625,398.55157470703125,23.059999465942383,18.42657470703125,184.22999572753906,64.5999984741211,5.0879998207092285
2023-05-18,95.06412506103516,90.80732727050781,34.1924934387207,40.01956558227539,65.49359893798828,402.3908996582031,22.760000228881836,18.355634689331055,181.83999633789062,64.04000091552734,5.125
2023-05-19,95.5045394897461,92.48393249511719,34.24040985107422,40.380271911621094,65.88951873779297,401.8053894042969,22.93000030517578,18.42657470703125,183.63999938964844,63.900001525878906,5.085000038146973
2023-05-22,94.34510040283203,93.5025405883789,34.1349983215332,40.075069427490234,66.07843780517578,401.96856689453125,22.649999618530273,18.40884017944336,183.2100067138672,63.90999984741211,5.09499979019165
2023-05-23,95.6303482055664,94.09745788574219,33.23418426513672,39.29816436767578,67.5270767211914,397.4573059082031,22.399999618530273,18.391103744506836,183.42999267578125,64.87000274658203,5.1529998779296875
2023-05-24,96.69991302490234,93.7278823852539,31.825464248657227,38.66924285888672,65.54759216308594,394.57781982421875,21.940000534057617,18.293563842773438,181.9499969482422,65.66000366210938,5.184999942779541
2023-05-25,94.96525573730469,91.66368103027344,32.227962493896484,37.587127685546875,66.33039093017578,397.99481201171875,22.15999984741211,18.089611053466797,180.1999969482422,64.08999633789062,5.163000106811523
2023-05-26,94.34510040283203,91.80789947509766,33.32042694091797,37.62413024902344,65.43962097167969,403.1491394042969,22.610000610351562,18.240358352661133,180.9199981689453,64.80000305175781,5.114999771118164
2023-05-30,93.50922393798828,91.22197723388672,32.80294418334961,37.36516189575195,64.26992797851562,403.30267333984375,22.559999465942383,18.12508201599121,182.0399932861328,62.29999923706055,5.14300012588501
2023-05-31,91.8375015258789,89.50934600830078,32.90835952758789,37.87894058227539,63.568115234375,401.0663146972656,22.6200008392334,18.1428165435791,182.32000732421875,60.630001068115234,5.248000144958496
2023-06-01,92.8980712890625,89.71663665771484,33.99125289916992,39.672462463378906,63.478145599365234,404.8768615722656,22.84000015258789,18.40884017944336,183.75999450683594,62.54999923706055,5.203000068664551
2023-06-02,95.05514526367188,92.25859069824219,35.63954162597656,39.3174934387207,64.75581359863281,410.7318115234375,22.979999542236328,18.515247344970703,181.0500030517578,64.1500015258789,5.215000152587891
2023-06-05,94.63272094726562,92.0062026977539,35.49580001831055,39.15868377685547,64.12596893310547,409.9447326660156,23.149999618530273,18.4886474609375,182.13999938964844,64.02999877929688,5.14300012588501
2023-06-06,95.40565490722656,91.88902282714844,36.16661071777344,39.22407913208008,65.1336898803711,410.83740234375,23.170000076293945,18.639392852783203,182.33999633789062,63.790000915527344,5.1579999923706055
2023-06-07,97.54476928710938,94.47604370117188,36.00369644165039,39.140010833740234,66.0064697265625,409.41680908203125,23.1299991607666,18.52411651611328,180.14999389648438,64.70999908447266,5.1529998779296875
2023-06-08,97.23918914794922,94.232666015625,36.26244354248047,39.27077865600586,64.9627456665039,411.8932189941406,23.299999237060547,18.834476470947266,182.52999877929688,63.459999084472656,5.099999904632568
2023-06-09,96.52013397216797,93.64674377441406,36.31035232543945,38.7289924621582,65.2686767578125,412.63232421875,23.280000686645508,18.790142059326172,182.0399932861328,62.93000030517578,5.09499979019165
2023-06-12,95.6483383178711,92.68224334716797,36.2432746887207,39.27077865600586,65.83552551269531,416.37567138671875,23.1299991607666,18.834476470947266,181.8800048828125,60.2400016784668,5.09499979019165
2023-06-13,95.66632080078125,93.21407318115234,38.15989685058594,39.644432067871094,66.83424377441406,419.1207275390625,23.559999465942383,18.88768196105957,180.5399932861328,62.13999938964844,5.099999904632568
2023-06-14,94.51587677001953,92.54702758789062,38.389892578125,39.32682418823242,65.8175277709961,419.6199645996094,23.690000534057617,18.91428565979004,180.63999938964844,61.83000183105469,5.079999923706055
2023-06-15,95.1719741821289,93.8811264038086,38.409053802490234,39.88730239868164,67.08618927001953,424.82220458984375,23.969999313354492,19.242380142211914,181.91000366210938,63.40999984741211,5.054999828338623
2023-06-16,94.48890686035156,94.57520294189453,38.22697448730469,40.94287872314453,67.9139633178711,423.3751525878906,23.8700008392334,19.49953842163086,181.6300048828125,64.3499984741211,5.065000057220459
2023-06-20,92.32283782958984,91.97013854980469,37.75741195678711,40.260955810546875,66.65431213378906,421.17864990234375,23.950000762939453,19.419729232788086,179.75,63.91999816894531,5.074999809265137
2023-06-21,93.3564453125,93.4754867553711,38.111976623535156,39.77521896362305,66.096435546875,419.02056884765625,23.969999313354492,19.623682022094727,179.49000549316406,65.04000091552734,5.135000228881836
2023-06-22,92.84414672851562,91.42931365966797,38.064064025878906,39.37354278564453,65.73652648925781,420.5331726074219,24.0,19.464069366455078,177.7100067138672,62.52000045776367,5.135000228881836
2023-06-23,92.03522491455078,90.55494689941406,36.77034378051758,38.841094970703125,65.59259033203125,417.3538818359375,23.540000915527344,19.09163475036621,178.1999969482422,62.41999816894531,5.138000011444092
2023-06-26,93.73393249511719,91.86981201171875,37.632816314697266,39.93402099609375,66.2583999633789,415.6486511230469,23.3799991607666,19.07390022277832,178.50999450683594,62.72999954223633,5.15500020980835
2023-06-27,93.96761322021484,91.39828491210938,38.72529983520508,39.663116455078125,66.48333740234375,420.2055358886719,23.3700008392334,18.878816604614258,177.69000244140625,61.29999923706055,5.179999828338623
2023-06-28,94.73155975341797,92.95802307128906,37.58491134643555,38.467437744140625,66.5283432006836,420.41754150390625,22.93000030517578,18.665996551513672,177.27999877929688,62.52000045776367,5.170000076293945
2023-06-29,95.89998626708984,93.4567642211914,37.70949172973633,39.186710357666016,67.14017486572266,422.0745544433594,22.75,18.559587478637695,177.08999633789062,62.959999084472656,5.175000190734863
2023-06-30,96.39433288574219,93.95550537109375,38.332393646240234,39.84994125366211,67.98593139648438,427.0553283691406,23.200000762939453,18.683731079101562,178.27000427246094,63.54999923706055,5.1529998779296875
2023-07-03,96.58306121826172,94.51774597167969,39.06071090698242,40.20491027832031,69.0386734008789,427.5466613769531,23.34000015258789,18.89655113220215,178.47000122070312,63.38999938964844,5.144999980926514
2023-07-05,96.08873748779297,94.32730102539062,37.546573638916016,39.37354278564453,69.65950012207031,426.9107971191406,23.170000076293945,18.834476470947266,177.83999633789062,64.62999725341797,5.192999839782715
2023-07-06,92.50259399414062,90.99020385742188,36.32952117919922,38.803714752197266,69.3176040649414,423.5678405761719,23.110000610351562,18.816741943359375,177.30999755859375,64.44000244140625,5.2129998207092285
2023-07-07,92.71830749511719,93.61092376708984,37.029083251953125,39.457611083984375,70.19035339355469,422.4984130859375,23.309999465942383,18.763538360595703,178.63999938964844,65.8499984741211,5.2129998207092285
2023-07-10,94.09344482421875,94.62655639648438,37.35491180419922,39.80323791503906,70.66722869873047,423.5678405761719,23.40999984741211,18.781272888183594,178.77999877929688,65.54000091552734,5.224999904632568
2023-07-11,95.24388885498047,97.42863464355469,38.054473876953125,40.457130432128906,72.40377044677734,426.265380859375,23.260000228881836,18.96748924255371,179.4499969482422,67.02999877929688,5.243000030517578
2023-07-12,95.71124267578125,99.12440490722656,39.02237319946289,42.231971740722656,70.83818817138672,429.6950378417969,23.770000457763672,18.80787467956543,181.8800048828125,67.87000274658203,5.230000019073486
2023-07-13,93.9586181640625,100.24883270263672,40.47477722167969,42.474849700927734,71.23406982421875,433.1054382324219,24.360000610351562,18.93202018737793,182.00999450683594,69.08999633789062,5.2230000495910645
2023-07-14,90.7230224609375,97.11123657226562,39.51292419433594,42.01711654663086,70.36132049560547,432.835693359375,24.200000762939453,19.144840240478516,181.42999267578125,67.47000122070312,5.215000152587891
2023-07-17,91.11846923828125,96.52181243896484,38.91656494140625,41.68083953857422,71.5849838256836,434.338623046875,23.709999084472656,19.01182746887207,181.55999755859375,66.58000183105469,5.232999801635742
2023-07-18,90.70503997802734,98.6165771484375,38.86848068237305,42.01711654663086,72.65570068359375,437.56597900390625,23.649999618530273,19.277851104736328,183.63999938964844,67.95999908447266,5.248000144958496
2023-07-19,91.33417510986328,99.27854919433594,39.118560791015625,42.203948974609375,72.88065338134766,438.5390625,23.549999237060547,19.508405685424805,183.6699981689453,67.69000244140625,5.244999885559082
2023-07-20,92.94300842285156,101.2826156616211,40.29201889038086,39.65377426147461,74.34725189208984,435.62957763671875,23.649999618530273,19.55274200439453,182.74000549316406,68.05000305175781,5.243000030517578
2023-07-21,93.37442779541016,102.37078857421875,39.06084442138672,40.36371612548828,73.9063720703125,435.62957763671875,23.559999465942383,19.517274856567383,182.17999267578125,68.98999786376953,5.248000144958496
2023-07-24,94.83942413330078,104.03028106689453,40.4940071105957,40.382389068603516,74.77914428710938,437.57562255859375,23.760000228881836,19.81876564025879,181.39999389648438,70.69000244140625,5.25
2023-07-25,94.98323822021484,105.35423278808594,42.02335739135742,40.73736572265625,77.4244384765625,438.770263671875,24.270000457763672,19.827632904052734,182.41000366210938,71.16000366210938,5.264999866485596
2023-07-26,94.45294189453125,105.94366455078125,41.75403594970703,40.58790588378906,78.18923950195312,438.837646484375,24.170000076293945,19.783296585083008,183.3000030517578,70.66000366210938,5.26800012588501
2023-07-27,94.74955749511719,104.99149322509766,41.63861083984375,39.3361701965332,77.19049072265625,435.9281921386719,23.760000228881836,19.605947494506836,180.4199981689453,71.43000030517578,5.26800012588501
2023-07-28,93.6170883178711,105.1275405883789,41.96564483642578,39.6257438659668,77.73036193847656,440.19610595703125,24.329999923706055,19.49953842163086,181.86000061035156,72.08999633789062,5.255000114440918
2023-07-31,96.38533020019531,106.75072479248047,42.946739196777344,40.09281539916992,76.44369506835938,441.03424072265625,24.81999969482422,19.446332931518555,182.35000610351562,73.16999816894531,5.248000144958496
2023-08-01,95.82809448242188,106.4424057006836,42.08106994628906,38.962528228759766,76.46170043945312,439.7721862792969,24.200000762939453,19.47293472290039,180.4600067138672,72.95999908447266,5.260000228881836
2023-08-02,94.63272094726562,104.81919860839844,40.94607162475586,37.981685638427734,76.29074096679688,433.6546325683594,23.760000228881836,19.322189331054688,179.60000610351562,71.4800033569336,5.260000228881836
2023-08-03,96.2774658203125,104.27511596679688,41.40776443481445,37.776180267333984,76.45269775390625,432.41180419921875,24.100000381469727,19.17144203186035,179.5399932861328,73.13999938964844,5.257999897003174
2023-08-04,96.547119140625,103.11436462402344,40.88836669921875,38.17784881591797,76.97456359863281,430.4560852050781,23.889999389648438,19.189176559448242,180.19000244140625,73.79000091552734,5.252999782562256
2023-08-07,96.34937286376953,103.81262969970703,40.67676544189453,37.813533782958984,78.4681625366211,434.21337890625,23.790000915527344,19.144840240478516,179.77999877929688,73.81999969482422,5.260000228881836
2023-08-08,96.82573699951172,104.81919860839844,41.061500549316406,37.215702056884766,77.77533721923828,432.32513427734375,23.3799991607666,19.002960205078125,178.63999938964844,74.05999755859375,5.275000095367432
2023-08-09,98.47050476074219,105.58999633789062,40.81142044067383,37.28108596801758,77.2444839477539,429.4349060058594,23.450000762939453,18.96748924255371,177.7899932861328,75.0999984741211,5.28000020980835
2023-08-10,98.97384643554688,105.0368423461914,40.76332473754883,37.215702056884766,77.28948974609375,429.5890808105469,23.270000457763672,18.985225677490234,177.60000610351562,74.19999694824219,5.26800012588501
2023-08-11,100.51072692871094,106.83233642578125,39.8399543762207,37.54264450073242,76.31773376464844,429.338623046875,23.079999923706055,18.985225677490234,177.60000610351562,74.25,5.264999866485596
2023-08-14,100.59163665771484,106.72351837158203,39.63795471191406,36.86072540283203,76.42571258544922,431.70855712890625,23.079999923706055,18.843345642089844,177.05999755859375,73.80999755859375,5.269999980926514
2023-08-15,98.00911712646484,105.20256042480469,38.32984161376953,35.935951232910156,74.56231689453125,426.67962646484375,22.709999084472656,18.692598342895508,176.58999633789062,72.62000274658203,5.28000020980835
2023-08-16,96.35990905761719,104.4101791381836,37.521881103515625,35.76780319213867,74.32714080810547,423.54864501953125,22.649999618530273,18.790142059326172,175.57000732421875,71.37000274658203,5.284999847412109
2023-08-17,98.22659301757812,106.31368255615234,38.108612060546875,36.11343002319336,74.66182708740234,420.3211975097656,22.850000381469727,18.781272888183594,175.3000030517578,71.9800033569336,5.2779998779296875
2023-08-18,99.7126693725586,106.8237075805664,37.35837173461914,35.68373107910156,74.92414855957031,420.5235290527344,22.979999542236328,18.93202018737793,175.3300018310547,72.79000091552734,5.2779998779296875
2023-08-21,98.50747680664062,106.75083923339844,37.252567291259766,35.730430603027344,74.63468170166016,423.2594909667969,23.100000381469727,18.878816604614258,175.80999755859375,72.58000183105469,5.28000020980835
2023-08-22,97.9547348022461,105.78544616699219,37.40645980834961,36.05738067626953,73.06076049804688,422.11309814453125,23.309999465942383,18.763538360595703,176.10000610351562,72.27999877929688,5.295000076293945
2023-08-23,97.0938949584961,105.47577667236328,37.7623405456543,36.6085090637207,73.38639831542969,426.814453125,23.540000915527344,18.958620071411133,177.88999938964844,71.36000061035156,5.295000076293945
2023-08-24,96.3689956665039,104.55590057373047,36.935157775878906,36.48707962036133,72.66276550292969,420.8992919921875,23.270000457763672,19.118234634399414,177.85000610351562,71.41000366210938,5.302999973297119
2023-08-25,98.09066772460938,106.12240600585938,36.86782455444336,35.78648376464844,73.11503601074219,423.8664855957031,23.239999771118164,19.17144203186035,177.6199951171875,72.44999694824219,5.315000057220459
2023-08-28,98.91525268554688,107.03319549560547,37.47378921508789,36.4683952331543,73.15121459960938,426.55438232421875,23.399999618530273,19.3576602935791,178.1300048828125,72.41000366210938,5.322999954223633
2023-08-29,99.50426483154297,107.16070556640625,38.6568717956543,36.91678237915039,73.8205795288086,432.7200927734375,23.649999618530273,19.3310546875,179.8699951171875,73.31999969482422,5.320000171661377
2023-08-30,100.47383880615234,108.1078872680664,38.6568717956543,37.14097213745117,73.04267883300781,434.5024108886719,23.649999618530273,19.37539291381836,180.32000732421875,73.66000366210938,5.315000057220459
2023-08-31,100.75473022460938,108.408447265625,38.387550354003906,36.8233642578125,71.73108673095703,433.8666076660156,23.540000915527344,19.277851104736328,180.02000427246094,75.05999755859375,5.297999858856201
2023-09-01,102.8660659790039,111.24092864990234,39.90727996826172,36.729949951171875,72.17430114746094,434.67584228515625,23.709999084472656,19.313322067260742,180.11000061035156,76.91999816894531,5.26800012588501
2023-09-05,102.87513732910156,111.8693618774414,39.24359893798828,36.28157424926758,71.35115051269531,432.7971496582031,23.6200008392334,19.43746566772461,178.63999938964844,77.76000213623047,5.2779998779296875
2023-09-06,103.76315307617188,112.08793640136719,38.86848068237305,36.338199615478516,70.06669616699219,429.8877258300781,23.34000015258789,19.4552001953125,177.8300018310547,78.5199966430664,5.300000190734863
2023-09-07,103.25569152832031,110.84928131103516,38.2432746887207,36.20606231689453,71.03456115722656,428.5679016113281,23.209999084472656,19.419729232788086,178.02000427246094,77.94999694824219,5.2829999923706055
2023-09-08,104.75992584228516,111.7691650390625,37.791202545166016,36.55529022216797,71.28782653808594,429.2133483886719,22.8700008392334,19.37539291381836,178.0800018310547,78.30000305175781,5.293000221252441
2023-09-11,103.44599151611328,109.69261932373047,38.57992172241211,36.725181579589844,71.22451782226562,432.0361022949219,23.43000030517578,19.517274856567383,178.41000366210938,78.37000274658203,5.293000221252441
2023-09-12,106.46349334716797,112.09703826904297,38.531829833984375,36.640228271484375,72.09290313720703,429.6662292480469,23.3700008392334,19.543874740600586,177.49000549316406,79.69999694824219,5.304999828338623
2023-09-13,105.51202392578125,111.395751953125,38.22404098510742,37.0555305480957,72.03860473632812,430.1671142578125,23.350000381469727,19.605947494506836,177.0800018310547,79.68000030517578,5.304999828338623
2023-09-14,107.39681243896484,113.39033508300781,39.12818145751953,37.30093002319336,72.95223236083984,433.876220703125,23.530000686645508,19.69462013244629,177.1699981689453,81.12000274658203,5.295000076293945
2023-09-15,105.74761962890625,112.54332733154297,38.83000183105469,38.06544494628906,71.77630615234375,428.64874267578125,23.440000534057617,19.809898376464844,178.33999633789062,81.29000091552734,5.297999858856201
2023-09-18,106.59939575195312,113.37210845947266,38.6568717956543,38.19758605957031,71.63157653808594,428.90008544921875,23.329999923706055,19.668020248413086,179.38999938964844,81.44999694824219,5.300000190734863
2023-09-19,106.31848907470703,112.16990661621094,37.33913040161133,38.02769470214844,71.55015563964844,428.0105895996094,23.1299991607666,19.747827529907227,179.22000122070312,81.5,5.309999942779541
2023-09-20,105.47578430175781,110.35747528076172,37.21409225463867,38.650638580322266,71.80342864990234,424.0757751464844,23.040000915527344,19.69462013244629,179.35000610351562,80.13999938964844,5.315000057220459
2023-09-21,103.98968505859375,108.44486236572266,35.809783935546875,38.244781494140625,71.35115051269531,417.06646728515625,22.829999923706055,19.419729232788086,178.0500030517578,80.41000366210938,5.304999828338623
2023-09-22,104.15279388427734,108.52684783935547,35.73284149169922,38.452430725097656,69.63251495361328,416.12872314453125,22.84000015258789,19.384260177612305,178.6199951171875,80.62999725341797,5.304999828338623
2023-09-25,105.32172393798828,110.26640319824219,35.78092956542969,38.2070198059082,69.92196655273438,417.8785705566406,22.729999542236328,19.286718368530273,177.6999969482422,80.38999938964844,5.313000202178955
2023-09-26,105.4848403930664,109.41940307617188,35.17496109008789,37.18766403198242,68.80935668945312,411.7394714355469,22.540000915527344,19.21578025817871,176.27999877929688,80.87999725341797,5.324999809265137
2023-09-27,108.91912841796875,112.66883850097656,35.155723571777344,35.18670654296875,69.07169342041016,411.90380859375,22.5,19.162574768066406,174.10000610351562,82.9000015258789,5.329999923706055
2023-09-28,108.25764465332031,112.33015441894531,35.90597915649414,34.95074462890625,68.78221893310547,414.29180908203125,22.90999984741211,19.3310546875,173.22999572753906,81.56999969482422,5.308000087738037
2023-09-29,106.54502868652344,109.65737915039062,35.86750030517578,34.87523651123047,68.22140502929688,413.2863464355469,23.020000457763672,18.985225677490234,171.4499969482422,80.86000061035156,5.300000190734863
2023-10-02,104.77803802490234,107.18595886230469,35.242286682128906,33.544403076171875,67.11784362792969,413.1219787597656,22.530000686645508,19.135971069335938,169.64999389648438,79.38999938964844,5.315000057220459
2023-10-03,104.95927429199219,107.64363861083984,34.9537353515625,33.232933044433594,66.76506805419922,407.5918273925781,22.399999618530273,18.949756622314453,169.16000366210938,79.93000030517578,5.340000152587891
2023-10-04,101.03563690185547,103.73514556884766,34.49204635620117,33.440582275390625,66.45753479003906,410.5599365234375,22.190000534057617,18.905418395996094,169.13999938964844,75.58999633789062,5.335000038146973
2023-10-05,98.76119995117188,103.8175277709961,34.0207405090332,34.308921813964844,66.14997863769531,410.4052429199219,22.059999465942383,19.01182746887207,168.8300018310547,73.98999786376953,5.324999809265137
2023-10-06,97.11202239990234,105.56581115722656,35.27114486694336,35.6775016784668,65.90574645996094,415.2779235839844,22.450000762939453,19.135971069335938,169.6999969482422,74.16000366210938,5.3480000495910645
2023-10-09,100.51006317138672,111.50635528564453,35.42504119873047,35.517051696777344,66.84648132324219,417.9366149902344,22.670000076293945,19.127103805541992,172.82000732421875,77.12999725341797,5.3480000495910645
2023-10-10,100.08419036865234,110.1974105834961,35.86750030517578,36.28157043457031,67.07262420654297,420.1119079589844,22.440000534057617,19.1093692779541,172.52999877929688,76.70999908447266,5.322999954223633
2023-10-11,96.49584197998047,109.87705993652344,35.73284149169922,36.9139404296875,66.66555786132812,421.83282470703125,22.34000015258789,18.985225677490234,173.7899932861328,75.66999816894531,5.335000038146973
2023-10-12,96.47772216796875,110.85647583007812,34.834686279296875,36.602474212646484,65.82432556152344,419.2611083984375,22.229999542236328,19.162574768066406,173.25999450683594,75.41999816894531,5.335000038146973
2023-10-13,99.5586166381836,114.28898620605469,34.23591995239258,37.215980529785156,66.32185363769531,417.1728210449219,22.139999389648438,19.25124740600586,178.8300018310547,78.98999786376953,5.328000068664551
2023-10-16,99.63111114501953,114.70088195800781,34.62222671508789,37.80117416381836,67.40730285644531,421.56207275390625,22.190000534057617,19.268983840942383,177.9600067138672,78.38999938964844,5.328000068664551
2023-10-17,100.93597412109375,114.83818054199219,35.23065185546875,38.19758605957031,68.02239990234375,421.5427551269531,22.200000762939453,19.384260177612305,178.2899932861328,78.80000305175781,5.340000152587891
2023-10-18,102.34956359863281,115.87251281738281,34.390445709228516,37.678462982177734,67.40730285644531,415.9256591796875,22.219999313354492,19.43746566772461,180.8699951171875,79.83999633789062,5.329999923706055
2023-10-19,102.41297912597656,115.68030548095703,34.02345657348633,37.234859466552734,66.7922134399414,412.27117919921875,22.329999923706055,19.481801986694336,183.08999633789062,81.68000030517578,5.309999942779541
2023-10-20,100.65504455566406,113.55671691894531,32.71969223022461,36.62135314941406,65.89669799804688,407.20513916015625,22.079999923706055,19.43746566772461,183.58999633789062,80.69999694824219,5.300000190734863
2023-10-23,99.17801666259766,111.0669937133789,32.36235427856445,36.28157043457031,65.48963928222656,406.4993591308594,22.290000915527344,19.446332931518555,182.97000122070312,78.88999938964844,5.293000221252441
2023-10-24,98.21751403808594,109.794677734375,33.24119567871094,36.29100799560547,62.83932113647461,409.5640869140625,22.59000015258789,19.428598403930664,182.9499969482422,76.93000030517578,5.308000087738037
2023-10-25,98.39875030517578,110.21573638916016,32.681060791015625,34.695899963378906,64.26851654052734,403.68597412109375,22.31999969482422,19.339923858642578,183.72000122070312,78.45999908447266,5.315000057220459
2023-10-26,97.50164794921875,108.29352569580078,32.55551528930664,35.3754768371582,64.99215698242188,398.85205078125,22.3700008392334,19.37539291381836,184.00999450683594,76.88999938964844,5.300000190734863
2023-10-27,95.64405059814453,107.82671356201172,32.516876220703125,36.78181457519531,63.35491180419922,397.04412841796875,22.65999984741211,19.55274200439453,186.14999389648438,78.36000061035156,5.304999828338623
2023-10-30,95.94306945800781,108.13790893554688,32.874210357666016,36.526981353759766,64.60319519042969,401.79107666015625,22.760000228881836,19.419729232788086,185.10000610351562,76.05000305175781,5.313000202178955
2023-10-31,95.9158935546875,108.7420425415039,32.62311553955078,35.36603546142578,64.7388687133789,404.31451416015625,22.700000762939453,19.517274856567383,184.08999633789062,75.0199966430664,5.320000171661377
2023-11-01,95.72561645507812,106.79236602783203,32.55551528930664,35.17726516723633,64.55796813964844,408.6263122558594,22.799999237060547,19.49066925048828,183.50999450683594,74.75,5.300000190734863
2023-11-02,98.86993408203125,111.6894302368164,33.81098937988281,35.82852554321289,65.50774383544922,416.45745849609375,22.950000762939453,19.721223831176758,184.1199951171875,76.18000030517578,5.269999980926514
2023-11-03,97.6647720336914,109.61161804199219,33.946197509765625,36.829002380371094,65.95097351074219,420.2569580078125,22.850000381469727,19.863101959228516,184.7899932861328,74.8499984741211,5.252999782562256
2023-11-06,95.93402099609375,108.43997955322266,34.15865707397461,35.75301742553711,65.63436889648438,421.2237243652344,23.139999389648438,19.91630744934082,183.35000610351562,74.91000366210938,5.260000228881836
2023-11-07,94.42981719970703,105.49260711669922,32.893524169921875,34.60152053833008,65.22732543945312,422.42254638671875,22.950000762939453,19.650283813476562,182.58999633789062,71.80000305175781,5.2729997634887695
2023-11-08,93.26994323730469,104.76031494140625,32.45893859863281,32.82707595825195,65.15496063232422,422.7319030761719,22.649999618530273,19.73895835876465,180.77000427246094,70.19000244140625,5.26800012588501
2023-11-09,93.297119140625,104.4857177734375,32.10161209106445,32.04368591308594,65.2725601196289,419.43511962890625,22.6299991607666,19.623682022094727,181.49000549316406,70.25,5.263000011444092
2023-11-10,94.01298522949219,105.82211303710938,32.52653884887695,32.2796516418457,65.58011627197266,425.9803771972656,22.450000762939453,19.543874740600586,179.50999450683594,71.79000091552734,5.25
2023-11-13,95.00069427490234,106.12570190429688,32.28510284423828,32.2796516418457,66.06857299804688,425.57427978515625,22.829999923706055,19.827632904052734,180.50999450683594,72.91999816894531,5.260000228881836
2023-11-14,95.36646270751953,106.29129791259766,33.96550750732422,34.06352996826172,67.22447967529297,433.8307800292969,22.940000534057617,19.730091094970703,182.1199951171875,72.69000244140625,5.252999782562256
2023-11-15,94.79036712646484,105.8221206665039,34.76708221435547,34.32780838012695,67.5703353881836,434.74920654296875,23.1299991607666,19.765562057495117,181.63999938964844,71.33999633789062,5.255000114440918
2023-11-16,93.69304656982422,103.02545166015625,34.32283401489258,34.50713348388672,67.27908325195312,435.281005859375,23.0,19.61481475830078,183.69000244140625,68.05000305175781,5.243000030517578
2023-11-17,95.97914123535156,105.4173355102539,34.76708221435547,34.308921813964844,67.31549072265625,435.8223876953125,23.290000915527344,19.579343795776367,183.6699981689453,70.75,5.232999801635742
2023-11-20,95.5584945678711,106.1532974243164,35.39482498168945,34.50713348388672,66.99693298339844,439.1771240234375,23.690000534057617,19.632549285888672,183.3699951171875,72.30000305175781,5.23799991607666
2023-11-21,95.52191162109375,105.95089721679688,35.73283767700195,35.31884002685547,67.10616302490234,438.2199401855469,23.729999542236328,19.668020248413086,185.35000610351562,72.52999877929688,5.255000114440918
2023-11-22,95.11042022705078,105.65652465820312,35.62660217285156,35.57368087768555,67.65225219726562,439.9118957519531,23.549999237060547,19.570476531982422,184.55999755859375,71.61000061035156,5.264999866485596
2023-11-24,95.62248992919922,106.24530029296875,35.57832336425781,35.47929382324219,67.62493896484375,440.1825866699219,23.729999542236328,19.277851104736328,185.52000427246094,70.81999969482422,5.252999782562256
2023-11-27,95.06471252441406,105.61051940917969,35.33687973022461,36.036170959472656,66.61466979980469,439.3898620605469,23.530000686645508,19.144840240478516,186.77000427246094,69.95999908447266,5.257999897003174
2023-11-28,95.00984191894531,105.77611541748047,35.94530487060547,38.291969299316406,67.39741516113281,439.8248596191406,23.799999237060547,19.4552001953125,189.25999450683594,71.26000213623047,5.260000228881836
2023-11-29,93.58330535888672,104.84696197509766,35.897010803222656,38.492149353027344,66.61466979980469,439.5155029296875,23.700000762939453,19.579343795776367,189.5399932861328,72.5199966430664,5.239999771118164
2023-11-30,93.94908142089844,106.31889343261719,36.04187774658203,38.31103515625,67.10616302490234,441.2460632324219,23.799999237060547,19.756694793701172,188.75,70.13999938964844,5.23799991607666
2023-12-01,94.17769622802734,106.00611877441406,37.8961181640625,39.2738151550293,68.33487701416016,443.8564758300781,24.239999771118164,19.526138305664062,192.00999450683594,69.23999786376953,5.215000152587891
2023-12-04,93.66560363769531,105.36212158203125,36.32194137573242,38.64467239379883,67.92530059814453,441.5263977050781,23.690000534057617,19.49066925048828,187.86000061035156,68.47000122070312,5.2230000495910645
2023-12-05,91.84587860107422,104.0833969116211,35.31755828857422,38.025054931640625,67.47931671142578,441.4394226074219,23.399999618530273,19.517274856567383,187.14999389648438,67.58000183105469,5.243000030517578
2023-12-06,90.62968444824219,101.67312622070312,35.00852584838867,37.834407806396484,66.61466979980469,439.6605529785156,23.079999923706055,19.1093692779541,187.83999633789062,64.76000213623047,5.243000030517578
2023-12-07,89.99872589111328,101.9767074584961,35.12441635131836,37.87254333496094,67.19717407226562,443.01531982421875,23.459999084472656,19.224647521972656,188.14999389648438,65.11000061035156,5.232999801635742
2023-12-08,91.03205108642578,103.09904479980469,36.84345245361328,37.2529296875,67.12434387207031,444.9199523925781,23.729999542236328,19.348791122436523,185.63999938964844,66.52999877929688,5.232999801635742
2023-12-11,91.09606170654297,103.18185424804688,36.57304000854492,37.0527458190918,68.33487701416016,446.65045166015625,23.420000076293945,19.25124740600586,183.58999633789062,66.80000305175781,5.232999801635742
2023-12-12,89.66038513183594,102.16990661621094,36.138450622558594,36.004173278808594,67.87979125976562,448.6904602050781,23.43000030517578,19.37539291381836,183.49000549316406,64.25,5.248000144958496
2023-12-13,90.45594024658203,102.89666748046875,37.84783172607422,38.12991714477539,68.49870300292969,454.8778991699219,23.700000762939453,19.260114669799805,187.6300048828125,65.33000183105469,5.2230000495910645
2023-12-14,92.88834381103516,105.7485122680664,40.532630920410156,39.22615051269531,69.55447387695312,456.3377685546875,23.969999313354492,19.419729232788086,188.72999572753906,67.16000366210938,5.215000152587891
2023-12-15,92.26653289794922,105.37134552001953,40.0787239074707,38.95923614501953,68.9446792602539,455.58642578125,23.950000762939453,19.47293472290039,187.0,67.1500015258789,5.224999904632568
2023-12-18,92.95235443115234,105.70252227783203,39.933860778808594,39.16895294189453,65.84102630615234,458.1491394042969,23.84000015258789,19.491479873657227,187.85000610351562,68.08999633789062,5.224999904632568
2023-12-19,94.17769622802734,107.16524505615234,40.73543167114258,39.81716537475586,67.29730224609375,460.9350280761719,24.18000030517578,19.537845611572266,189.1300048828125,69.36000061035156,5.23799991607666
2023-12-20,92.60487365722656,107.34922790527344,39.92420196533203,39.19755172729492,64.33016967773438,454.5478210449219,23.959999084472656,19.30602264404297,188.10000610351562,68.79000091552734,5.230000019073486
2023-12-21,93.0255355834961,107.47802734375,40.78371810913086,39.49306106567383,64.55770111083984,458.8577575683594,24.25,19.278207778930664,189.42999267578125,69.02999877929688,5.210000038146973
2023-12-22,93.19011688232422,108.24159240722656,40.928592681884766,40.09361267089844,65.04010009765625,459.7799072265625,24.09000015258789,19.370933532714844,190.27000427246094,68.69000244140625,5.208000183105469
2023-12-26,93.40042877197266,109.49272155761719,41.3631706237793,39.95061111450195,65.88653564453125,461.7213134765625,24.190000534057617,19.454387664794922,191.72000122070312,70.20999908447266,5.203000068664551
2023-12-27,92.96150207519531,109.0051498413086,41.72050094604492,40.398651123046875,65.68629455566406,462.5561828613281,24.530000686645508,19.47293472290039,192.58999633789062,68.91999816894531,5.235000133514404
2023-12-28,91.6172866821289,107.17445373535156,41.54666519165039,39.75043487548828,65.77731323242188,462.7309265136719,24.209999084472656,19.519298553466797,191.47000122070312,67.18000030517578,5.2179999351501465
2023-12-29,91.42526245117188,106.77886962890625,41.112083435058594,39.454933166503906,65.7318115234375,461.3913269042969,24.139999389648438,19.231840133666992,191.1699981689453,66.6500015258789,5.179999828338623
2024-01-02,93.60160064697266,108.17718505859375,40.64851379394531,38.99736785888672,66.22331237792969,458.8092346191406,23.950000762939453,19.18547821044922,190.72000122070312,65.7699966430664,5.2129998207092285
2024-01-03,94.38801574707031,110.32986450195312,39.95317840576172,38.12991714477539,66.56005096435547,455.0622253417969,23.959999084472656,19.092750549316406,189.1300048828125,68.19000244140625,5.235000133514404
2024-01-04,93.56501770019531,107.15605163574219,40.12700653076172,38.24430465698242,65.30403137207031,453.59649658203125,23.899999618530273,19.213294982910156,189.32000732421875,67.56999969482422,5.228000164031982
2024-01-05,93.84850311279297,107.20203399658203,39.99180221557617,38.45402526855469,64.448486328125,454.21771240234375,23.649999618530273,19.08347511291504,189.35000610351562,69.02999877929688,5.21999979019165
2024-01-08,92.28482055664062,105.33454132080078,40.7547492980957,38.34917068481445,64.67603302001953,460.7021179199219,23.75,19.018566131591797,187.8699951171875,66.4000015258789,5.21999979019165
2024-01-09,91.14177703857422,103.73383331298828,40.271873474121094,36.87163162231445,64.32106018066406,460.003173828125,23.34000015258789,19.148386001586914,187.92999267578125,67.38999938964844,5.230000019073486
2024-01-10,90.24562072753906,102.28030395507812,39.88557052612305,36.17575454711914,63.101444244384766,462.6047058105469,23.549999237060547,19.111295700073242,187.5,66.55999755859375,5.224999904632568
2024-01-11,90.22733306884766,102.11471557617188,39.769256591796875,35.76586151123047,63.228878021240234,462.40087890625,23.520000457763672,19.213294982910156,187.8699951171875,67.6500015258789,5.2179999351501465
2024-01-12,91.39781951904297,102.7586669921875,39.68202209472656,35.88025665283203,63.31078338623047,462.7212219238281,23.25,19.111295700073242,189.7100067138672,68.0199966430664,5.197999954223633
2024-01-16,89.33118438720703,99.94361877441406,37.7047119140625,34.326454162597656,62.892112731933594,461.0224609375,23.399999618530273,19.25038719177246,187.91000366210938,67.25,5.203000068664551
2024-01-17,88.68194580078125,98.95925903320312,37.06499099731445,33.10629653930664,62.7282829284668,458.4597473144531,23.260000228881836,19.111295700073242,185.83999633789062,67.94000244140625,5.215000152587891
2024-01-18,88.51734924316406,98.37049865722656,37.035911560058594,33.0014533996582,62.56444549560547,462.5367431640625,23.40999984741211,19.333843231201172,187.3699951171875,69.05999755859375,5.199999809265137
2024-01-19,88.65450286865234,99.23527526855469,37.578697204589844,32.963321685791016,62.06386184692383,468.30279541015625,23.610000610351562,19.482208251953125,187.92999267578125,68.81999969482422,5.197999954223633
2024-01-22,88.53564453125,99.41004943847656,36.328338623046875,33.363677978515625,47.04621124267578,469.2929382324219,23.309999465942383,19.565662384033203,187.22000122070312,69.69000244140625,5.199999809265137
2024-01-23,89.5323715209961,99.34565734863281,36.99713134765625,33.70684814453125,47.61051559448242,470.66162109375,23.700000762939453,19.788209915161133,187.9499969482422,69.66000366210938,5.210000038146973
2024-01-24,91.07777404785156,100.89116668701172,38.49951171875,32.829856872558594,47.90176010131836,471.1761474609375,24.100000381469727,19.936574935913086,186.39999389648438,70.54000091552734,5.210000038146973
2024-01-25,93.39128875732422,103.0806655883789,38.22810745239258,32.87752151489258,46.764060974121094,473.7388610839844,24.059999465942383,19.843847274780273,187.13999938964844,72.2300033569336,5.195000171661377
2024-01-26,94.18683624267578,103.24624633789062,38.37350845336914,32.61061096191406,47.373870849609375,473.13702392578125,24.020000457763672,19.890213012695312,187.00999450683594,73.0999984741211,5.199999809265137
2024-01-29,94.30572509765625,102.66668701171875,38.993839263916016,33.03004455566406,50.00422668457031,476.8839416503906,24.139999389648438,19.7974853515625,188.3300018310547,72.05000305175781,5.199999809265137
2024-01-30,95.8785400390625,104.92057037353516,38.74182891845703,32.89658737182617,50.9690055847168,476.5150451660156,24.3700008392334,20.094215393066406,188.58999633789062,72.80999755859375,5.203000068664551
2024-01-31,94.01309967041016,102.9150619506836,38.470436096191406,32.89658737182617,50.58673858642578,468.7396240234375,24.190000534057617,20.0571231842041,188.4499969482422,70.91999816894531,5.188000202178955
2024-02-01,93.62903594970703,102.46428680419922,38.945377349853516,33.945159912109375,51.66072463989258,474.87457275390625,23.950000762939453,20.112760543823242,190.41000366210938,69.06999969482422,5.199999809265137
2024-02-02,93.24498748779297,101.77433776855469,38.867828369140625,32.8012580871582,50.686851501464844,479.873779296875,23.790000915527344,20.122032165527344,188.61000061035156,67.51000213623047,5.210000038146973
2024-02-05,92.86090850830078,101.16716003417969,37.49147415161133,31.800350189208984,48.202117919921875,478.12646484375,23.5,20.131305694580078,187.57000732421875,68.18000030517578,5.228000164031982
2024-02-06,93.50102996826172,102.59307098388672,38.9356803894043,32.086326599121094,48.57527542114258,479.5146484375,23.579999923706055,20.18694305419922,188.5500030517578,68.80999755859375,5.2230000495910645
2024-02-07,93.47358703613281,103.32905578613281,37.99549102783203,32.0767936706543,48.58446502685547,483.51397705078125,23.290000915527344,20.261125564575195,188.5,69.41999816894531,5.2230000495910645
2024-02-08,95.07386016845703,104.78256225585938,36.94867706298828,31.78129005432129,48.419090270996094,483.7275085449219,23.100000381469727,20.455854415893555,188.3300018310547,71.5199966430664,5.2179999351501465
2024-02-09,93.06207275390625,102.26190948486328,36.212032318115234,31.25700569152832,48.740657806396484,486.523193359375,22.950000762939453,20.53003692626953,187.60000610351562,71.66999816894531,5.21999979019165
2024-02-12,94.34229278564453,102.20670318603516,36.53187942504883,31.991004943847656,49.37461471557617,486.30963134765625,23.170000076293945,20.44658088684082,187.11000061035156,72.11000061035156,5.228000164031982
2024-02-13,93.53010559082031,100.98316192626953,35.533538818359375,30.542064666748047,48.207767486572266,479.61163330078125,23.06999969482422,20.390945434570312,184.52999877929688,72.6500015258789,5.232999801635742
2024-02-14,93.06864166259766,101.30516052246094,36.056949615478516,30.618324279785156,48.942787170410156,483.97021484375,23.030000686645508,20.298215866088867,184.4199981689453,71.55000305175781,5.2179999351501465
2024-02-15,95.7359390258789,102.84317016601562,37.07468032836914,31.533443450927734,49.89830780029297,487.3094482421875,23.3799991607666,20.214759826660156,185.66000366210938,72.83999633789062,5.2179999351501465
2024-02-16,95.7359390258789,102.44475555419922,37.636863708496094,31.86707305908203,49.29191970825195,484.8826904296875,23.84000015258789,20.112760543823242,186.33999633789062,73.41000366210938,5.2230000495910645
2024-02-20,94.83145904541016,101.49044036865234,36.96805953979492,31.638296127319336,49.062232971191406,482.21319580078125,24.040000915527344,20.400217056274414,187.47000122070312,72.41999816894531,5.2129998207092285
2024-02-21,96.76960754394531,104.57574462890625,37.66593933105469,31.86707305908203,49.521610260009766,482.6499938964844,24.139999389648438,20.539310455322266,187.47999572753906,73.19999694824219,5.235000133514404
2024-02-22,96.6865463256836,103.9735107421875,37.481773376464844,29.44582748413086,49.33785629272461,492.6387023925781,24.309999465942383,20.483673095703125,187.55999755859375,73.5999984741211,5.232999801635742
2024-02-23,95.83743286132812,103.315673828125,37.76286697387695,29.817598342895508,49.10816192626953,492.9784240722656,24.1299991607666,20.548582077026367,188.6199951171875,71.91999816894531,5.239999771118164
2024-02-26,96.21583557128906,104.1588134765625,36.86143493652344,28.606971740722656,48.85089874267578,491.1728820800781,23.81999969482422,20.75258445739746,188.1999969482422,72.79000091552734,5.25
2024-02-27,96.01280212402344,103.40834045410156,36.98744583129883,28.4639835357666,48.50177764892578,492.0853271484375,23.979999542236328,20.8082218170166,188.0,73.8499984741211,5.244999885559082
2024-02-28,96.28045654296875,103.80673217773438,36.2604866027832,28.47351837158203,48.70391082763672,491.4350280761719,23.8700008392334,20.5578556060791,188.33999633789062,73.62000274658203,5.239999771118164
2024-02-29,96.46504211425781,104.2699966430664,36.648197174072266,29.788997650146484,48.795780181884766,493.20172119140625,23.889999389648438,20.567129135131836,189.30999755859375,73.36000061035156,5.2230000495910645
2024-03-01,97.68330383300781,105.84506225585938,36.76451110839844,30.446739196777344,49.833988189697266,497.83197021484375,24.010000228881836,20.585674285888672,192.88999938964844,74.95999908447266,5.215000152587891
2024-03-04,96.31737518310547,103.43614196777344,37.14252471923828,32.166507720947266,48.8968505859375,497.2981262207031,24.020000457763672,20.817495346069336,196.00999450683594,74.01000213623047,5.2230000495910645
2024-03-05,97.49872589111328,103.0469970703125,35.979400634765625,32.03200149536133,49.117347717285156,492.32806396484375,23.93000030517578,20.57640266418457,197.19000244140625,73.44999694824219,5.224999904632568
2024-03-06,98.54164123535156,103.76040649414062,36.96805953979492,32.301021575927734,49.75130081176758,494.82281494140625,24.06999969482422,20.724767684936523,198.80999755859375,74.33999633789062,5.230000019073486
2024-03-07,99.09540557861328,104.45529174804688,38.58674621582031,32.560428619384766,49.843177795410156,499.7345886230469,24.450000762939453,20.817495346069336,199.94000244140625,74.2300033569336,5.228000164031982
2024-03-08,100.0275650024414,104.69619750976562,38.625511169433594,32.579647064208984,50.357688903808594,496.735107421875,24.25,20.7989501953125,201.6300048828125,73.36000061035156,5.228000164031982
2024-03-11,100.61824035644531,106.7808609008789,39.178001403808594,33.85746765136719,50.44956588745117,496.3079528808594,24.489999771118164,21.086406707763672,202.0,73.62000274658203,5.239999771118164
2024-03-12,99.97219848632812,106.5677490234375,39.11984634399414,32.55082321166992,52.43410873413086,501.64697265625,24.510000228881836,21.327499389648438,199.7899932861328,73.3499984741211,5.239999771118164
2024-03-13,101.08893585205078,108.91183471679688,42.07612609863281,33.02159118652344,53.53662872314453,500.8605651855469,25.260000228881836,21.290407180786133,201.19000244140625,75.08999633789062,5.23799991607666
2024-03-14,102.87942504882812,110.97796630859375,41.988887786865234,32.86787033081055,53.48150634765625,499.8705139160156,25.209999084472656,21.41095542907715,200.35000610351562,76.30000305175781,5.23799991607666
2024-03-15,102.6948471069336,111.21886444091797,43.23925018310547,32.55082321166992,54.49215316772461,496.4381408691406,25.709999084472656,21.874597549438477,199.7100067138672,76.33000183105469,5.23799991607666
2024-03-18,103.64546966552734,111.4227066040039,43.113250732421875,33.06963348388672,55.50278854370117,499.3885192871094,25.760000228881836,21.995141983032227,200.02999877929688,77.9800033569336,5.23799991607666
2024-03-19,104.37458801269531,113.0533676147461,42.967857360839844,32.243377685546875,56.07242202758789,502.1636962890625,25.31999969482422,21.837505340576172,199.8000030517578,78.43000030517578,5.23799991607666
2024-03-20,104.28230285644531,112.95145416259766,44.59623718261719,32.954341888427734,56.32968521118164,506.8083190917969,25.530000686645508,22.060054779052734,202.17999267578125,77.25,5.228000164031982
2024-03-21,104.74376678466797,114.43386840820312,44.81916809082031,33.175315856933594,57.39545440673828,508.48321533203125,25.399999618530273,22.180599212646484,201.97000122070312,76.81999969482422,5.228000164031982
2024-03-22,104.74376678466797,113.9891357421875,43.71419906616211,32.445133209228516,56.9636344909668,507.5191955566406,24.979999542236328,22.328964233398438,200.35000610351562,76.68000030517578,5.21999979019165
2024-03-25,105.81437683105469,116.95399475097656,43.956512451171875,32.58925247192383,57.43220520019531,506.1170349121094,25.1299991607666,22.848243713378906,200.99000549316406,77.76000213623047,5.2179999351501465
2024-03-26,105.02064514160156,116.73162841796875,43.35557174682617,32.66611099243164,56.798255920410156,505.1822814941406,25.020000457763672,22.736968994140625,201.63999938964844,77.29000091552734,5.2179999351501465
2024-03-27,106.10970306396484,117.51915740966797,44.47023010253906,33.8670654296875,57.87321853637695,509.427734375,25.049999237060547,22.876062393188477,203.10000610351562,77.51000213623047,5.215000152587891
2024-03-28,107.28182220458984,117.92682647705078,45.5751953125,34.433929443359375,57.70783615112305,509.33038330078125,25.1200008392334,22.959518432617188,205.72000122070312,78.7300033569336,5.203000068664551
2024-04-01,107.97401428222656,119.22393798828125,45.87568283081055,35.00077819824219,57.28520202636719,508.44427490234375,25.389999389648438,23.24697494506836,207.82000732421875,79.66999816894531,5.2179999351501465
2024-04-02,110.0875473022461,121.06771850585938,46.893409729003906,35.34666061401367,57.606781005859375,505.2114562988281,25.530000686645508,22.959518432617188,210.88999938964844,80.79000091552734,5.2129998207092285
2024-04-03,110.10601806640625,121.95716857910156,48.08561325073242,35.76939010620117,57.560829162597656,505.7664489746094,26.350000381469727,22.903881072998047,212.74000549316406,81.25,5.210000038146973
2024-04-04,110.49364471435547,122.06835174560547,47.6688346862793,36.240169525146484,58.102909088134766,499.593017578125,26.260000228881836,22.99660873413086,211.52000427246094,82.2699966430664,5.203000068664551
2024-04-05,112.01648712158203,123.70829010009766,47.949920654296875,38.09445571899414,58.30503845214844,504.812255859375,26.540000915527344,23.256248474121094,215.13999938964844,82.4000015258789,5.215000152587891
2024-04-08,111.25968170166016,122.68912506103516,48.46363830566406,37.8542594909668,58.04778289794922,505.0945739746094,26.8799991607666,23.070791244506836,216.47999572753906,82.19999694824219,5.2230000495910645
2024-04-09,111.84112548828125,122.53160095214844,49.72369384765625,38.11366271972656,58.70929718017578,505.6788635253906,26.8799991607666,23.219158172607422,217.6699981689453,81.1500015258789,5.21999979019165
2024-04-10,112.78251647949219,123.05973052978516,49.35536575317383,37.52759552001953,58.700103759765625,500.6154479980469,26.739999771118164,23.423158645629883,215.61000061035156,82.08999633789062,5.243000030517578
2024-04-11,112.40411376953125,123.1523666381836,49.1808967590332,37.53720474243164,57.487335205078125,504.3935241699219,26.670000076293945,23.367523193359375,219.8000030517578,81.55000305175781,5.23799991607666
2024-04-12,111.09354400634766,121.55877685546875,48.09209060668945,37.12407302856445,56.01730728149414,497.431396484375,26.709999084472656,23.58079719543457,216.88999938964844,81.52999877929688,5.230000019073486
2024-04-15,110.45671081542969,120.67857360839844,48.62677764892578,36.93191909790039,55.603851318359375,491.1994934082031,27.350000381469727,23.794071197509766,220.9499969482422,81.6500015258789,5.23799991607666
2024-04-16,109.54301452636719,120.01148986816406,48.03376388549805,36.6148681640625,55.374168395996094,490.3035888671875,26.90999984741211,23.24697494506836,221.22000122070312,81.33000183105469,5.232999801635742
2024-04-17,109.48762512207031,118.89967346191406,48.43234634399414,37.04721450805664,55.51197814941406,487.4019470214844,27.190000534057617,23.562252044677734,219.58999633789062,78.91000366210938,5.239999771118164
2024-04-18,109.38611602783203,118.41788482666016,48.762874603271484,37.0376091003418,56.706382751464844,486.39892578125,27.780000686645508,24.0444393157959,220.33999633789062,78.77999877929688,5.243000030517578
2024-04-19,110.64131164550781,119.87250518798828,48.22819137573242,37.48917007446289,57.514892578125,482.15350341796875,28.100000381469727,24.582263946533203,221.02999877929688,78.8499984741211,5.244999885559082
2024-04-22,111.2689208984375,119.82617950439453,47.58657455444336,35.99037170410156,57.423011779785156,486.59368896484375,28.110000610351562,24.285533905029297,215.57000732421875,78.77999877929688,5.244999885559082
2024-04-23,111.70268249511719,120.29869079589844,46.6533203125,36.23056411743164,56.770687103271484,492.3679504394531,27.670000076293945,24.062984466552734,215.0399932861328,79.9800033569336,5.244999885559082
2024-04-24,111.72113037109375,119.77986145019531,46.89635467529297,37.08563995361328,56.55937957763672,492.1342468261719,27.93000030517578,24.61008071899414,214.63999938964844,79.63999938964844,5.255000114440918
2024-04-25,111.97956848144531,120.54886627197266,48.024044036865234,41.706947326660156,56.04486846923828,490.2646179199219,28.3700008392334,24.266986846923828,215.9199981689453,80.44000244140625,5.244999885559082
2024-04-26,108.86927795410156,120.66932678222656,49.09339904785156,41.053619384765625,55.21796798706055,494.90936279296875,28.549999237060547,24.146440505981445,216.6199951171875,80.38999938964844,5.23799991607666
2024-04-29,110.41980743408203,120.65079498291016,50.95021057128906,40.60205841064453,55.76004409790039,496.6620788574219,29.09000015258789,23.27479362487793,216.17999267578125,79.5,5.243000030517578
2024-04-30,109.15538024902344,116.38880920410156,48.54899978637695,39.045616149902344,53.89494705200195,488.7943420410156,28.309999465942383,22.848243713378906,211.8699951171875,78.37999725341797,5.244999885559082
2024-05-01,107.0880126953125,115.20286560058594,48.51983642578125,38.98796844482422,53.628501892089844,487.2071838378906,28.3799991607666,22.106416702270508,213.7899932861328,75.93000030517578,5.25
2024-05-02,107.28182220458984,113.2664566040039,47.42131423950195,39.43952178955078,54.528900146484375,491.76422119140625,28.0,21.744779586791992,213.1300048828125,75.93000030517578,5.23799991607666
2024-05-03,107.0603256225586,113.2479248046875,49.0447998046875,39.06482696533203,54.36351776123047,497.8597717285156,28.3700008392334,22.226964950561523,212.9600067138672,75.12999725341797,5.235000133514404
2024-05-06,107.75253295898438,114.47093200683594,49.56975555419922,39.76618957519531,55.3006591796875,503.0010070800781,28.700000762939453,22.05078125,215.1999969482422,75.66000366210938,5.239999771118164
2024-05-07,107.21722412109375,114.46166229248047,49.95861053466797,39.814231872558594,56.58693313598633,503.55615234375,28.610000610351562,22.71842384338379,214.2100067138672,75.5,5.243000030517578
2024-05-08,107.19876861572266,114.01692962646484,48.56844711303711,39.91030502319336,56.9911994934082,503.6048278808594,28.34000015258789,22.653514862060547,213.5800018310547,76.11000061035156,5.244999885559082
2024-05-09,109.3122787475586,114.32267761230469,49.65725326538086,41.15930938720703,57.36788558959961,506.5064392089844,28.56999969482422,22.625694274902344,216.9499969482422,76.5199966430664,5.239999771118164
2024-05-10,108.86927795410156,113.67001342773438,50.153045654296875,40.82304000854492,57.8640251159668,507.15899658203125,28.809999465942383,22.876062393188477,218.7100067138672,75.30000305175781,5.243000030517578
2024-05-13,108.82312774658203,113.37162780761719,50.59050750732422,40.794212341308594,57.542457580566406,507.22705078125,29.520000457763672,21.763322830200195,216.25999450683594,76.12999725341797,5.239999771118164
2024-05-14,109.48373413085938,112.85880279541016,51.99040603637695,40.899898529052734,56.660438537597656,509.5542297363281,29.68000030517578,21.976598739624023,218.08999633789062,75.20999908447266,5.235000133514404
2024-05-15,110.33042907714844,112.54177856445312,52.11678695678711,41.495574951171875,55.65079879760742,515.8641357421875,30.110000610351562,22.124963760375977,220.88999938964844,75.87999725341797,5.239999771118164
2024-05-16,109.66981506347656,111.73058319091797,50.59050750732422,41.15930938720703,57.049468994140625,514.8026733398438,30.010000228881836,21.791141510009766,220.02999877929688,76.25,5.243000030517578
2024-05-17,111.31668090820312,113.48350524902344,52.719512939453125,42.02400207519531,57.077266693115234,515.5427856445312,31.190000534057617,21.781869888305664,223.66000366210938,76.97000122070312,5.239999771118164
2024-05-20,110.41416931152344,112.71894073486328,53.331966400146484,42.696533203125,56.3825569152832,516.1366577148438,31.329999923706055,22.013689041137695,224.55999755859375,76.7300033569336,5.239999771118164
2024-05-21,109.65120697021484,112.27139282226562,52.807003021240234,42.31222152709961,56.75305938720703,517.402587890625,31.3799991607666,22.264057159423828,224.22999572753906,76.16000366210938,5.239999771118164
2024-05-22,107.44609069824219,110.20144653320312,49.803070068359375,40.72695541381836,57.33662796020508,515.9127807617188,29.559999465942383,22.35678482055664,220.11000061035156,74.87000274658203,5.244999885559082
2024-05-23,105.61314392089844,109.69793701171875,49.77391052246094,39.61246871948242,56.24361801147461,512.1444702148438,29.260000228881836,22.838970184326172,215.72000122070312,74.44999694824219,5.244999885559082
2024-05-24,105.52938842773438,109.3249740600586,50.09471130371094,40.33304214477539,56.03056716918945,515.5330810546875,29.229999542236328,22.876062393188477,215.9199981689453,75.3499984741211,5.244999885559082
2024-05-28,106.86922454833984,110.91939544677734,52.13622283935547,40.7365608215332,56.40107345581055,515.8932495117188,29.899999618530273,23.376794815063477,218.19000244140625,77.66000366210938,5.248000144958496
2024-05-29,105.72479248046875,107.46015930175781,51.3001823425293,40.00638198852539,55.6044807434082,512.28076171875,29.350000381469727,23.608613967895508,216.16000366210938,76.56999969482422,5.25
2024-05-30,106.05973815917969,105.90303802490234,50.85299301147461,40.246578216552734,55.70637512207031,508.8824462890625,28.59000015258789,23.478796005249023,216.57000732421875,75.52999877929688,5.248000144958496
2024-05-31,109.10225677490234,108.60701751708984,51.261287689208984,40.29460906982422,57.83680725097656,513.5174560546875,28.420000076293945,23.3026123046875,215.3000030517578,74.81999969482422,5.244999885559082
2024-06-03,106.48773956298828,106.17343139648438,50.59050750732422,40.246578216552734,57.419986724853516,513.9360961914062,28.700000762939453,23.404613494873047,217.22000122070312,71.83000183105469,5.243000030517578
2024-06-04,104.83158111572266,104.68157196044922,48.3156852722168,39.1737174987793,57.26251983642578,514.5106811523438,27.940000534057617,23.348976135253906,215.27000427246094,71.08999633789062,5.239999771118164
2024-06-05,105.25027465820312,104.64427185058594,49.08368682861328,39.724647521972656,56.567813873291016,520.6256713867188,28.469999313354492,23.386066436767578,217.82000732421875,71.88999938964844,5.239999771118164
2024-06-06,106.0411376953125,104.61630249023438,49.822513580322266,41.077789306640625,56.66043472290039,520.6159057617188,28.719999313354492,23.673526763916016,219.42999267578125,73.26000213623047,5.232999801635742
2024-06-07,104.9060287475586,104.42982482910156,47.89766311645508,39.009403228759766,56.75305938720703,519.9830322265625,27.43000030517578,23.525161743164062,211.60000610351562,73.0199966430664,5.23799991607666
2024-06-10,105.21305847167969,105.64195251464844,48.607337951660156,39.917945861816406,57.3829345703125,521.5896606445312,27.979999542236328,23.08006477355957,213.5399932861328,75.45999908447266,5.232999801635742
2024-06-11,104.36636352539062,105.94965362548828,47.96571731567383,39.28969955444336,56.956844329833984,522.845703125,27.780000686645508,23.432432174682617,214.14999389648438,75.51000213623047,5.244999885559082
2024-06-12,103.21263122558594,104.60697937011719,47.829612731933594,39.61833190917969,56.01204299926758,527.1398315429688,27.8799991607666,23.877527236938477,214.72000122070312,75.9800033569336,5.243000030517578
2024-06-13,102.3845443725586,103.39484405517578,46.6533203125,39.20270919799805,56.25288009643555,528.2012939453125,27.610000610351562,23.970256805419922,212.97000122070312,75.73999786376953,5.239999771118164
2024-06-14,101.51924896240234,101.9962387084961,46.76997756958008,39.45401382446289,55.11355209350586,528.522705078125,27.690000534057617,23.747709274291992,215.72999572753906,76.08000183105469,5.239999771118164
2024-06-17,100.82142639160156,102.13610076904297,45.94364547729492,39.54100036621094,55.72489547729492,532.7291259765625,27.459999084472656,23.404613494873047,214.61000061035156,77.79000091552734,5.243000030517578
2024-06-18,101.77046966552734,102.014892578125,46.36166763305664,40.39155578613281,55.49332809448242,534.0825805664062,27.68000030517578,23.450979232788086,215.47000122070312,78.66999816894531,5.235000133514404
2024-06-20,103.96629333496094,103.80511474609375,47.98515701293945,41.377418518066406,56.51224136352539,532.6317138671875,28.079999923706055,23.015153884887695,218.16000366210938,79.41000366210938,5.224999904632568
2024-06-21,103.05445098876953,103.8144302368164,48.17959213256836,40.8458251953125,56.827171325683594,531.917724609375,27.440000534057617,22.8018798828125,214.77999877929688,78.6500015258789,5.215000152587891
2024-06-24,106.11558532714844,107.38555908203125,48.976749420166016,41.17444610595703,57.54966735839844,530.1886596679688,27.469999313354492,22.49587631225586,215.6300048828125,79.69999694824219,5.210000038146973
2024-06-25,106.4133071899414,107.21772766113281,48.49067306518555,40.49787902832031,56.17877960205078,532.2303466796875,27.149999618530273,22.217689514160156,214.55999755859375,78.9000015258789,5.2230000495910645
2024-06-26,106.4505386352539,105.9310073852539,48.09209060668945,40.06293487548828,56.19729995727539,532.89453125,27.18000030517578,22.171327590942383,212.5800018310547,78.75,5.230000019073486
2024-06-27,106.90644073486328,106.26667022705078,46.974124908447266,40.43988037109375,56.141719818115234,533.7346801757812,26.920000076293945,21.92095947265625,214.99000549316406,79.91999816894531,5.2230000495910645
2024-06-28,107.11115264892578,106.64896392822266,47.24631881713867,40.46887969970703,55.99352264404297,531.6344604492188,27.209999084472656,22.069324493408203,215.00999450683594,79.58999633789062,5.2129998207092285
2024-07-01,106.96226501464844,106.63031005859375,47.061614990234375,40.2562370300293,56.16951370239258,532.728515625,27.459999084472656,21.902416229248047,215.57000732421875,81.54000091552734,5.2179999351501465
2024-07-02,106.23652648925781,106.40652465820312,47.35326385498047,40.31422424316406,57.54966735839844,536.3136596679688,27.520000457763672,22.226964950561523,215.55999755859375,81.11000061035156,5.228000164031982
2024-07-03,106.77619171142578,107.0125961303711,49.23922348022461,41.99600601196289,58.06837844848633,538.70703125,28.100000381469727,22.282602310180664,217.99000549316406,81.2699966430664,5.230000019073486
2024-07-05,105.4828872680664,104.9426498413086,50.084999084472656,43.020530700683594,56.836429595947266,541.8134155273438,28.780000686645508,22.430967330932617,220.92999267578125,81.30999755859375,5.224999904632568
2024-07-08,104.37567138671875,104.64427185058594,49.70586013793945,42.65325164794922,58.707515716552734,542.4386596679688,28.530000686645508,22.264057159423828,218.19000244140625,80.41999816894531,5.2179999351501465
2024-07-09,103.22193908691406,103.67457580566406,49.38504409790039,42.4212760925293,58.475948333740234,542.9661254882812,28.34000015258789,22.588603973388672,218.55999755859375,79.7699966430664,5.224999904632568
2024-07-10,104.1337661743164,104.92400360107422,50.153045654296875,43.93873977661133,59.49485397338867,548.3389282226562,28.3799991607666,22.3104190826416,219.36000061035156,80.4800033569336,5.224999904632568
2024-07-11,105.3712387084961,106.28532409667969,50.07527160644531,45.59151077270508,59.51337432861328,543.6107788085938,27.969999313354492,22.709152221679688,223.25,80.94000244140625,5.197999954223633
2024-07-12,105.38984680175781,105.49276733398438,49.851688385009766,45.920135498046875,59.541168212890625,547.0396728515625,28.329999923706055,22.607149124145508,223.11000061035156,80.25,5.197999954223633
2024-07-15,107.19487762451172,106.82611846923828,49.15943145751953,45.7655029296875,58.72603988647461,548.5440673828125,28.020000457763672,22.47732925415039,223.8300018310547,80.12000274658203,5.192999839782715
2024-07-16,107.9671401977539,107.40420532226562,48.81817626953125,46.703033447265625,59.8005256652832,551.7969970703125,27.75,22.16205406188965,228.2899932861328,79.05999755859375,5.192999839782715
2024-07-17,109.45581817626953,108.23405456542969,47.28742980957031,46.65471267700195,60.87500762939453,544.0601806640625,27.43000030517578,22.16205406188965,227.22999572753906,80.62000274658203,5.195000171661377
2024-07-18,110.53512573242188,108.72824096679688,44.77193069458008,45.920135498046875,60.01356887817383,539.8792114257812,26.530000686645508,22.208419799804688,225.77999877929688,79.9000015258789,5.192999839782715
2024-07-19,107.99504089355469,106.6209945678711,44.75243377685547,45.427207946777344,59.45780563354492,536.2941284179688,26.399999618530273,21.92095947265625,221.72999572753906,78.0,5.192999839782715
2024-07-22,107.25070190429688,104.72820281982422,44.859683990478516,45.7075080871582,59.42074966430664,541.8232421875,26.239999771118164,22.505149841308594,221.8000030517578,77.62000274658203,5.190000057220459
2024-07-23,105.52010345458984,103.33889770507812,44.138187408447266,45.49486541748047,57.633033752441406,540.9732666015625,25.969999313354492,22.505149841308594,222.5800018310547,76.62000274658203,5.172999858856201
2024-07-24,107.0087890625,103.59066009521484,43.075439453125,46.103790283203125,58.03132629394531,528.7135620117188,25.520000457763672,22.338239669799805,221.8000030517578,76.80999755859375,5.170000076293945
2024-07-25,109.26044464111328,103.525390625,43.416683197021484,44.170711517333984,58.651947021484375,525.9586791992188,25.719999313354492,22.18987464904785,218.3300018310547,77.45999908447266,5.159999847412109
2024-07-26,109.16738891601562,103.36687469482422,43.87493896484375,45.16624450683594,59.263282775878906,531.849365234375,25.729999542236328,22.16205406188965,220.6300048828125,76.11000061035156,5.15500020980835
2024-07-29,108.02296447753906,101.7444839477539,43.27043914794922,45.69783401489258,58.6334114074707,532.1619262695312,25.6200008392334,21.91168785095215,220.32000732421875,75.19000244140625,5.146999835968018
2024-07-30,109.94893646240234,102.48108673095703,42.753684997558594,45.823490142822266,57.89238739013672,529.4657592773438,25.6200008392334,22.097145080566406,222.52000427246094,74.45999908447266,5.135000228881836
2024-07-31,110.33972930908203,103.68389129638672,44.27468490600586,47.42793655395508,57.43851089477539,538.072021484375,26.219999313354492,22.013689041137695,226.5500030517578,77.73999786376953,5.135000228881836
2024-08-01,108.8138198852539,101.06382751464844,42.53919219970703,47.891876220703125,56.021305084228516,530.452392578125,25.530000686645508,21.568593978881836,225.77000427246094,76.29000091552734,5.114999771118164
2024-08-02,108.74868774414062,98.62092590332031,40.920692443847656,46.88668441772461,54.567047119140625,520.576171875,25.850000381469727,21.596412658691406,225.33999633789062,73.38999938964844,5.03000020980835
2024-08-05,106.78548431396484,97.50202941894531,39.84819030761719,45.456199645996094,53.890865325927734,505.41510009765625,25.059999465942383,21.82823371887207,222.47999572753906,73.22000122070312,5.059999942779541
2024-08-06,106.21793365478516,98.64888763427734,40.01394271850586,46.00712585449219,53.68708801269531,510.0747375488281,25.15999984741211,21.995141983032227,220.6999969482422,72.44999694824219,5.079999923706055
2024-08-07,107.63218688964844,99.70250701904297,38.531944274902344,44.847293853759766,53.890865325927734,506.6654052734375,24.709999084472656,22.319692611694336,220.5500030517578,74.69000244140625,5.079999923706055
2024-08-08,109.68842315673828,100.95193481445312,40.01394271850586,46.11344528198242,54.16875076293945,518.3782958984375,24.969999313354492,22.05078125,224.00999450683594,75.36000061035156,5.083000183105469
2024-08-09,110.58163452148438,101.26895141601562,40.02368927001953,46.11344528198242,54.13169860839844,520.6641235351562,25.040000915527344,22.449512481689453,224.55999755859375,76.22000122070312,5.074999809265137
2024-08-12,110.72120666503906,103.33509826660156,40.52094650268555,47.15731430053711,53.788978576660156,520.9376831054688,25.549999237060547,22.236236572265625,228.41000366210938,78.62999725341797,5.072999954223633
2024-08-13,109.66050720214844,101.7479248046875,40.84269332885742,47.37961196899414,54.07612609863281,529.5048828125,25.43000030517578,22.02296257019043,228.05999755859375,77.63999938964844,5.052999973297119
2024-08-14,110.6746826171875,102.67768096923828,40.86219024658203,47.49559783935547,54.07612609863281,531.1753540039062,25.299999237060547,22.03223419189453,226.1999969482422,76.58999633789062,5.063000202178955
2024-08-15,111.359375,104.46208953857422,42.490440368652344,47.659908294677734,54.5207405090332,540.2797241210938,25.959999084472656,22.013689041137695,226.91000366210938,77.41000366210938,5.079999923706055
2024-08-16,110.83412170410156,104.41512298583984,42.35393524169922,48.52979278564453,54.73377990722656,541.4910278320312,26.100000381469727,22.115692138671875,231.99000549316406,76.31999969482422,5.074999809265137
2024-08-19,111.1717758178711,104.94105529785156,43.1436882019043,49.47698974609375,55.28028106689453,546.6685180664062,26.3700008392334,22.514421463012695,231.61000061035156,74.37999725341797,5.063000202178955
2024-08-20,107.46700286865234,103.16604614257812,42.441688537597656,49.728294372558594,54.65967559814453,545.779541015625,26.110000610351562,22.681331634521484,232.4600067138672,73.83000183105469,5.0329999923706055
2024-08-21,106.78231048583984,102.95004272460938,42.79267883300781,50.13423538208008,55.322959899902344,547.6550903320312,26.3799991607666,22.69060516357422,232.14999389648438,72.5999984741211,5.005000114440918
2024-08-22,107.60768127441406,103.27875518798828,42.21744155883789,49.689632415771484,55.350975036621094,543.3568115234375,25.959999084472656,22.69987678527832,229.3699951171875,73.58000183105469,5.025000095367432
2024-08-23,109.09896850585938,104.62173461914062,43.54343795776367,50.298553466796875,56.51872253417969,549.1301879882812,26.479999542236328,22.88533592224121,232.02000427246094,75.55000305175781,5.0
2024-08-26,111.43440246582031,106.65030670166016,44.060184478759766,50.511192321777344,56.7429313659668,547.8212890625,26.610000610351562,23.154247283935547,232.75999450683594,77.83000183105469,4.998000144958496
2024-08-27,110.37454986572266,105.58905792236328,44.09918212890625,50.93646240234375,56.57477951049805,548.5734252929688,26.81999969482422,23.200611114501953,233.38999938964844,76.48999786376953,4.9679999351501465
2024-08-28,109.28656005859375,105.32611083984375,42.7731819152832,50.0955810546875,56.94845962524414,545.3887329101562,26.280000686645508,23.117156982421875,231.75,75.4800033569336,4.954999923706055
2024-08-29,110.79661560058594,107.4110336303711,42.734188079833984,51.4004020690918,56.83634948730469,545.4375,26.219999313354492,23.061519622802734,232.9499969482422,76.7699966430664,4.965000152587891
2024-08-30,110.61842346191406,106.8663101196289,43.17293930053711,51.60337448120117,56.97648239135742,550.6443481445312,26.309999465942383,23.070791244506836,231.2899932861328,74.33999633789062,4.9679999351501465
2024-09-03,108.30175018310547,103.16604614257812,40.32594680786133,50.5208625793457,56.630821228027344,539.3126220703125,25.469999313354492,22.88533592224121,230.2899932861328,71.08999633789062,4.96999979019165
2024-09-04,106.9792709350586,101.95454406738281,40.569698333740234,49.88294219970703,57.3781852722168,538.208740234375,25.450000762939453,22.542240142822266,230.42999267578125,69.61000061035156,4.947999954223633
2024-09-05,106.14451599121094,100.91206359863281,40.36494445800781,50.436546325683594,56.11702346801758,536.8997192382812,25.809999465942383,22.709152221679688,232.35000610351562,69.88999938964844,4.932000160217285
2024-09-06,105.64743041992188,99.56908416748047,38.999942779541016,48.892276763916016,55.55651092529297,527.8635864257812,25.40999984741211,22.458784103393555,230.6300048828125,68.93000030517578,4.9079999923706055
2024-09-09,107.87030029296875,99.17464447021484,39.38994216918945,49.261348724365234,55.58452606201172,533.773681640625,25.84000015258789,22.85751724243164,231.60000610351562,69.2699966430664,4.894999980926514
2024-09-10,103.94041442871094,97.6719970703125,39.399688720703125,49.82466506958008,55.16414260864258,536.0986938476562,25.639999389648438,22.709152221679688,232.6199951171875,66.95999908447266,4.835000038146973
2024-09-11,102.90869903564453,96.32901000976562,40.26743698120117,49.2807731628418,55.11743927001953,541.5984497070312,26.020000457763672,23.200611114501953,232.25,67.8499984741211,4.875
2024-09-12,104.32496643066406,96.63892364501953,40.76469421386719,51.35923385620117,55.696632385253906,546.16064453125,26.31999969482422,23.13570213317871,236.3300018310547,69.88999938964844,4.840000152587891
2024-09-13,104.24993133544922,97.20242309570312,41.59343719482422,52.16536331176758,56.41596221923828,549.0130615234375,26.399999618530273,23.35824966430664,238.67999267578125,69.83999633789062,4.763000011444092
2024-09-16,105.71307373046875,99.127685546875,41.81768798828125,51.60204315185547,56.43464660644531,549.8237915039062,26.649999618530273,23.49734115600586,238.66000366210938,70.87999725341797,4.744999885559082
2024-09-17,107.0918197631836,101.70097351074219,42.05168914794922,51.582611083984375,56.48135757446289,550.0484619140625,26.799999237060547,23.617887496948242,237.33999633789062,71.72000122070312,4.735000133514404
2024-09-18,107.46700286865234,102.01089477539062,42.821937561035156,51.53404998779297,56.54674530029297,548.4171142578125,26.649999618530273,23.77552604675293,235.50999450683594,70.66000366210938,4.614999771118164
2024-09-19,108.7988510131836,103.8234634399414,44.011436462402344,51.9808235168457,58.34040069580078,557.7755126953125,27.18000030517578,23.766252517700195,239.1699981689453,72.75,4.5929999351501465
2024-09-20,108.1141586303711,103.18482971191406,43.416683197021484,52.903499603271484,57.32212448120117,556.8113403320312,27.110000610351562,23.608613967895508,242.2100067138672,72.91999816894531,4.545000076293945
2024-09-23,110.07440185546875,103.01578521728516,44.011436462402344,52.9132080078125,56.9017448425293,558.2027587890625,27.209999084472656,24.062984466552734,242.67999267578125,72.25,4.502999782562256
2024-09-24,109.7836685180664,102.28324890136719,47.50193786621094,54.243812561035156,56.73358917236328,559.7998657226562,28.299999237060547,24.239166259765625,246.07000732421875,73.29000091552734,4.494999885559082
2024-09-25,107.64519500732422,99.2967300415039,47.1021842956543,53.67078399658203,54.31402587890625,558.5653076171875,28.059999465942383,24.406078338623047,245.72999572753906,71.4800033569336,4.486999988555908
2024-09-26,105.79750061035156,96.08482360839844,50.61217498779297,53.93301773071289,55.46308517456055,560.77978515625,28.979999542236328,24.517353057861328,246.97999572753906,69.01000213623047,4.4679999351501465
2024-09-27,108.63002014160156,98.34819793701172,50.05643081665039,52.34989547729492,56.05162048339844,559.966552734375,28.639999389648438,24.619354248046875,245.02000427246094,70.2699966430664,4.48199987411499
2024-09-30,109.94309997558594,98.87411499023438,48.67192840576172,51.912837982177734,55.808738708496094,562.21044921875,28.350000381469727,24.19280433654785,243.05999755859375,69.91999816894531,4.498000144958496
2024-10-01,112.48486328125,102.71524810791016,49.12042999267578,52.5829963684082,55.60322189331055,557.1739501953125,28.600000381469727,23.654979705810547,245.61000061035156,72.11000061035156,4.48199987411499
2024-10-02,113.97615051269531,103.64501190185547,49.5494270324707,52.447017669677734,54.9212532043457,557.4090576171875,29.139999389648438,23.673526763916016,245.66000366210938,72.76000213623047,4.4730000495910645
2024-10-03,114.9703598022461,105.57966613769531,48.52568054199219,51.67002487182617,54.622310638427734,556.3899536132812,28.440000534057617,23.69207000732422,245.49000549316406,75.7300033569336,4.465000152587891
2024-10-04,117.08068084716797,107.5706787109375,49.28617858886719,51.805999755859375,55.33230209350586,561.4461669921875,28.59000015258789,23.543704986572266,245.0,76.3499984741211,4.505000114440918
2024-10-07,117.58716583251953,107.73973846435547,49.52017593383789,51.45635223388672,54.98665237426758,556.370361328125,28.520000457763672,23.35824966430664,244.1699981689453,79.19999694824219,4.525000095367432
2024-10-08,114.46388244628906,104.0582504272461,47.37518310546875,51.2232551574707,53.76285171508789,561.6322631835938,28.0,23.49734115600586,242.3699951171875,75.79000091552734,4.5279998779296875
2024-10-09,114.51078033447266,104.2178955078125,47.6481819152832,51.213539123535156,53.22102355957031,565.5223999023438,27.639999389648438,23.710617065429688,241.0500030517578,75.25,4.534999847412109
2024-10-10,115.49559783935547,105.05374145507812,48.30143356323242,51.86427307128906,53.51996612548828,564.53271484375,27.850000381469727,23.88680076599121,242.82000732421875,77.7699966430664,4.53000020980835
2024-10-11,115.9364242553711,103.76710510253906,48.77918243408203,52.73838806152344,54.155216217041016,567.9132690429688,28.170000076293945,24.072256088256836,245.47000122070312,77.48999786376953,4.514999866485596
2024-10-14,116.37725067138672,102.80915832519531,47.638431549072266,53.243431091308594,54.09916305541992,572.557861328125,27.65999984741211,23.933164596557617,245.07000732421875,75.93000030517578,4.51800012588501
2024-10-15,112.87879943847656,98.80836486816406,46.23988723754883,54.078704833984375,53.87495803833008,568.1092529296875,27.270000457763672,24.100074768066406,245.9199981689453,72.76000213623047,4.514999866485596
2024-10-16,113.1695556640625,98.76141357421875,46.91471481323242,54.6517333984375,54.45415115356445,570.5784912109375,27.40999984741211,23.85898208618164,247.14999389648438,72.4000015258789,4.502999782562256
2024-10-17,112.87879943847656,99.69116973876953,46.8951530456543,54.87511444091797,54.771785736083984,570.6275024414062,27.200000762939453,23.8033447265625,248.6300048828125,72.62000274658203,4.514999866485596
2024-10-18,112.55990600585938,99.24039459228516,47.120094299316406,55.96290969848633,52.68852996826172,572.8223876953125,27.579999923706055,23.552978515625,251.27000427246094,71.37999725341797,4.513000011444092
2024-10-21,112.62557220458984,98.60174560546875,46.8853645324707,55.914344787597656,52.43629837036133,571.8817138671875,27.40999984741211,23.515888214111328,251.22000122070312,72.26000213623047,4.51800012588501
2024-10-22,113.20706939697266,98.61115264892578,47.46238708496094,56.992431640625,52.02524948120117,571.5780029296875,27.56999969482422,23.423158645629883,253.92999267578125,73.9800033569336,4.5
2024-10-23,112.80376434326172,98.15097045898438,46.86580276489258,56.079463958740234,52.389591217041016,566.355224609375,27.219999313354492,23.367523193359375,250.8699951171875,73.55000305175781,4.505000114440918
2024-10-24,112.16597747802734,98.01949310302734,45.8095703125,47.833621978759766,52.781951904296875,567.5801391601562,27.389999389648438,23.005882263183594,252.8000030517578,73.05999755859375,4.486999988555908
2024-10-25,112.07217407226562,98.19791412353516,45.57484817504883,47.027488708496094,52.8380012512207,567.3841552734375,27.43000030517578,23.033700942993164,253.32000732421875,74.2300033569336,4.510000228881836
2024-10-28,111.51881408691406,96.9770278930664,45.70198440551758,46.969215393066406,53.4732551574707,569.1381225585938,27.450000762939453,23.219158172607422,253.3300018310547,70.43000030517578,4.48199987411499
2024-10-29,109.99938201904297,96.09422302246094,45.54550552368164,46.425323486328125,52.613792419433594,570.0592651367188,27.459999084472656,23.488069534301758,256.0899963378906,69.66000366210938,4.480000019073486
2024-10-30,109.44601440429688,96.71407318115234,44.958709716796875,45.59005355834961,51.87578201293945,568.3346557617188,27.360000610351562,23.673526763916016,257.5,71.36000061035156,4.4629998207092285
2024-10-31,109.5304183959961,102.87490844726562,44.029605865478516,44.13319396972656,51.57684326171875,557.1935424804688,27.360000610351562,23.645706176757812,253.50999450683594,73.08000183105469,4.432000160217285
2024-11-01,107.81401824951172,101.27835083007812,44.587066650390625,43.95836639404297,51.04434585571289,559.545166015625,27.350000381469727,23.478796005249023,252.47000122070312,72.0199966430664,4.400000095367432
2024-11-04,111.246826171875,102.23628234863281,45.25210952758789,44.44398498535156,51.66091537475586,558.3399047851562,27.81999969482422,23.49734115600586,252.8300018310547,74.29000091552734,4.418000221252441
2024-11-05,111.57508850097656,102.56498718261719,45.956268310546875,44.67708969116211,48.57807540893555,565.09130859375,28.010000228881836,23.49734115600586,253.39999389648438,74.7300033569336,4.422999858856201
2024-11-06,113.48844146728516,106.71604919433594,45.83891296386719,43.200801849365234,49.75516128540039,579.142578125,26.68000030517578,23.321157455444336,245.6999969482422,74.54000091552734,4.429999828338623
2024-11-07,113.62914276123047,105.56089782714844,47.51129150390625,43.861244201660156,49.03583526611328,583.6205444335938,27.84000015258789,23.840435028076172,249.64999389648438,74.66000366210938,4.420000076293945
2024-11-08,113.59162139892578,105.53251647949219,45.340126037597656,43.74470138549805,48.69952392578125,586.148681640625,27.110000610351562,23.617887496948242,247.9600067138672,73.12999725341797,4.422999858856201
2024-11-11,112.99134826660156,105.9675521850586,43.91224670410156,41.11263656616211,48.91438674926758,586.7071533203125,26.68000030517578,23.53443145751953,242.13999938964844,70.94000244140625,4.414999961853027
2024-11-12,112.87879943847656,104.63408660888672,42.64084243774414,40.38420486450195,48.04558181762695,584.8847045898438,26.059999465942383,23.729162216186523,240.0500030517578,70.69000244140625,4.422999858856201
2024-11-13,113.92927551269531,105.75004577636719,42.171409606933594,40.04426956176758,48.456634521484375,585.1688842773438,25.639999389648438,23.8033447265625,237.6300048828125,70.7300033569336,4.389999866485596
2024-11-14,114.00492858886719,106.79032135009766,42.3181037902832,39.51008605957031,49.054508209228516,581.4061889648438,25.729999542236328,24.007347106933594,237.00999450683594,71.29000091552734,4.382999897003174
2024-11-15,112.82288360595703,106.22289276123047,41.76064682006836,39.752899169921875,49.839237213134766,573.9591064453125,25.600000381469727,24.10934829711914,236.58999633789062,69.75,4.39300012588501
2024-11-18,113.76851654052734,107.58473205566406,42.591941833496094,41.14176940917969,49.24135208129883,576.310791015625,25.989999771118164,24.183530807495117,241.08999633789062,72.06999969482422,4.4029998779296875
2024-11-19,112.17984771728516,106.95108795166016,43.14940643310547,41.93819046020508,49.5029296875,578.41748046875,26.149999618530273,24.3133487701416,243.25,72.30999755859375,4.4079999923706055
2024-11-20,113.7779769897461,107.27264404296875,42.738643646240234,41.753658294677734,49.998050689697266,578.6134033203125,26.040000915527344,24.44317054748535,244.6199951171875,72.0199966430664,4.409999847412109
2024-11-21,115.30043029785156,105.82569122314453,42.79732131958008,42.074161529541016,50.158363342285156,581.7196044921875,25.899999618530273,24.396806716918945,246.66000366210938,73.19999694824219,4.413000106811523
2024-11-22,115.16804504394531,105.68383026123047,42.75820541381836,42.13243865966797,50.101783752441406,583.5226440429688,25.670000076293945,24.582263946533203,249.83999633789062,74.25,4.414999961853027
2024-11-25,113.4469985961914,100.34054565429688,43.403690338134766,41.2388916015625,49.98862838745117,585.501953125,25.940000534057617,24.60080909729004,242.47999572753906,72.0999984741211,4.40500020980835
2024-11-26,111.55574035644531,100.9836196899414,42.52348709106445,41.03493881225586,50.65815734863281,588.55908203125,25.690000534057617,24.82335662841797,242.9499969482422,71.61000061035156,4.394999980926514
2024-11-27,111.26260375976562,101.5605239868164,42.79732131958008,41.074012756347656,51.2711067199707,586.7757568359375,25.790000915527344,24.934629440307617,243.49000549316406,71.72000122070312,4.385000228881836
2024-11-29,111.5462875366211,102.45893096923828,43.22764587402344,40.9763069152832,51.487998962402344,590.4208984375,25.799999237060547,24.814083099365234,245.58999633789062,71.61000061035156,4.373000144958496
2024-12-02,111.4422607421875,100.37836456298828,42.67996597290039,39.96997833251953,51.17681121826172,591.4791870117188,25.8700008392334,24.628625869750977,243.44000244140625,71.04000091552734,4.380000114440918
2024-12-03,111.27206420898438,100.29325103759766,42.86578369140625,40.61481857299805,50.139495849609375,591.7534790039062,26.200000762939453,24.517353057861328,243.92999267578125,73.04000091552734,4.35699987411499
2024-12-04,108.06637573242188,97.89112854003906,42.093162536621094,40.458492279052734,48.819297790527344,595.427978515625,26.18000030517578,24.619354248046875,244.6699981689453,71.87999725341797,4.34499979019165
2024-12-05,108.53917694091797,98.77064514160156,41.848663330078125,40.126304626464844,49.30023193359375,594.4481201171875,26.190000534057617,25.036630630493164,242.86000061035156,71.47000122070312,4.329999923706055
2024-12-06,107.39498138427734,97.61687469482422,41.14450454711914,40.16537857055664,48.4892463684082,595.5750732421875,26.149999618530273,25.268451690673828,242.9499969482422,70.23999786376953,4.295000076293945
2024-12-09,106.76142120361328,97.56013488769531,42.767982482910156,40.77113342285156,49.017330169677734,592.508056640625,26.59000015258789,25.370452880859375,245.36000061035156,71.16999816894531,4.293000221252441
2024-12-10,106.54391479492188,96.80354309082031,41.73130416870117,40.53665542602539,49.111629486083984,590.6658325195312,26.600000381469727,25.57445526123047,248.58999633789062,71.4000015258789,4.284999847412109
2024-12-11,105.8346939086914,96.64278411865234,42.054046630859375,41.30849838256836,49.903751373291016,595.2319946289062,26.59000015258789,25.490999221801758,250.9600067138672,73.33000183105469,4.255000114440918
2024-12-12,105.74012756347656,95.4322738647461,41.1542854309082,40.605045318603516,50.05463790893555,592.1650390625,26.420000076293945,25.463180541992188,247.27999877929688,73.20999908447266,4.2230000495910645
2024-12-13,104.81340026855469,95.53628540039062,40.67506408691406,39.295833587646484,49.413394927978516,592.0475463867188,26.1200008392334,25.630090713500977,244.2899932861328,74.20999908447266,4.2179999351501465
2024-12-16,102.57227325439453,94.16500854492188,39.84376525878906,39.15904998779297,48.743858337402344,594.5755004882812,26.139999389648438,25.741365432739258,244.8800048828125,73.69999694824219,4.228000164031982
2024-12-17,102.13728332519531,92.9261245727539,39.72639465332031,38.88548278808594,48.55526351928711,592.1257934570312,25.889999389648438,25.69500160217285,243.94000244140625,73.30000305175781,4.239999771118164
2024-12-18,100.63373565673828,90.64694213867188,37.858421325683594,36.77511978149414,47.00872802734375,574.4784545898438,25.6299991607666,25.806276321411133,239.25999450683594,72.94000244140625,4.23199987411499
2024-12-19,99.7732162475586,90.01331329345703,37.39875793457031,36.16935729980469,46.565521240234375,574.302001953125,25.520000457763672,25.342634201049805,239.60000610351562,72.61000061035156,4.21999979019165
2024-12-20,100.11363983154297,89.9565658569336,38.005123138427734,37.40040588378906,47.61225128173828,581.2000122070312,25.6200008392334,25.593000411987305,242.10000610351562,73.0999984741211,4.215000152587891
2024-12-23,100.52027130126953,91.1481704711914,38.386539459228516,37.283172607421875,47.53681182861328,584.6802978515625,25.59000015258789,25.471385955810547,240.9600067138672,73.05999755859375,4.215000152587891
2024-12-24,100.61483001708984,91.83853912353516,38.357208251953125,37.42972183227539,47.7442741394043,591.1791381835938,25.65999984741211,25.60651397705078,241.44000244140625,73.6500015258789,4.199999809265137
2024-12-26,100.69993591308594,91.63047790527344,38.32786178588867,37.214778900146484,47.72541427612305,591.2184448242188,25.889999389648438,25.336259841918945,243.07000732421875,73.12999725341797,4.215000152587891
2024-12-27,100.69047546386719,91.65885925292969,38.005123138427734,36.97052001953125,47.69712448120117,584.9949951171875,25.790000915527344,24.950183868408203,241.39999389648438,73.8499984741211,4.177999973297119
2024-12-30,100.00962829589844,91.81961822509766,37.32052230834961,36.14982604980469,47.216190338134766,578.3192138671875,25.6299991607666,25.35556411743164,240.6300048828125,74.81999969482422,4.182000160217285
2024-12-31,101.72122192382812,93.7867202758789,37.24228286743164,36.364768981933594,47.64054489135742,576.2152709960938,25.15999984741211,25.664424896240234,242.1300048828125,75.55000305175781,4.208000183105469
2025-01-02,101.47534942626953,94.64732360839844,37.04667663574219,37.488338470458984,47.357643127441406,574.7994995117188,25.31999969482422,25.69338035583496,245.4199981689453,76.93000030517578,4.208000183105469
2025-01-03,101.99543762207031,95.60250091552734,36.88041687011719,37.23431396484375,47.19733428955078,581.9864501953125,25.549999237060547,25.56790542602539,243.49000549316406,77.91999816894531,4.192999839782715
2025-01-06,101.88196563720703,94.56220245361328,37.72149658203125,36.92166519165039,46.80126953125,585.3390502929688,26.0,25.509994506835938,243.19000244140625,77.30000305175781,4.190000057220459
2025-01-07,102.83704376220703,96.15100860595703,37.887760162353516,37.283172607421875,46.6126708984375,578.722412109375,26.209999084472656,25.577556610107422,244.55999755859375,78.16999816894531,4.203000068664551
2025-01-08,101.11601257324219,96.10372161865234,38.865760803222656,38.23088073730469,46.999298095703125,579.56787109375,26.739999771118164,25.44243049621582,245.86000061035156,77.30000305175781,4.204999923706055
2025-01-10,100.7472152709961,96.38743591308594,38.12248229980469,38.201568603515625,48.17805862426758,570.7194213867188,26.889999389648438,25.529298782348633,248.2100067138672,80.63999938964844,4.2129998207092285
2025-01-13,103.34769439697266,98.5720443725586,38.54302215576172,38.26995849609375,49.14935302734375,571.6043090820312,27.079999923706055,25.81885528564453,245.74000549316406,82.2300033569336,4.2179999351501465
2025-01-14,103.75431823730469,99.186767578125,38.631038665771484,39.23721694946289,48.27235794067383,572.3907470703125,27.239999771118164,25.73198699951172,247.02999877929688,81.66999816894531,4.2129998207092285
2025-01-15,105.4469985961914,99.75418853759766,39.29861068725586,40.419403076171875,48.22520446777344,582.802490234375,27.600000381469727,25.799551010131836,248.8800048828125,84.33999633789062,4.204999923706055
2025-01-16,105.2673110961914,99.87714385986328,39.29861068725586,40.69297409057617,48.10261154174805,581.6817016601562,27.75,25.423126220703125,250.60000610351562,82.94000244140625,4.195000171661377
2025-01-17,106.21294403076172,100.10409545898438,39.485145568847656,40.71251678466797,48.36665344238281,587.521728515625,27.25,25.674076080322266,249.27000427246094,82.5199966430664,4.192999839782715
2025-01-21,105.40916442871094,98.61933135986328,39.56367874145508,41.37689208984375,48.3006477355957,592.899658203125,27.229999542236328,25.98293685913086,253.1300048828125,81.11000061035156,4.197000026702881
2025-01-22,103.57463836669922,97.4655532836914,38.37579345703125,40.7222900390625,47.64054489135742,596.2326049804688,27.0,26.272493362426758,254.42999267578125,80.43000030517578,4.215000152587891
2025-01-23,104.16092681884766,98.3450698852539,37.79656982421875,40.986083984375,47.77256774902344,599.4868774414062,27.1299991607666,26.31110191345215,254.07000732421875,79.20999908447266,4.2129998207092285
2025-01-24,102.75194549560547,96.30233764648438,37.11917495727539,41.074012756347656,47.6311149597168,597.73681640625,27.149999618530273,26.407621383666992,255.64999389648438,79.5999984741211,4.204999923706055
2025-01-27,104.17984008789062,97.11564636230469,36.0,40.61481857299805,49.19649887084961,589.281494140625,26.6299991607666,26.3690128326416,252.99000549316406,77.93000030517578,4.188000202178955
2025-01-28,102.16566467285156,95.87673950195312,35.18517303466797,40.39986801147461,47.7065544128418,594.3449096679688,26.690000534057617,26.600658416748047,255.17999267578125,78.86000061035156,4.190000057220459
2025-01-29,102.76139831542969,96.0469741821289,35.617130279541016,40.63434600830078,48.7155647277832,591.6804809570312,26.899999618530273,26.94812774658203,254.1999969482422,77.77999877929688,4.188000202178955
2025-01-30,103.61246490478516,95.95240783691406,35.970550537109375,42.09988784790039,48.72499084472656,594.856201171875,27.170000076293945,26.755088806152344,258.04998779296875,77.75,4.182000160217285
2025-01-31,101.02144622802734,93.46517181396484,35.19498825073242,41.7383918762207,48.31007766723633,591.6903686523438,26.850000381469727,26.639266967773438,258.55999755859375,78.0199966430664,4.188000202178955
2025-02-03,101.2673110961914,93.13418579101562,35.204803466796875,42.12919998168945,47.169044494628906,587.7085571289062,27.15999984741211,26.677873611450195,259.94000244140625,77.81999969482422,4.190000057220459
2025-02-04,103.98126220703125,95.12017059326172,35.8134765625,42.35390853881836,44.783241271972656,591.651123046875,27.479999542236328,26.764741897583008,262.5,77.51000213623047,4.2129998207092285
2025-02-05,103.90560913085938,94.77025604248047,36.00982666015625,43.926918029785156,43.80251693725586,594.0499267578125,27.93000030517578,26.899869918823242,264.1300048828125,76.08999633789062,4.210000038146973
2025-02-06,102.5344467163086,94.51492309570312,36.47123718261719,43.848758697509766,42.95381164550781,596.1145629882812,28.09000015258789,26.716482162475586,263.42999267578125,75.44999694824219,4.2129998207092285
2025-02-07,102.96943664550781,93.02068328857422,37.52168655395508,43.8096809387207,43.15184020996094,590.6580810546875,28.899999618530273,26.61031150817871,263.8999938964844,75.86000061035156,4.228000164031982
2025-02-10,104.93634033203125,94.07989501953125,37.75729751586914,45.39244842529297,43.463035583496094,594.6693725585938,29.5,26.919172286987305,268.3699951171875,77.4000015258789,4.228000164031982
2025-02-11,105.5982894897461,96.1888427734375,36.903202056884766,44.444740295410156,43.793087005615234,595.1216430664062,28.8799991607666,26.919172286987305,267.3900146484375,78.2699966430664,4.224999904632568
2025-02-12,102.42118072509766,93.05852508544922,37.26643753051758,45.734413146972656,42.64262390136719,593.2044067382812,29.579999923706055,26.996387481689453,267.6700134277344,76.31999969482422,4.228000164031982
2025-02-13,103.16536712646484,91.63994598388672,39.485145568847656,46.65281295776367,43.10469055175781,599.4672241210938,30.15999984741211,27.208730697631836,270.30999755859375,76.38999938964844,4.2129998207092285
2025-02-14,103.27031707763672,91.77342224121094,38.74885177612305,45.47062301635742,43.472469329833984,599.4376831054688,29.270000457763672,27.18942642211914,266.2900085449219,75.81999969482422,4.2129998207092285
2025-02-18,105.08307647705078,92.90795135498047,38.58195495605469,46.4183235168457,43.77760696411133,601.1975708007812,28.84000015258789,27.392114639282227,270.70001220703125,76.95999908447266,4.2129998207092285
2025-02-19,105.23572540283203,94.92914581298828,37.86529541015625,46.32062530517578,43.90156936645508,602.6133422851562,28.809999465942383,27.23768424987793,270.8500061035156,77.44999694824219,4.2179999351501465
2025-02-20,106.85768127441406,97.24588012695312,38.248165130615234,46.9849967956543,44.38787841796875,600.1062622070312,29.06999969482422,26.94812774658203,270.989990234375,77.76000213623047,4.204999923706055
2025-02-21,105.60783386230469,93.3751220703125,36.30434036254883,44.28841018676758,45.95170593261719,589.842041015625,28.600000381469727,26.591007232666016,270.739990234375,75.3499984741211,4.197000026702881
2025-02-24,106.16119384765625,94.21409606933594,36.431968688964844,43.02805709838867,46.15195083618164,587.157958984375,28.399999618530273,26.089109420776367,272.2099914550781,75.97000122070312,4.190000057220459
2025-02-25,104.6919174194336,92.55520629882812,36.08836364746094,41.94356918334961,46.4952278137207,584.2379150390625,28.360000610351562,26.11806297302246,268.6199951171875,74.12999725341797,4.182000160217285
2025-02-26,104.43431091308594,91.64946746826172,37.25661849975586,42.57862854003906,44.79790496826172,584.5328979492188,28.600000381469727,26.175975799560547,269.0299987792969,73.8499984741211,4.192999839782715
2025-02-27,105.09261322021484,92.8316879272461,36.73630142211914,41.15217208862305,44.426021575927734,575.2025756835938,28.690000534057617,25.876766204833984,264.92999267578125,75.27999877929688,4.195000171661377
2025-02-28,106.21843719482422,94.52872467041016,36.235618591308594,41.85563659667969,45.007686614990234,584.178955078125,28.3799991607666,25.56790542602539,263.2699890136719,75.22000122070312,4.192999839782715
2025-03-03,102.81236267089844,88.31261444091797,34.88083267211914,41.386661529541016,44.41648864746094,573.9441528320312,28.56999969482422,25.143220901489258,266.739990234375,73.31999969482422,4.192999839782715
2025-03-04,102.60246276855469,86.41536712646484,34.262351989746094,41.77979278564453,43.69178771972656,567.1505126953125,28.489999771118164,25.278348922729492,269.05999755859375,73.30999755859375,4.195000171661377
2025-03-05,100.598876953125,84.73739624023438,37.46278381347656,43.096771240234375,43.67271423339844,573.2461547851562,30.079999923706055,25.471385955810547,269.6199951171875,71.41999816894531,4.204999923706055
2025-03-06,102.67878723144531,84.4704360961914,36.99155807495117,43.16557312011719,45.82775115966797,563.0703125,29.899999618530273,25.374868392944336,268.25,71.12999725341797,4.197000026702881
2025-03-07,104.01449584960938,86.40582275390625,36.265071868896484,43.116432189941406,47.143646240234375,566.226318359375,29.479999542236328,25.577556610107422,268.3900146484375,72.08999633789062,4.197000026702881
2025-03-10,106.6668701171875,88.57003021240234,33.869651794433594,41.64219665527344,48.25929641723633,551.1444702148438,29.079999923706055,25.703031539916992,266.0400085449219,70.88999938964844,4.184999942779541
2025-03-11,104.14807891845703,90.96302795410156,35.22443771362305,42.674156188964844,46.380802154541016,546.56298828125,29.899999618530273,25.712682723999023,269.1600036621094,71.44999694824219,4.195000171661377
2025-03-12,104.11946105957031,93.1939697265625,36.10799789428711,42.880558013916016,44.89326095581055,549.4632568359375,30.219999313354492,25.65477180480957,270.3299865722656,72.80000305175781,4.197000026702881
2025-03-13,103.68057250976562,91.70668029785156,36.89338302612305,44.8658561706543,45.05537033081055,542.1386108398438,30.780000686645508,25.69338035583496,275.1300048828125,71.62000274658203,4.188000202178955
2025-03-14,106.76227569580078,94.3380355834961,38.14017868041992,45.44572067260742,44.988616943359375,553.3369750976562,30.459999084472656,25.53894805908203,275.239990234375,72.27999877929688,4.188000202178955
2025-03-17,108.53688049316406,94.72892761230469,38.78811264038086,46.703731536865234,45.7609977722168,557.6039428710938,31.079999923706055,25.925025939941406,276.7300109863281,72.70999908447266,4.188000202178955
2025-03-18,108.42237854003906,95.84439849853516,39.112091064453125,46.98875427246094,45.465396881103516,551.5770874023438,31.31999969482422,25.925025939941406,279.9599914550781,72.20999908447266,4.195000171661377
2025-03-19,110.11112976074219,96.60710906982422,39.681488037109375,47.1656608581543,44.75022888183594,557.584228515625,32.0,25.915374755859375,281.1099853515625,72.41999816894531,4.190000057220459
2025-03-20,110.57862854003906,97.54143524169922,39.95637893676758,46.939605712890625,44.35927200317383,555.9718017578125,31.989999771118164,25.963632583618164,280.75,73.7300033569336,4.182000160217285
2025-03-21,110.19698333740234,97.16960906982422,39.51459503173828,46.546478271484375,43.95878219604492,556.1552124023438,31.899999618530273,25.809202194213867,278.489990234375,73.79000091552734,4.184999942779541
2025-03-24,110.48320770263672,97.4270248413086,40.84975051879883,46.01576232910156,43.79667663574219,566.1151733398438,31.84000015258789,25.751291275024414,277.25,74.87999725341797,4.182000160217285
2025-03-25,111.2369384765625,97.77024841308594,42.22417068481445,46.73321533203125,43.911102294921875,567.47607421875,32.68000030517578,25.838159561157227,278.4700012207031,74.81999969482422,4.182000160217285
2025-03-26,112.83980560302734,98.38996124267578,40.73194122314453,46.57596206665039,44.883724212646484,560.7013549804688,32.75,25.64512062072754,278.239990234375,75.41999816894531,4.190000057220459
2025-03-27,112.47724914550781,98.02766418457031,39.24953079223633,47.55879211425781,46.03752517700195,559.2122192382812,31.959999084472656,25.509994506835938,281.9700012207031,75.4800033569336,4.188000202178955
2025-03-28,112.32460021972656,97.59864044189453,37.71803283691406,47.25411605834961,45.64657211303711,547.95068359375,31.950000762939453,25.548601150512695,284.05999755859375,74.7699966430664,4.188000202178955
2025-03-31,113.46949768066406,100.12512969970703,37.16826629638672,47.4506721496582,45.780067443847656,551.62890625,31.600000381469727,25.423126220703125,288.1400146484375,77.33000183105469,4.192999839782715
2025-04-01,113.57444763183594,100.4778823852539,37.43333053588867,47.460506439208984,45.97077560424805,553.1869506835938,31.520000457763672,25.992589950561523,287.57000732421875,77.08000183105469,4.199999809265137
2025-04-02,113.22142791748047,101.15478515625,37.502052307128906,47.89295196533203,45.74192428588867,556.6878051757812,31.530000686645508,26.23388671875,288.1600036621094,77.73999786376953,4.203000068664551
2025-04-03,107.2679443359375,90.81049346923828,32.89773941040039,47.49981689453125,45.360504150390625,529.2537231445312,30.06999969482422,26.040847778320312,286.4200134277344,72.25,4.184999942779541
2025-04-04,99.54937744140625,82.26811218261719,28.617403030395508,43.421104431152344,41.30790328979492,498.2696533203125,27.520000457763672,25.230087280273438,279.7200012207031,67.91999816894531,4.15500020980835
2025-04-07,98.21365356445312,81.67701721191406,29.815114974975586,44.08942413330078,40.98369598388672,497.38214111328125,26.68000030517578,24.583410263061523,273.7099914550781,65.9800033569336,4.150000095367432
2025-04-08,96.1432876586914,78.80731201171875,28.676307678222656,44.187705993652344,39.848968505859375,489.591796875,25.719999313354492,24.39037322998047,275.20001220703125,63.34000015258789,4.177999973297119
2025-04-09,100.94234466552734,87.24481964111328,33.1235466003418,47.912601470947266,42.31867218017578,541.00830078125,27.739999771118164,25.11426544189453,285.3800048828125,67.58000183105469,4.228000164031982
2025-04-10,95.34185791015625,79.40794372558594,30.77720832824707,50.06498336791992,42.414024353027344,517.3019409179688,27.489999771118164,24.86331558227539,292.3500061035156,65.31999969482422,4.197000026702881
2025-04-11,98.40447235107422,82.36344909667969,32.74066162109375,54.0257682800293,43.71085739135742,526.5321044921875,28.510000228881836,25.3941707611084,297.92999267578125,66.45999908447266,4.2129998207092285
2025-04-14,98.64299011230469,82.42063903808594,33.133358001708984,53.848854064941406,44.2734489440918,531.6402587890625,29.399999618530273,25.365215301513672,296.2300109863281,66.66000366210938,4.195000171661377
2025-04-15,98.3663101196289,81.72468566894531,32.90655517578125,53.64246368408203,43.930171966552734,530.151123046875,29.010000228881836,25.230087280273438,297.7799987792969,66.4800033569336,4.199999809265137
2025-04-16,99.4062728881836,82.33485412597656,32.85724639892578,54.988929748535156,43.987388610839844,518.3668823242188,29.31999969482422,25.596860885620117,307.4700012207031,67.75,4.208000183105469
2025-04-17,102.01092529296875,84.8327407836914,32.44308090209961,54.13387680053711,45.5988883972168,519.1064453125,29.469999313354492,25.722335815429688,306.1199951171875,69.4800033569336,4.204999923706055
2025-04-21,100.51300048828125,83.46937561035156,32.49238204956055,54.26164245605469,45.85634994506836,506.7503356933594,29.790000915527344,25.703031539916992,315.5899963378906,68.62000274658203,4.210000038146973
2025-04-22,103.32756042480469,85.57637786865234,33.586971282958984,53.603145599365234,46.28544998168945,519.934814453125,30.3799991607666,26.040847778320312,311.1099853515625,69.37000274658203,4.2129998207092285
2025-04-23,102.44026947021484,85.73844909667969,34.70127487182617,52.23702621459961,45.88495635986328,527.9915161132812,30.3700008392334,26.03119659423828,303.6499938964844,68.05000305175781,4.208000183105469
2025-04-24,103.64239501953125,87.52130126953125,37.10738754272461,54.74321746826172,46.51429748535156,539.1051635742188,30.610000610351562,26.301450729370117,308.07000732421875,68.45999908447266,4.197000026702881
2025-04-25,103.58515930175781,87.44503021240234,36.831275939941406,53.01345443725586,46.00891876220703,543.0004272460938,30.3799991607666,26.5234432220459,304.7300109863281,69.02999877929688,4.192999839782715
2025-04-28,103.64239501953125,88.59862518310547,36.72280502319336,53.14121627807617,45.818206787109375,543.2074584960938,30.440000534057617,26.340059280395508,309.07000732421875,67.76000213623047,4.192999839782715
2025-04-29,103.38480377197266,87.59757232666016,36.65377426147461,52.050289154052734,45.56074523925781,546.6293334960938,30.18000030517578,26.040847778320312,306.05999755859375,65.8499984741211,4.190000057220459
2025-04-30,100.7801513671875,84.9662094116211,35.52960968017578,51.77509689331055,45.532142639160156,546.84619140625,28.540000915527344,25.876766204833984,303.7699890136719,63.560001373291016,4.190000057220459
2025-05-01,100.92326354980469,86.42489624023438,35.904335021972656,50.60554504394531,45.37004089355469,550.7216796875,28.81999969482422,25.69338035583496,297.4599914550781,64.5199966430664,4.184999942779541
2025-05-02,101.33352661132812,87.14947509765625,37.07780075073242,50.64484786987305,45.627498626708984,558.8966674804688,29.100000381469727,25.925025939941406,297.9800109863281,64.01000213623047,4.208000183105469
2025-05-05,98.52850341796875,83.5265884399414,36.831275939941406,52.12891387939453,45.29375457763672,555.6917724609375,29.239999771118164,25.78024673461914,306.8800048828125,62.369998931884766,4.208000183105469
2025-05-06,99.90239715576172,83.54564666748047,37.39336013793945,53.67194366455078,46.07566833496094,551.0471801757812,29.65999984741211,25.94432830810547,315.4800109863281,64.5999984741211,4.210000038146973
2025-05-07,99.8069839477539,83.6219253540039,36.505859375,53.062591552734375,45.65610885620117,553.3645629882812,28.739999771118164,25.93467903137207,310.75,63.5099983215332,4.215000152587891
2025-05-08,101.199951171875,84.68019104003906,36.95947265625,51.922523498535156,45.48446273803711,557.2202758789062,28.579999923706055,25.973285675048828,304.6300048828125,65.5999984741211,4.215000152587891
2025-05-09,102.38301849365234,84.46090698242188,37.33419418334961,53.05276870727539,46.275909423828125,556.51025390625,28.940000534057617,26.079456329345703,306.8399963378906,66.61000061035156,4.215000152587891
2025-05-12,104.14807891845703,87.9693832397461,38.56683349609375,49.90773391723633,47.582279205322266,574.9014892578125,28.920000076293945,26.050500869750977,298.19000244140625,67.5999984741211,4.28000020980835
2025-05-13,104.43431091308594,89.78082275390625,38.921836853027344,49.20993423461914,48.33558654785156,578.6981201171875,29.40999984741211,26.426923751831055,299.4599914550781,69.58999633789062,4.284999847412109
2025-05-14,103.49929809570312,88.25540924072266,38.51752853393555,47.824153900146484,47.11503601074219,579.4378051757812,29.0,26.282146453857422,293.1600036621094,68.7300033569336,4.284999847412109
2025-05-15,104.54883575439453,88.62723541259766,37.93572235107422,48.983882904052734,46.5905876159668,582.2679443359375,29.270000457763672,26.44622802734375,297.8399963378906,67.58999633789062,4.257999897003174
2025-05-16,104.1733169555664,88.1219253540039,37.49197006225586,49.239410400390625,47.801597595214844,585.9559936523438,28.610000610351562,26.388317108154297,294.239990234375,68.0999984741211,4.236999988555908
2025-05-19,102.51716613769531,86.9296646118164,38.261138916015625,50.05516052246094,47.68717575073242,586.5969848632812,29.09000015258789,26.619962692260742,298.0299987792969,68.51000213623047,4.239999771118164
2025-05-20,101.05359649658203,86.23737335205078,37.866695404052734,51.40162658691406,47.8302001953125,584.6246337890625,29.239999771118164,26.68752670288086,303.5799865722656,68.66000366210938,4.248000144958496
2025-05-21,99.81149291992188,83.79515838623047,37.48210906982422,51.735782623291016,46.529685974121094,574.7733154296875,29.209999084472656,26.716482162475586,305.82000732421875,67.58999633789062,4.235000133514404
2025-05-22,99.1471176147461,82.81440734863281,37.176414489746094,51.7456169128418,46.2021484375,575.0001220703125,29.229999542236328,26.44622802734375,303.1099853515625,67.13999938964844,4.23199987411499
2025-05-23,99.20488739013672,81.91061401367188,38.478084564208984,52.72843551635742,46.18287658691406,571.0753173828125,30.389999389648438,26.19527816772461,309.75,67.98999786376953,4.230000019073486
2025-05-27,99.67668914794922,82.25675964355469,39.089473724365234,52.04711151123047,46.84759521484375,582.9483642578125,29.649999618530273,26.069805145263672,304.5,67.27999877929688,4.203000068664551
2025-05-28,98.31903839111328,81.3240966796875,38.349884033203125,52.18534851074219,46.577850341796875,579.5758056640625,29.209999084472656,25.789897918701172,303.80999755859375,67.88999938964844,4.224999904632568
2025-05-29,98.87750244140625,82.30482482910156,38.48794174194336,51.85950469970703,46.59711837768555,581.8635864257812,29.15999984741211,25.64512062072754,305.6099853515625,67.19000244140625,4.230000019073486
2025-05-30,98.50199127197266,82.06444549560547,37.945579528808594,52.05698776245117,46.500789642333984,581.2127685546875,29.360000610351562,25.77059555053711,303.6000061035156,67.1500015258789,4.23199987411499
2025-06-02,99.22413635253906,83.3817138671875,39.59238815307617,54.881019592285156,46.33701705932617,584.4866333007812,30.3700008392334,25.703031539916992,311.6700134277344,69.55000305175781,4.23199987411499
2025-06-03,99.94629669189453,84.5259017944336,39.68114471435547,54.644039154052734,45.54706573486328,587.81982421875,30.389999389648438,25.77059555053711,308.9100036621094,69.88999938964844,4.235000133514404
2025-06-04,98.50199127197266,82.64134979248047,40.29253387451172,54.58478927612305,45.508541107177734,587.6619873046875,30.510000228881836,25.963632583618164,310.8999938964844,69.33999633789062,4.239999771118164
2025-06-05,98.0494384765625,82.06444549560547,41.11099624633789,53.82447814941406,45.25806427001953,584.8218994140625,30.760000228881836,26.31110191345215,309.3299865722656,69.93000030517578,4.23199987411499
2025-06-06,100.39884948730469,83.86247253417969,40.9039192199707,51.70151901245117,45.68193817138672,590.8274536132812,30.229999542236328,26.5234432220459,305.17999267578125,71.37999725341797,4.23199987411499
2025-06-09,101.07286071777344,84.6509017944336,41.75197219848633,52.60994338989258,46.14434814453125,591.35986328125,30.68000030517578,26.43657684326172,306.6199951171875,72.05000305175781,4.239999771118164
2025-06-10,103.23933410644531,87.67002868652344,41.60405731201172,51.89900207519531,46.95355987548828,594.7128295898438,30.700000762939453,26.127716064453125,306.7099914550781,71.5999984741211,4.25
2025-06-11,105.25172424316406,89.7564926147461,40.44044494628906,52.63956832885742,46.8861198425293,593.0166015625,30.020000457763672,26.10841178894043,308.3699951171875,74.81999969482422,4.25
2025-06-12,105.65613555908203,91.04490661621094,40.60808563232422,55.21673583984375,47.839839935302734,595.3734741210938,30.260000228881836,26.069805145263672,312.20001220703125,75.05000305175781,4.257999897003174
2025-06-13,107.95741271972656,93.22752380371094,40.37141799926758,57.171844482421875,50.09407043457031,588.7171630859375,29.770000457763672,26.021543502807617,316.2900085449219,80.22000122070312,4.239999771118164
2025-06-16,108.30404663085938,91.34297180175781,41.327945709228516,57.389076232910156,52.17490768432617,594.318359375,30.200000762939453,26.22423553466797,311.7799987792969,78.58999633789062,4.248000144958496
2025-06-17,109.7676010131836,91.82372283935547,40.79544448852539,57.7840461730957,52.11709976196289,589.2398071289062,29.959999084472656,25.953981399536133,311.94000244140625,82.30000305175781,4.2179999351501465
2025-06-18,108.9876937866211,90.18917083740234,40.60808563232422,57.527313232421875,52.011131286621094,589.1510009765625,30.350000381469727,25.847810745239258,310.260009765625,82.2699966430664,4.2230000495910645
2025-06-20,110.44161224365234,91.04490661621094,39.66141891479492,57.4976921081543,51.64506149291992,587.7673950195312,30.290000915527344,25.490690231323242,310.1300048828125,83.12000274658203,4.195000171661377
2025-06-23,107.59150695800781,88.17961883544922,40.37141799926758,58.712223052978516,50.88401794433594,593.5730590820312,30.649999618530273,25.558252334594727,311.0799865722656,76.41000366210938,4.1579999923706055
2025-06-24,104.31774139404297,85.94893646240234,41.42655563354492,57.35945510864258,50.98998260498047,600.1304321289062,30.690000534057617,25.374868392944336,306.19000244140625,73.0,4.182000160217285
2025-06-25,104.34663391113281,85.57392883300781,41.0321159362793,57.329833984375,50.38307189941406,600.4666748046875,30.860000610351562,25.172176361083984,307.1199951171875,73.30999755859375,4.188000202178955
2025-06-26,105.90648651123047,87.39118957519531,43.842533111572266,58.44561767578125,51.221187591552734,605.16455078125,31.700000762939453,25.230087280273438,306.7799987792969,73.58999633789062,4.192999839782715
2025-06-27,105.31913757324219,86.69890594482422,43.26072692871094,56.04617691040039,50.07480239868164,608.1713256835938,31.670000076293945,25.413475036621094,301.2200012207031,73.27999877929688,4.197000026702881
2025-06-30,103.79779815673828,86.28546142578125,42.747947692871094,57.527313232421875,50.845481872558594,611.0791015625,31.639999389648438,25.2397403717041,304.8299865722656,73.11000061035156,4.190000057220459
2025-07-01,105.184326171875,88.44884490966797,43.43822479248047,58.090145111083984,52.45427322387695,610.8812866210938,31.56999969482422,24.757144927978516,307.54998779296875,73.93000030517578,4.224999904632568
2025-07-02,106.92713165283203,90.80453491210938,45.134342193603516,59.30467987060547,53.851131439208984,613.6505737304688,32.2400016784668,24.9694881439209,309.25,75.58999633789062,4.2230000495910645
2025-07-03,108.03443145751953,90.07378387451172,45.16392135620117,59.14669418334961,53.28275680541992,618.4869995117188,31.90999984741211,24.98879051208496,307.1400146484375,75.19000244140625,4.239999771118164
2025-07-07,106.98490905761719,88.98728942871094,44.50322723388672,59.40342330932617,52.521705627441406,613.8779907226562,31.149999618530273,24.81505584716797,307.3699951171875,76.4800033569336,4.244999885559082
2025-07-08,109.95055389404297,92.10255432128906,45.62739562988281,56.885494232177734,52.550601959228516,613.5418090820312,33.77000045776367,24.844011306762695,304.1600036621094,76.95999908447266,4.25
2025-07-09,109.57503509521484,90.89106750488281,44.95683670043945,58.01115417480469,52.0207633972168,617.2210083007812,34.29999923706055,25.02739906311035,305.5199890136719,76.93000030517578,4.244999885559082
2025-07-10,110.6630859375,91.69873046875,46.55433654785156,59.0281982421875,52.87814712524414,618.9617309570312,34.79999923706055,24.872968673706055,306.20001220703125,75.38999938964844,4.239999771118164
2025-07-11,111.14451599121094,91.92949676513672,45.71614456176758,59.37379837036133,52.92631149291992,616.7857666015625,34.5099983215332,24.872968673706055,309.1400146484375,77.29000091552734,4.236999988555908
2025-07-14,109.6905746459961,90.544921875,44.99628448486328,60.055118560791016,52.30976867675781,617.9627685546875,34.279998779296875,24.979137420654297,308.010009765625,75.62000274658203,4.228000164031982
2025-07-15,108.71807861328125,88.98728942871094,43.6507453918457,56.62875747680664,51.76066207885742,615.322021484375,34.310001373291016,24.72818946838379,306.7300109863281,75.26000213623047,4.23199987411499
2025-07-16,108.06331634521484,87.9873275756836,43.512237548828125,57.714927673339844,52.0207633972168,617.3792114257812,34.18000030517578,24.979137420654297,308.260009765625,75.19000244140625,4.224999904632568
2025-07-17,107.51448822021484,89.23727416992188,43.98713302612305,57.26071548461914,51.57762908935547,621.1574096679688,34.150001525878906,24.882619857788086,307.5899963378906,76.16000366210938,4.235000133514404
2025-07-18,103.7688980102539,88.11231994628906,44.323516845703125,57.45819854736328,52.3964729309082,620.702392578125,34.65999984741211,25.123918533325195,308.3900146484375,75.93000030517578,4.230000019073486
2025-07-21,104.03851318359375,87.49695587158203,44.70936584472656,59.1071891784668,52.1652717590332,621.87939453125,34.939998626708984,24.998441696166992,313.1300048828125,75.58999633789062,4.2230000495910645
2025-07-22,104.51032257080078,89.4007339477539,45.3128776550293,60.92405319213867,53.37908172607422,621.9684448242188,35.5,25.06600570678711,316.1000061035156,75.3499984741211,4.230000019073486
2025-07-23,105.84871673583984,91.38143157958984,44.36309051513672,60.64757537841797,54.159400939941406,627.2598266601562,36.099998474121094,25.288000106811523,312.17999267578125,75.27999877929688,4.239999771118164
2025-07-24,106.67678833007812,91.9391098022461,44.10585403442383,60.73644256591797,53.465789794921875,627.4674072265625,36.16999816894531,25.288000106811523,310.2699890136719,76.08999633789062,4.244999885559082
2025-07-25,106.30126953125,91.2948989868164,44.41255569458008,64.9231185913086,53.321285247802734,630.1181030273438,35.84000015258789,25.172176361083984,307.3999938964844,74.8499984741211,4.244999885559082
2025-07-28,107.30265045166016,93.28520965576172,43.32426071166992,62.85940170288086,52.752906799316406,629.9598999023438,34.790000915527344,25.31695556640625,305.4100036621094,77.16999816894531,4.235000133514404
2025-07-29,108.68919372558594,94.2178726196289,42.77021408081055,63.18526077270508,52.21343994140625,628.2982788085938,35.0,25.1046142578125,306.25,79.80000305175781,4.230000019073486
2025-07-30,107.7455825805664,92.94868469238281,38.72371292114258,61.52638626098633,53.17678451538086,627.5070190429688,28.239999771118164,25.056352615356445,300.9599914550781,81.04000091552734,4.23199987411499
2025-07-31,107.4952163696289,91.66988372802734,39.81201934814453,61.31902313232422,52.19417190551758,625.1531372070312,27.450000762939453,24.998441696166992,302.9599914550781,79.58999633789062,4.235000133514404
2025-08-01,105.5694808959961,89.189208984375,39.604244232177734,61.802860260009766,51.87626647949219,614.9066162109375,27.56999969482422,24.77644920349121,309.1099853515625,77.45999908447266,4.182000160217285
2025-08-04,103.38375091552734,89.27572631835938,39.9901008605957,64.59727478027344,52.36757278442383,624.2530517578125,27.719999313354492,24.834360122680664,310.9100036621094,76.11000061035156,4.1529998779296875
2025-08-05,103.25858306884766,89.61225891113281,39.604244232177734,66.39437866210938,55.50808334350586,621.088134765625,27.209999084472656,25.017745971679688,311.1600036621094,75.0199966430664,4.150000095367432
2025-08-06,102.5556869506836,89.52572631835938,39.436058044433594,67.0658187866211,54.65070343017578,625.845458984375,27.459999084472656,25.085309982299805,310.5,73.79000091552734,4.132999897003174
2025-08-07,102.01646423339844,89.03536987304688,40.36605453491211,68.20137023925781,55.739288330078125,625.3212280273438,27.479999542236328,25.336259841918945,313.1199951171875,73.41999816894531,4.138000011444092
2025-08-08,102.83491516113281,90.29493713378906,41.42467498779297,68.11250305175781,55.72001647949219,630.1972045898438,27.770000457763672,25.297651290893555,313.04998779296875,73.30000305175781,4.132999897003174
2025-08-11,101.90092468261719,89.92955780029297,41.019039154052734,68.00389099121094,56.14389419555664,628.9510498046875,27.690000534057617,25.703031539916992,308.54998779296875,73.80000305175781,4.14300012588501
2025-08-12,102.18978881835938,90.9487533569336,41.70170211791992,68.0631332397461,56.413631439208984,635.6468505859375,28.059999465942383,25.876766204833984,308.2699890136719,72.94999694824219,4.130000114440918
2025-08-13,103.60520935058594,92.18910217285156,42.285423278808594,67.6977767944336,57.62744903564453,637.82275390625,27.950000762939453,25.963632583618164,309.2099914550781,72.45999908447266,4.110000133514404
2025-08-14,103.39337921142578,91.96795654296875,41.83031463623047,67.61878967285156,57.14577865600586,637.882080078125,27.989999771118164,25.674076080322266,307.25,73.73999786376953,4.111999988555908
2025-08-15,103.49056243896484,91.66027069091797,41.90946578979492,68.4581069946289,57.56001663208008,636.3886108398438,27.920000076293945,26.11806297302246,307.42999267578125,72.80000305175781,4.111999988555908
2025-08-18,103.7140884399414,91.12708282470703,41.30595779418945,68.13225555419922,57.48294448852539,636.2501220703125,27.84000015258789,26.079456329345703,306.95001220703125,73.16999816894531,4.123000144958496
2025-08-19,104.39436340332031,90.89441680908203,41.019039154052734,66.5326156616211,57.7623176574707,632.7984008789062,27.56999969482422,26.185626983642578,305.2699890136719,72.30000305175781,4.110000133514404
2025-08-20,105.47310638427734,91.98987579345703,40.870635986328125,68.13225555419922,59.00597381591797,631.1170654296875,27.65999984741211,26.253190994262695,308.3599853515625,73.5199966430664,4.114999771118164
2025-08-21,106.15339660644531,91.88323974609375,41.27627944946289,69.20854187011719,59.38490676879883,628.5850830078125,27.770000457763672,26.330406188964844,307.2900085449219,74.12999725341797,4.127999782562256
2025-08-22,108.1456527709961,93.82211303710938,42.819679260253906,69.8799819946289,61.13380813598633,638.2380981445312,27.770000457763672,26.629615783691406,310.5799865722656,74.63999938964844,4.0879998207092285
2025-08-25,108.59269714355469,95.1793212890625,43.22532272338867,70.20584106445312,62.38718795776367,635.4292602539062,27.860000610351562,26.619962692260742,309.8299865722656,75.75,4.0929999351501465
2025-08-26,108.34973907470703,94.08386993408203,43.878299713134766,71.51911926269531,61.03664779663086,638.0897216796875,27.93000030517578,26.465532302856445,312.0799865722656,74.05000305175781,4.0879998207092285
2025-08-27,109.5742416381836,94.90789031982422,43.40340805053711,71.47960662841797,60.92976760864258,639.543701171875,27.65999984741211,26.716482162475586,312.7099914550781,74.68000030517578,4.059999942779541
2025-08-28,110.15734100341797,95.44107055664062,43.8980827331543,72.05231475830078,60.881187438964844,641.8085327148438,27.93000030517578,26.56205177307129,315.0299987792969,75.23999786376953,4.072000026702881
2025-08-29,111.07087707519531,95.94518280029297,43.927772521972656,73.46434020996094,60.861759185791016,637.98095703125,28.1299991607666,26.8033504486084,318.07000732421875,74.83999633789062,4.043000221252441
2025-09-02,111.45960235595703,95.96456146240234,44.4620246887207,74.9059829711914,60.28850555419922,633.2533569335938,28.489999771118164,26.494489669799805,325.5899963378906,76.76000213623047,4.0320000648498535
2025-09-03,108.7579116821289,91.75720977783203,45.71852111816406,74.47151184082031,59.96787643432617,636.685302734375,28.360000610351562,26.3690128326416,328.1400146484375,74.83000183105469,4.01800012588501
2025-09-04,109.23410034179688,92.84298706054688,45.58000564575195,74.1842041015625,60.18163299560547,642.0062866210938,28.079999923706055,26.291797637939453,326.69000244140625,74.18000030517578,3.997999906539917
2025-09-05,106.15339660644531,90.10917663574219,45.84713363647461,75.46222686767578,61.15324020385742,640.1469116210938,27.940000534057617,26.214582443237305,331.04998779296875,72.62999725341797,3.9100000858306885
2025-09-08,106.75592041015625,88.6065444946289,46.163734436035156,75.0461196899414,60.53140640258789,641.7195434570312,28.030000686645508,26.330406188964844,334.82000732421875,73.04000091552734,3.927999973297119
2025-09-09,107.53339385986328,89.052490234375,43.423194885253906,75.21453857421875,60.42453384399414,643.2031860351562,28.1299991607666,26.15667152404785,334.05999755859375,73.38999938964844,3.943000078201294
2025-09-10,109.33129119873047,91.43729400634766,44.40266418457031,77.70121765136719,59.66667556762695,645.0625,28.329999923706055,26.262842178344727,335.260009765625,74.70999908447266,3.930000066757202
2025-09-11,108.98143005371094,91.25309753417969,45.43159866333008,78.90988159179688,59.6763916015625,650.4231567382812,28.799999237060547,26.455881118774414,334.760009765625,73.0,3.927999973297119
2025-09-12,109.00086212158203,89.60506439208984,44.24436950683594,78.51359558105469,59.8221321105957,650.2055053710938,28.600000381469727,26.542747497558594,335.4200134277344,73.30999755859375,3.927999973297119
2025-09-15,109.18550872802734,89.50812530517578,45.154579162597656,78.6225814819336,58.81165313720703,653.6671752929688,29.030000686645508,26.9384765625,338.9100036621094,74.2300033569336,3.9000000953674316
2025-09-16,111.44988250732422,91.65057373046875,44.81819534301758,78.28573608398438,60.579986572265625,652.7671508789062,28.950000762939453,26.793697357177734,339.5899963378906,75.66999816894531,3.890000104904175
2025-09-17,112.0427017211914,90.95257568359375,44.61043167114258,77.95880126953125,59.35575866699219,651.9561157226562,28.420000076293945,26.23388671875,336.9700012207031,74.97000122070312,3.868000030517578
2025-09-18,110.72100830078125,90.62297821044922,44.4521369934082,77.59223937988281,59.10314178466797,655.0023803710938,28.34000015258789,26.137367248535156,335.6199951171875,74.69000244140625,3.880000114440918
2025-09-19,109.64227294921875,89.11064147949219,44.4620246887207,80.96064758300781,59.899864196777344,658.2465209960938,28.579999923706055,26.03119659423828,339.17999267578125,73.5199966430664,3.878000020980835
2025-09-22,108.86479949951172,89.19790649414062,44.6796875,82.94207000732422,58.16067886352539,661.3607177734375,28.6200008392334,25.915374755859375,345.04998779296875,73.44999694824219,3.8480000495910645
2025-09-23,110.74044036865234,90.61328125,44.877559661865234,83.88323211669922,58.97683334350586,657.7606201171875,28.6200008392334,25.876766204833984,346.4599914550781,75.05000305175781,3.8450000286102295
2025-09-24,111.33325958251953,92.7072525024414,37.26934814453125,82.69438934326172,59.73468780517578,655.6678466796875,29.700000762939453,25.963632583618164,343.32000732421875,76.38999938964844,3.8580000400543213
2025-09-25,112.3342514038086,93.85120391845703,34.96413040161133,82.89253234863281,59.33633041381836,652.6429443359375,29.510000228881836,25.90572166442871,344.75,76.98999786376953,3.882999897003174
2025-09-26,113.91835021972656,95.47016143798828,35.36976623535156,84.45784759521484,58.87966537475586,656.3819580078125,29.3700008392334,26.040847778320312,346.739990234375,77.0199966430664,3.859999895095825
2025-09-29,111.00284576416016,92.92053985595703,36.72520065307617,83.75444793701172,58.597904205322266,658.2266845703125,30.290000915527344,25.973285675048828,352.4599914550781,74.58999633789062,3.86299991607666
2025-09-30,109.5742416381836,91.69905090332031,38.8028678894043,83.52658081054688,58.04408264160156,660.7061157226562,30.0,25.828506469726562,355.4700012207031,73.75,3.8450000286102295
2025-10-01,108.83563995361328,92.54244995117188,38.67424774169922,85.1513442993164,57.5679931640625,662.95751953125,30.149999618530273,25.876766204833984,356.0299987792969,73.13999938964844,3.8450000286102295
2025-10-02,108.1553726196289,90.52603149414062,38.456581115722656,85.62688446044922,57.431968688964844,663.7210693359375,30.559999465942383,25.751291275024414,354.7900085449219,71.54000091552734,3.8480000495910645
2025-10-03,110.06988525390625,91.28218841552734,39.248077392578125,86.05288696289062,59.30717849731445,663.7113037109375,31.31999969482422,25.741640090942383,357.6400146484375,71.70999908447266,3.8580000400543213
2025-10-06,110.9833984375,92.00927734375,39.89116287231445,87.68756103515625,60.677146911621094,666.0914916992188,31.1299991607666,25.809202194213867,364.3800048828125,72.87000274658203,3.859999895095825
2025-10-07,111.04171752929688,92.31949615478516,40.25722885131836,86.14205169677734,61.10466384887695,663.6219482421875,31.299999237060547,25.674076080322266,366.260009765625,73.19999694824219,3.8429999351501465
2025-10-08,110.8084716796875,90.88471984863281,42.39425277709961,87.57857513427734,60.453678131103516,667.5791625976562,31.3799991607666,25.712682723999023,372.29998779296875,73.52999877929688,3.8429999351501465
2025-10-09,109.72974395751953,89.13973236083984,42.849365234375,84.418212890625,59.569515228271484,665.6452026367188,31.670000076293945,25.56790542602539,365.42999267578125,72.51000213623047,3.8529999256134033
2025-10-10,107.61115264892578,84.96145629882812,40.445213317871094,84.34886932373047,59.11285400390625,647.6542358398438,30.270000457763672,25.40382194519043,369.1199951171875,69.38999938964844,3.8529999256134033
2025-10-13,109.07860565185547,86.06661987304688,42.32499694824219,88.56928253173828,59.89014434814453,657.5919189453125,31.59000015258789,25.490690231323242,378.0899963378906,70.27999877929688,3.8529999256134033
2025-10-14,109.12720489501953,85.47525787353516,41.523616790771484,89.69868469238281,60.094181060791016,656.78857421875,30.850000381469727,25.664424896240234,380.7900085449219,69.0,3.8529999256134033
2025-10-15,108.46635437011719,85.05839538574219,41.414390563964844,92.71044158935547,61.580753326416016,659.7044067382812,30.739999771118164,25.65477180480957,387.3900146484375,68.98999786376953,3.8580000400543213
2025-10-16,107.52367401123047,84.25377655029297,41.40446853637695,97.35686492919922,61.114383697509766,655.2116088867188,30.84000015258789,25.799551010131836,396.45001220703125,67.80999755859375,3.8529999256134033
2025-10-17,109.07860565185547,83.83692169189453,40.888153076171875,89.92655181884766,61.53217315673828,658.9308471679688,30.81999969482422,25.616165161132812,388.989990234375,67.9800033569336,3.8320000171661377
2025-10-20,109.5256576538086,84.39918518066406,41.8909912109375,94.00827026367188,61.396141052246094,665.7840576171875,31.229999542236328,25.838159561157227,403.1499938964844,67.83000183105469,3.7980000972747803
2025-10-21,109.5353775024414,83.76905059814453,41.01722717285156,85.51789855957031,59.96787643432617,665.7741088867188,30.540000915527344,25.89607048034668,377.239990234375,68.2699966430664,3.7850000858306885
2025-10-22,111.47904205322266,84.73849487304688,40.49098587036133,86.20149230957031,60.15248107910156,662.3128051757812,30.969999313354492,26.021543502807617,377.2799987792969,70.62999725341797,3.7880001068115234
2025-10-23,112.71326446533203,87.3268814086914,40.93779373168945,88.08384704589844,60.73544692993164,666.2402954101562,31.40999984741211,25.98293685913086,378.7900085449219,73.29000091552734,3.7880001068115234
2025-10-24,112.13988494873047,85.33953857421875,41.07680130004883,82.5953140258789,61.53217315673828,671.6851806640625,31.59000015258789,25.664424896240234,377.5199890136719,73.18000030517578,3.763000011444092
2025-10-27,112.67440032958984,85.9793701171875,40.8087158203125,77.89935302734375,60.18163299560547,679.6095581054688,31.899999618530273,25.374868392944336,367.010009765625,73.12000274658203,3.7179999351501465
2025-10-28,111.79002380371094,84.13743591308594,40.87821960449219,78.60276794433594,59.6278076171875,681.41455078125,31.989999771118164,25.249391555786133,364.3800048828125,71.38999938964844,3.7200000286102295
2025-10-29,113.17002868652344,85.38800811767578,41.8909912109375,78.92970275878906,58.801944732666016,681.7418823242188,32.20000076293945,25.40382194519043,363.0,71.80000305175781,3.7300000190734863
2025-10-30,111.45960235595703,85.44618225097656,41.43425369262695,81.545166015625,58.96711349487305,674.2440185546875,31.56999969482422,25.345911026000977,370.1300048828125,71.70999908447266,3.756999969482422
2025-10-31,111.13890075683594,86.14418029785156,41.40446853637695,80.21761322021484,58.81165313720703,676.4556274414062,31.530000686645508,25.452083587646484,368.1199951171875,72.55999755859375,3.7179999351501465
2025-11-03,110.55580139160156,85.863037109375,40.888153076171875,80.861572265625,58.38414764404297,677.72509765625,31.280000686645508,25.98293685913086,368.7799987792969,72.73999786376953,3.7829999923706055
2025-11-04,110.92508697509766,85.22321319580078,39.140625,78.1668472290039,58.41329574584961,669.691650390625,30.530000686645508,25.722335815429688,362.32000732421875,71.93000030517578,3.7929999828338623
2025-11-05,110.47805786132812,85.01961517333984,39.92502212524414,80.8714828491211,54.69202423095703,672.012451171875,30.8799991607666,25.625816345214844,366.510009765625,71.02999877929688,3.7880001068115234
2025-11-06,111.27494812011719,83.04198455810547,38.37608337402344,81.76312255859375,55.10982131958008,664.8021850585938,30.829999923706055,25.201133728027344,366.07000732421875,70.87999725341797,3.763000011444092
2025-11-07,113.91835021972656,84.17621612548828,39.52785873413086,82.61512756347656,55.36243438720703,665.4567260742188,30.670000076293945,25.288000106811523,368.30999755859375,71.26000213623047,3.756999969482422
2025-11-10,114.89018249511719,85.53343963623047,40.65978240966797,87.43987274169922,54.410255432128906,675.8406982421875,31.610000610351562,25.68372917175293,378.3800048828125,71.68000030517578,3.7829999923706055
2025-11-11,116.40623474121094,87.91824340820312,40.778926849365234,89.11416625976562,55.99398422241211,677.387939453125,31.34000015258789,25.616165161132812,379.8699951171875,72.72000122070312,3.7829999923706055
2025-11-12,114.79299926757812,86.3477554321289,41.51368713378906,92.2051773071289,56.110572814941406,677.7648315429688,31.5,25.481037139892578,385.989990234375,69.79000091552734,3.7780001163482666
2025-11-13,115.4441146850586,86.68705749511719,40.252689361572266,88.88630676269531,57.15991973876953,666.5180053710938,31.260000228881836,25.32660675048828,382.8699951171875,69.8499984741211,3.7929999828338623
2025-11-14,116.94403839111328,88.57746124267578,39.8753776550293,86.98416137695312,56.94615936279297,666.4088134765625,31.31999969482422,25.18182945251465,375.9599914550781,71.37999725341797,3.7880001068115234
2025-11-17,115.36568450927734,86.8064956665039,38.72359848022461,86.28074645996094,57.07247543334961,660.2003173828125,30.90999984741211,25.509994506835938,371.6499938964844,71.30000305175781,3.7720000743865967
2025-11-18,116.68914031982422,87.74579620361328,39.716514587402344,85.7953109741211,59.297462463378906,654.65625,30.799999237060547,25.481037139892578,374.3500061035156,72.5,3.7720000743865967
2025-11-19,115.04218292236328,86.08245849609375,40.9576530456543,86.69685363769531,57.05372619628906,657.185302734375,31.1299991607666,25.18182945251465,374.9599914550781,70.87999725341797,3.7720000743865967
2025-11-20,114.71866607666016,85.58346557617188,39.3491325378418,81.23804473876953,56.70099639892578,647.1683349609375,30.770000457763672,25.037050247192383,374.8500061035156,70.1500015258789,3.7750000953674316
2025-11-21,114.7774887084961,85.4856185913086,39.587432861328125,82.71420288085938,57.445640563964844,653.6148681640625,31.06999969482422,24.979137420654297,374.2699890136719,69.30000305175781,3.740000009536743
2025-11-24,113.68932342529297,85.67151641845703,40.500911712646484,85.7259521484375,57.465240478515625,663.2351684570312,31.110000610351562,24.786100387573242,380.20001220703125,70.41999816894531,3.7300000190734863
2025-11-25,112.25802612304688,84.75179290771484,40.778926849365234,85.46836853027344,58.4940299987793,669.4735717773438,31.18000030517578,24.950183868408203,380.0799865722656,69.25,3.7320001125335693
2025-11-26,112.51292419433594,85.21165466308594,41.85127639770508,89.93950653076172,59.32685470581055,674.09521484375,31.84000015258789,25.220436096191406,383.1199951171875,70.04000091552734,3.753000020980835
2025-11-28,113.64029693603516,86.77714538574219,42.675392150878906,90.14816284179688,59.513023376464844,677.7747192382812,32.279998779296875,25.500341415405273,387.8800048828125,71.06999969482422,3.697000026702881
2025-12-01,114.33634185791016,88.31327819824219,42.76475524902344,91.2411117553711,59.29746627807617,674.6803588867188,32.290000915527344,25.374868392944336,389.75,71.05999755859375,3.693000078201294
2025-12-02,113.11092376708984,87.36420440673828,42.665462493896484,89.89976501464844,59.09170913696289,675.9299926757812,32.13999938964844,25.490690231323242,387.239990234375,70.19999694824219,3.671999931335449
2025-12-03,115.48333740234375,89.82984924316406,44.21440505981445,89.0750961303711,58.59200668334961,678.2706298828125,33.029998779296875,25.461732864379883,386.8800048828125,70.66000366210938,3.634999990463257
2025-12-04,114.83631134033203,91.11160278320312,44.29383850097656,90.13822937011719,58.16089630126953,678.7664794921875,32.84000015258789,25.53894805908203,387.1300048828125,71.38999938964844,3.611999988555908
2025-12-05,114.24811553955078,91.66930389404297,44.879661560058594,89.18438720703125,57.81796646118164,680.0557861328125,33.349998474121094,25.596860885620117,386.44000244140625,71.91999816894531,3.6029999256134033
2025-12-08,113.6991195678711,90.87677001953125,44.68107604980469,88.42925262451172,56.76958084106445,678.0126953125,33.2400016784668,25.481037139892578,385.4200134277344,70.48999786376953,3.618000030517578
2025-12-09,115.92448425292969,91.41490936279297,44.48249435424805,93.48661804199219,56.89695739746094,677.4276123046875,32.650001525878906,25.481037139892578,387.3999938964844,69.86000061035156,3.631999969482422
2025-12-10,117.1891098022461,94.71222686767578,46.12080001831055,93.79463195800781,57.03413009643555,681.92041015625,33.06999969482422,25.56790542602539,389.04998779296875,70.54000091552734,3.5929999351501465
2025-12-11,117.1891098022461,94.62416076660156,47.76903533935547,98.78244018554688,58.70957946777344,683.5072021484375,33.61000061035156,25.712682723999023,393.239990234375,69.25,3.568000078201294
2025-12-12,116.4832763671875,93.47940063476562,47.04420852661133,97.5106430053711,58.797767639160156,676.1581420898438,32.83000183105469,25.596860885620117,395.44000244140625,68.80999755859375,3.5250000953674316
2025-12-15,115.44412231445312,92.3248519897461,47.1832160949707,99.05071258544922,58.98393249511719,675.1365966796875,33.150001525878906,25.423126220703125,395.79998779296875,67.88999938964844,3.5380001068115234
2025-12-16,112.42469024658203,88.8122787475586,47.20307922363281,97.4013442993164,56.808773040771484,673.2918701171875,32.88999938964844,25.336259841918945,395.8900146484375,66.16999816894531,3.5450000762939453
2025-12-17,115.10100555419922,92.91191101074219,47.4810905456543,98.81224060058594,57.37705993652344,665.8832397460938,33.22999954223633,25.288000106811523,399.2900085449219,67.9800033569336,3.5429999828338623
2025-12-18,114.24811553955078,90.24079895019531,47.58038330078125,98.70294952392578,57.12230682373047,670.9115600585938,33.2599983215332,25.2397403717041,398.57000732421875,67.19000244140625,3.5220000743865967
2025-12-19,114.3951644897461,89.95704650878906,48.801666259765625,100.64044952392578,57.06352615356445,676.9923095703125,33.599998474121094,25.288000106811523,399.0199890136719,68.02999877929688,3.5220000743865967
2025-12-22,115.82645416259766,91.29750061035156,50.281105041503906,104.2074203491211,56.681400299072266,681.2098999023438,33.72999954223633,25.440000534057617,408.2300109863281,69.7300033569336,3.5280001163482666
2025-12-23,117.07147216796875,90.73001098632812,51.53217697143555,104.57504272460938,56.309078216552734,684.3233032226562,34.150001525878906,25.479999542236328,413.6400146484375,70.30000305175781,3.546999931335449
2025-12-24,116.87540435791016,89.820068359375,51.552032470703125,104.05838012695312,56.612815856933594,686.7305297851562,34.20000076293945,25.649999618530273,411.92999267578125,70.19999694824219,3.555000066757202
2025-12-26,116.767578125,89.565673828125,52.66409683227539,105.10164642333984,56.74018859863281,686.660888671875,35.810001373291016,25.65999984741211,416.739990234375,68.4800033569336,3.5429999828338623
2025-12-29,118.1596450805664,90.63217163085938,51.115150451660156,99.16992950439453,57.04392623901367,684.2138671875,34.18000030517578,25.649999618530273,398.6000061035156,69.61000061035156,3.5380001068115234
2025-12-30,118.610595703125,92.07046508789062,51.04564666748047,101.206787109375,56.99493408203125,683.3783569335938,35.25,25.56999969482422,398.8900146484375,69.73999786376953,3.5399999618530273
2025-12-31,117.97337341308594,91.59103393554688,50.4300422668457,99.20967102050781,56.328670501708984,678.3152465820312,34.959999084472656,25.520000457763672,396.30999755859375,69.16000366210938,3.546999931335449
